RecordType,Survey,Quarter,Country,Ship,Gear,SweepLngt,GearEx,DoorType,StNo,HaulNo,Year,Month,Day,TimeShot,DepthStratum,HaulDur,DayNight,ShootLat,ShootLong,HaulLat,HaulLong,Depth,HaulVal,HydroStNo,StdSpecRecCode,BySpecRecCode,DataType,Netopening,Rigging,Tickler,Distance,Warplngt,Warpdia,WarpDen,DoorSurface,DoorWgt,DoorSpread,WingSpread,Buoyancy,KiteDim,WgtGroundRope,TowDir,GroundSpeed,SpeedWater,SurCurDir,SurCurSpeed,BotCurDir,BotCurSpeed,WindDir,WindSpeed,SwellDir,SwellHeight,SurTemp,BotTemp,SurSal,BotSal,ThermoCline,ThClineDepth,CodendMesh,SecchiDepth,Turbidity,TidePhase,TideSpeed,PelSampType,MinTrawlDepth,MaxTrawlDepth,SurveyIndexArea
HH,I5034 ,2,NL,64T2 ,MRN2,3774.892192,,,721905,2018NL002,2018,4,16,11,,13,d,52.25967,4.2555,,,18,,,,,R,2,,,961,,,,,,,,,,,,,,,,,,,,,,7.36,7.12,30.75,30.83,,,500,,,,,,,,
HH,I5034 ,2,NL,64T2 ,MRN2,3505.561995,,,721906,2018NL003,2018,4,16,11,,11,d,52.60233,4.285,,,24,,,,,R,2,,,1638,,,,,,,,,,,,,,,,,,,,,,7.2,7.19,33.06,32.97,,,500,,,,,,,,
HH,I5034 ,2,NL,64T2 ,MRN2,3744.294574,,,721907,2018NL004,2018,4,16,13,,12,d,52.76817,4.253,,,25,,,,,R,2,,,1472,,,,,,,,,,,,,,,,,,,,,,7.45,7.43,33.34,34.36,,,500,,,,,,,,
HH,I5034 ,2,NL,64T2 ,MRN2,3113.841326,,,721903,2018NL005,2018,4,16,15,,10,d,53.25217,4.2845,,,30,,,,,R,2,,,1229,,,,,,,,,,,,,,,,,,,,,,7.43,7.43,34.11,35.7,,,500,,,,,,,,
HH,I5034 ,2,NL,64T2 ,MRN2,4260.89622,,,721909,2018NL010,2018,4,16,19,,12,d,53.2685,4.7255,,,27,,,,,R,2,,,1523,,,,,,,,,,,,,,,,,,,,,,7.01,6.98,32.89,32.91,,,500,,,,,,,,
HH,I5034 ,2,NL,64T2 ,MRN2,5430.009862,,,721910,2018NL011,2018,4,16,19,,16,d,53.7245,4.83417,,,38,,,,,R,2,,,1824,,,,,,,,,,,,,,,,,,,,,,7.82,7.82,33.57,33.63,,,500,,,,,,,,
HH,I5034 ,2,NL,64T2 ,MRN2,3125.226486,,,721911,2018NL012,2018,4,16,22,,10,n,53.75133,5.26933,,,34,,,,,R,2,,,918,,,,,,,,,,,,,,,,,,,,,,8.02,8.02,32.98,31.55,,,500,,,,,,,,
HH,I5034 ,2,NL,64T2 ,MRN2,3307.38905,,,721912,2018NL013,2018,4,17,23,,10,n,53.74317,5.74317,,,29,,,,,R,2,,,694,,,,,,,,,,,,,,,,,,,,,,5.84,5.86,32.26,31.95,,,500,,,,,,,,
HH,I5034 ,2,NL,64T2 ,MRN2,3148.708379,,,721913,2018NL014,2018,4,17,0,,10,n,53.751,6.23983,,,26,,,,,R,2,,,583,,,,,,,,,,,,,,,,,,,,,,5.26,5.26,32.38,32.17,,,500,,,,,,,,
HH,I5034 ,2,NL,64T2 ,MRN2,3032.722059,,,721914,2018NL015,2018,4,17,2,,10,n,53.77233,6.7345,,,18,,,,,R,2,,,516,,,,,,,,,,,,,,,,,,,,,,5.28,5.27,32.09,32.08,,,500,,,,,,,,
HH,I5034 ,2,NL,64T2 ,MRN2,3648.232285,,,721915,2018NL016,2018,4,17,4,,12,n,53.85767,7.22417,,,25,,,,,R,2,,,767,,,,,,,,,,,,,,,,,,,,,,4.9,4.9,32.36,32.51,,,500,,,,,,,,
HH,I5034 ,2,NL,64T2 ,MRN2,4932.620674,,,721916,2018NL017,2018,4,17,6,,10,n,54.22283,7.72583,,,39,,,,,R,2,,,867,,,,,,,,,,,,,,,,,,,,,,5.01,4.92,33.65,34.56,,,500,,,,,,,,
HH,I5034 ,2,NL,64T2 ,MRN2,5185.94049,,,721918,2018NL019,2018,4,17,11,,11,d,55.25417,7.72167,,,24,,,,,R,2,,,2778,,,,,,,,,,,,,,,,,,,,,,4.9,4.77,32.9,32.62,,,500,,,,,,,,
HH,I5034 ,2,NL,64T2 ,MRN2,6192.459812,,,721919,2018NL020,2018,4,17,13,,13,d,55.75683,7.26833,,,28,,,,,R,2,,,1514,,,,,,,,,,,,,,,,,,,,,,5.63,5.62,32.5,32.47,,,500,,,,,,,,
HH,I5034 ,2,NL,64T2 ,MRN2,5578.372732,,,721920,2018NL021,2018,4,17,16,,11,d,55.87617,7.52183,,,21,,,,,R,2,,,1318,,,,,,,,,,,,,,,,,,,,,,4.46,4.4,33.48,33.24,,,500,,,,,,,,
HH,I5034 ,2,NL,64T2 ,MRN2,4080.512588,,,721921,2018NL022,2018,4,17,17,,12,d,56.24267,7.70667,,,29,,,,,R,2,,,1321,,,,,,,,,,,,,,,,,,,,,,4.45,4.44,33.32,33.37,,,500,,,,,,,,
HH,I5034 ,2,NL,64T2 ,MRN2,3794.816223,,,721922,2018NL023,2018,4,17,18,,11,d,56.25133,7.25333,,,32,,,,,R,2,,,1100,,,,,,,,,,,,,,,,,,,,,,4.86,4.86,34.87,33.43,,,500,,,,,,,,
HH,I5034 ,2,NL,64T2 ,MRN2,4625.577134,,,721923,2018NL024,2018,4,17,20,,11,d,56.25083,6.74317,,,39,,,,,R,2,,,3518,,,,,,,,,,,,,,,,,,,,,,4.46,4.42,33.61,33.29,,,500,,,,,,,,
HH,I5034 ,2,NL,64T2 ,MRN2,4126.409015,,,721924,2018NL025,2018,4,17,21,,13,n,56.25117,6.222,,,43,,,,,R,2,,,1191,,,,,,,,,,,,,,,,,,,,,,4.95,4.93,35,34.89,,,500,,,,,,,,
HH,I5034 ,2,NL,64T2 ,MRN2,4496.070936,,,721925,2018NL026,2018,4,18,2,,16,n,56.25083,5.74017,,,53,,,,,R,2,,,1256,,,,,,,,,,,,,,,,,,,,,,4.98,4.99,35.41,35.25,,,500,,,,,,,,
HH,I5034 ,2,NL,64T2 ,MRN2,3435.472103,,,721926,2018NL027,2018,4,18,2,,11,n,56.24233,5.2835,,,56,,,,,R,2,,,2960,,,,,,,,,,,,,,,,,,,,,,5.13,5.19,37.92,35.32,,,500,,,,,,,,
HH,I5034 ,2,NL,64T2 ,MRN2,4370.122601,,,721928,2018NL029,2018,4,18,7,,13,d,55.7525,5.73333,,,51,,,,,R,2,,,1519,,,,,,,,,,,,,,,,,,,,,,4.98,4.99,34.74,34.74,,,500,,,,,,,,
HH,I5034 ,2,NL,64T2 ,MRN2,3394.912469,,,721929,2018NL030,2018,4,18,8,,11,d,55.7515,6.23933,,,46,,,,,R,2,,,1210,,,,,,,,,,,,,,,,,,,,,,5.33,5.35,37.11,35.04,,,500,,,,,,,,
HH,I5034 ,2,NL,64T2 ,MRN2,3547.188988,,,721930,2018NL031,2018,4,18,9,,11,d,55.736,6.7535,,,37,,,,,R,2,,,1262,,,,,,,,,,,,,,,,,,,,,,5.06,5.07,34.56,34.47,,,500,,,,,,,,
HH,I5034 ,2,NL,64T2 ,MRN2,3394.556683,,,721957,2018NL032,2018,4,18,10,,11,d,55.3415,7.042,,,31,,,,,R,2,,,1028,,,,,,,,,,,,,,,,,,,,,,5.52,5.45,31.67,35.35,,,500,,,,,,,,
HH,I5034 ,2,NL,64T2 ,MRN2,2363.488109,,,721932,2018NL033,2018,4,18,12,,10,d,55.25917,6.57217,,,42,,,,,R,2,,,2405,,,,,,,,,,,,,,,,,,,,,,5.5,5.23,34.63,34.86,,,500,,,,,,,,
HH,I5034 ,2,NL,64T2 ,MRN2,4175.151732,,,721933,2018NL034,2018,4,18,14,,14,d,55.25183,6.2225,,,49,,,,,R,2,,,2919,,,,,,,,,,,,,,,,,,,,,,6.2,6.39,32.71,34.95,,,500,,,,,,,,
HH,I5034 ,2,NL,64T2 ,MRN2,3946.736955,,,721934,2018NL035,2018,4,18,15,,14,d,55.2415,5.71733,,,47,,,,,R,2,,,1392,,,,,,,,,,,,,,,,,,,,,,6.02,5.81,36.8,35,,,500,,,,,,,,
HH,I5034 ,2,NL,64T2 ,MRN2,3980.892436,,,721935,2018NL036,2018,4,18,16,,11,d,55.24133,5.22533,,,42,,,,,R,2,,,1304,,,,,,,,,,,,,,,,,,,,,,5.99,5.98,34.83,34.67,,,500,,,,,,,,
HH,I5034 ,2,NL,64T2 ,MRN2,5281.291207,,,721936,2018NL037,2018,4,18,18,,16,d,54.8345,4.86883,,,44,,,,,R,2,,,1929,,,,,,,,,,,,,,,,,,,,,,6.57,6.58,35.23,34.32,,,500,,,,,,,,
HH,I5034 ,2,NL,64T2 ,MRN2,4286.868617,,,721937,2018NL038,2018,4,18,20,,12,d,54.74267,5.27433,,,45,,,,,R,2,,,1665,,,,,,,,,,,,,,,,,,,,,,6.89,6.97,34.6,33.71,,,500,,,,,,,,
HH,I5034 ,2,NL,64T2 ,MRN2,3572.449812,,,721938,2018NL039,2018,4,18,21,,10,n,54.7505,5.76983,,,44,,,,,R,2,,,1297,,,,,,,,,,,,,,,,,,,,,,6.6,5.97,34.24,34.26,,,500,,,,,,,,
HH,I5034 ,2,NL,64T2 ,MRN2,2971.526823,,,721939,2018NL040,2018,4,19,23,,10,n,54.75033,6.27233,,,41,,,,,R,2,,,961,,,,,,,,,,,,,,,,,,,,,,6.55,5.81,34.35,34.46,,,500,,,,,,,,
HH,I5034 ,2,NL,64T2 ,MRN2,3801.576162,,,721940,2018NL041,2018,4,19,0,,12,n,54.74183,6.71883,,,42,,,,,R,2,,,1023,,,,,,,,,,,,,,,,,,,,,,5.83,5.85,35.13,34.66,,,500,,,,,,,,
HH,I5034 ,2,NL,64T2 ,MRN2,4306.792647,,,721941,2018NL042,2018,4,19,2,,14,n,54.67217,7.0345,,,34,,,,,R,2,,,1051,,,,,,,,,,,,,,,,,,,,,,4.87,4.88,34.87,34.5,,,500,,,,,,,,
HH,I5034 ,2,NL,64T2 ,MRN2,4684.281867,,,721942,2018NL043,2018,4,19,3,,14,n,54.34233,7.13717,,,41,,,,,R,2,,,1789,,,,,,,,,,,,,,,,,,,,,,6.1,6.38,33.71,33.23,,,500,,,,,,,,
HH,I5034 ,2,NL,64T2 ,MRN2,6077.540851,,,721943,2018NL044,2018,4,19,4,,17,n,54.243,6.70533,,,37,,,,,R,2,,,2348,,,,,,,,,,,,,,,,,,,,,,6.12,6.31,33.84,33.53,,,500,,,,,,,,
HH,I5034 ,2,NL,64T2 ,MRN2,6352.919414,,,721944,2018NL045,2018,4,19,6,,17,n,54.23417,6.23833,,,38,,,,,R,2,,,3465,,,,,,,,,,,,,,,,,,,,,,6.62,6.53,33.88,33.39,,,500,,,,,,,,
HH,I5034 ,2,NL,64T2 ,MRN2,3110.283463,,,721945,2018NL050,2018,4,19,9,,10,d,54.22417,5.7085,,,40,,,,,R,2,,,700,,,,,,,,,,,,,,,,,,,,,,7.38,7.22,32.25,32.66,,,500,,,,,,,,
HH,I5034 ,2,NL,64T2 ,MRN2,3500.580988,,,721946,2018NL051,2018,4,19,10,,10,d,54.24333,5.25767,,,43,,,,,R,2,,,1052,,,,,,,,,,,,,,,,,,,,,,7.37,7.23,33.66,33.25,,,500,,,,,,,,
HH,I5034 ,2,NL,64T2 ,MRN2,3122.02441,,,721947,2018NL052,2018,4,19,12,,10,d,54.24217,4.708,,,47,,,,,R,2,,,1102,,,,,,,,,,,,,,,,,,,,,,7.05,6.73,18.89,33.68,,,500,,,,,,,,
HH,I5034 ,2,NL,64T2 ,MRN2,3508.764072,,,721948,2018NL053,2018,4,19,13,,10,d,54.24033,4.22433,,,50,,,,,R,2,,,4395,,,,,,,,,,,,,,,,,,,,,,7.15,6.77,36.16,35.12,,,500,,,,,,,,
HH,I5034 ,2,NL,64T2 ,MRN2,3433.337385,,,721949,2018NL054,2018,4,19,14,,10,d,54.15583,3.84317,,,46,,,,,R,2,,,1194,,,,,,,,,,,,,,,,,,,,,,6.46,6.16,36.19,35.02,,,500,,,,,,,,
HH,I5034 ,2,NL,64T2 ,MRN2,3978.046145,,,721950,2018NL055,2018,4,19,16,,12,d,53.8245,3.85017,,,40,,,,,R,2,,,1134,,,,,,,,,,,,,,,,,,,,,,7.47,7.11,35.73,36.4,,,500,,,,,,,,
HH,I5034 ,2,NL,64T2 ,MRN2,4544.813654,,,721951,2018NL056,2018,4,19,17,,14,d,53.652,4.15017,,,40,,,,,R,2,,,3022,,,,,,,,,,,,,,,,,,,,,,7.61,7.41,35.5,34.61,,,500,,,,,,,,
HH,I5034 ,2,NL,64T2 ,MRN2,3635.779766,,,721952,2018NL057,2018,4,19,18,,11,d,53.32633,3.83533,,,28,,,,,R,2,,,911,,,,,,,,,,,,,,,,,,,,,,7.38,7.38,35.31,35.15,,,500,,,,,,,,
HH,I5034 ,2,NL,64T2 ,MRN2,3712.985384,,,721953,2018NL058,2018,4,19,20,,11,d,53.23367,3.37,,,26,,,,,R,2,,,1486,,,,,,,,,,,,,,,,,,,,,,6.7,6.72,33.11,34.91,,,500,,,,,,,,
HH,I5034 ,2,NL,64T2 ,MRN2,4375.459395,,,721954,2018NL059,2018,4,19,22,,13,n,52.81,3.35667,,,42,,,,,R,2,,,1580,,,,,,,,,,,,,,,,,,,,,,8.29,8.26,37.1,36.12,,,500,,,,,,,,
HH,I5034 ,2,NL,64T2 ,MRN2,4184.757961,,,721955,2018NL060,2018,4,20,0,,12,n,52.65133,3.693,,,29,,,,,R,2,,,1589,,,,,,,,,,,,,,,,,,,,,,7.91,7.9,35.13,35.2,,,500,,,,,,,,
HH,I5034 ,2,NL,64T2 ,MRN2,3510.543003,,,721956,2018NL061,2018,4,20,1,,11,n,52.3265,3.722,,,29,,,,,R,2,,,1011,,,,,,,,,,,,,,,,,,,,,,8.04,7.94,35.96,35.26,,,500,,,,,,,,
HH,I5034 ,2,NL,64T2 ,MRN2,3395.268256,,,721908,2018NL062,2018,4,20,3,,11,n,52.26817,3.39167,,,34,,,,,R,2,,,5142,,,,,,,,,,,,,,,,,,,,,,7.95,7.95,35.01,34.88,,,500,,,,,,,,
HH,I5034 ,2,NL,64T2 ,MRN2,3771.453071,,,748720,2019NL001,2019,4,15,9,,12,d,52.27417,4.25267,,,20,,,,,R,2,,,1550,,,,,,,,,,,,,,,,,,,,,,8.63,8.61,30.91,31.06,,,500,,,,,,,,
HH,I5034 ,2,NL,64T2 ,MRN2,4731.277084,,,748721,2019NL002,2019,4,15,12,,15,d,52.767,4.25183,,,26,,,,,R,2,,,2006,,,,,,,,,,,,,,,,,,,,,,8.51,8.52,33.55,33.72,,,500,,,,,,,,
HH,I5034 ,2,NL,64T2 ,MRN2,3424.143257,,,748722,2019NL003,2019,4,15,14,,12,d,53.15233,4.425,,,30,,,,,R,2,,,1238,,,,,,,,,,,,,,,,,,,,,,8.86,8.42,32,33.25,,,500,,,,,,,,
HH,I5034 ,2,NL,64T2 ,MRN2,2397.632676,,,748789,2019NL004,2019,4,15,15,,,d,53.335,4.60533,,,27,,,,,R,2,,,859,,,,,,,,,,,,,,,,,,,,,,8.62,8.43,33.2,33.3,,,500,,,,,,,,
HH,I5034 ,2,NL,64T2 ,MRN2,2339.811952,,,748719,2019NL005,2019,4,15,17,,11,d,53.652,4.87283,,,31,,,,,R,2,,,752,,,,,,,,,,,,,,,,,,,,,,8,7.88,34.34,34.36,,,500,,,,,,,,
HH,I5034 ,2,NL,64T2 ,MRN2,3270.340132,,,748725,2019NL006,2019,4,15,18,,10,d,53.75167,5.25517,,,33,,,,,R,2,,,936,,,,,,,,,,,,,,,,,,,,,,8.38,8.06,33.85,34.28,,,500,,,,,,,,
HH,I5034 ,2,NL,64T2 ,MRN2,3900.971492,,,748726,2019NL007,2019,4,15,20,,12,d,53.741,5.74,,,28,,,,,R,2,,,991,,,,,,,,,,,,,,,,,,,,,,8.35,8.13,33.83,34.36,,,500,,,,,,,,
HH,I5034 ,2,NL,64T2 ,MRN2,3537.857347,,,748727,2019NL008,2019,4,15,22,,11,n,53.72017,6.30867,,,25,,,,,R,2,,,694,,,,,,,,,,,,,,,,,,,,,,8.15,8.15,32.75,33.03,,,500,,,,,,,,
HH,I5034 ,2,NL,64T2 ,MRN2,3583.728455,,,748729,2019NL010,2019,4,16,2,,12,n,53.8535,7.25033,,,25,,,,,R,2,,,845,,,,,,,,,,,,,,,,,,,,,,7.36,7.6,32.32,33.23,,,500,,,,,,,,
HH,I5034 ,2,NL,64T2 ,MRN2,3354.758389,,,748730,2019NL011,2019,4,16,5,,12,n,54.25083,7.64133,,,41,,,,,R,2,,,733,,,,,,,,,,,,,,,,,,,,,,7.19,7.21,32.7,33.69,,,500,,,,,,,,
HH,I5034 ,2,NL,64T2 ,MRN2,3193.245834,,,748735,2019NL016,2019,4,16,9,,11,d,54.70983,7.5085,,,24,,,,,R,2,,,1172,,,,,,,,,,,,,,,,,,,,,,7.17,7.09,30.76,32.28,,,500,,,,,,,,
HH,I5034 ,2,NL,64T2 ,MRN2,3275.351261,,,748738,2019NL019,2019,4,16,14,,11,d,55.752,7.23367,,,30,,,,,R,2,,,1030,,,,,,,,,,,,,,,,,,,,,,7.54,7.28,33.06,33.83,,,500,,,,,,,,
HH,I5034 ,2,NL,64T2 ,MRN2,3873.217544,,,748741,2019NL022,2019,4,16,19,,13,d,55.68833,5.7425,,,51,,,,,R,2,,,1053,,,,,,,,,,,,,,,,,,,,,,7.04,6.9,34.71,34.74,,,500,,,,,,,,
HH,I5034 ,2,NL,64T2 ,MRN2,3670.074069,,,748742,2019NL023,2019,4,16,20,,12,d,55.5675,5.30683,,,49,,,,,R,2,,,1102,,,,,,,,,,,,,,,,,,,,,,7.09,7.06,34.77,34.79,,,500,,,,,,,,
HH,I5034 ,2,NL,64T2 ,MRN2,3793.810417,,,748743,2019NL024,2019,4,16,22,,10,n,55.32133,4.92317,,,49,,,,,R,2,,,1041,,,,,,,,,,,,,,,,,,,,,,7.2,7.21,34.76,34.76,,,500,,,,,,,,
HH,I5034 ,2,NL,64T2 ,MRN2,3623.046547,,,748745,2019NL026,2019,4,17,0,,10,n,55.251,5.7535,,,47,,,,,R,2,,,988,,,,,,,,,,,,,,,,,,,,,,7.07,7.07,34.71,34.71,,,500,,,,,,,,
HH,I5034 ,2,NL,64T2 ,MRN2,4184.293038,,,748750,2019NL031,2019,4,17,9,,12,d,54.33333,7.1405,,,42,,,,,R,2,,,1209,,,,,,,,,,,,,,,,,,,,,,7.6,7.28,33.08,34.49,,,500,,,,,,,,
HH,I5034 ,2,NL,64T2 ,MRN2,3802.29079,,,748752,2019NL033,2019,4,17,12,,10,d,54.65967,6.64167,,,40,,,,,R,2,,,1343,,,,,,,,,,,,,,,,,,,,,,7.66,7.19,33.55,34.56,,,500,,,,,,,,
HH,I5034 ,2,NL,64T2 ,MRN2,4416.732347,,,748753,2019NL034,2019,4,17,13,,12,d,54.6545,6.31933,,,41,,,,,R,2,,,1475,,,,,,,,,,,,,,,,,,,,,,7.85,7.19,33.99,34.58,,,500,,,,,,,,
HH,I5034 ,2,NL,64T2 ,MRN2,4844.220231,,,748754,2019NL035,2019,4,17,15,,15,d,54.27083,6.067,,,40,,,,,R,2,,,1423,,,,,,,,,,,,,,,,,,,,,,7.72,7.7,34.57,34.58,,,500,,,,,,,,
HH,I5034 ,2,NL,64T2 ,MRN2,4313.811459,,,748755,2019NL036,2019,4,17,16,,14,d,54.272,5.67133,,,41,,,,,R,2,,,1110,,,,,,,,,,,,,,,,,,,,,,7.47,7.34,34.41,34.39,,,500,,,,,,,,
HH,I5034 ,2,NL,64T2 ,MRN2,3376.344792,,,748757,2019NL038,2019,4,17,19,,11,d,54.606,5.30667,,,45,,,,,R,2,,,933,,,,,,,,,,,,,,,,,,,,,,7.37,7.34,34.7,34.67,,,500,,,,,,,,
HH,I5034 ,2,NL,64T2 ,MRN2,3179.754332,,,748758,2019NL039,2019,4,17,21,,10,n,54.33483,5.15117,,,45,,,,,R,2,,,978,,,,,,,,,,,,,,,,,,,,,,7.35,7.28,34.58,34.53,,,500,,,,,,,,
HH,I5034 ,2,NL,64T2 ,MRN2,3240.273356,,,748762,2019NL043,2019,4,18,2,,10,n,54.34317,4.15933,,,50,,,,,R,2,,,1018,,,,,,,,,,,,,,,,,,,,,,7.46,7.42,34.65,34.64,,,500,,,,,,,,
HH,I5034 ,2,NL,64T2 ,MRN2,4287.599398,,,748768,2019NL048,2019,4,18,10,,11,d,53.64317,4.15083,,,39,,,,,R,2,,,1438,,,,,,,,,,,,,,,,,,,,,,8.03,7.88,34.41,34.45,,,500,,,,,,,,
HH,I5034 ,2,NL,64T2 ,MRN2,3941.445998,,,748769,2019NL049,2019,4,18,11,,12,d,53.3265,3.7915,,,27,,,,,R,2,,,1500,,,,,,,,,,,,,,,,,,,,,,8.83,8.47,34.11,34.45,,,500,,,,,,,,
HH,I5034 ,2,NL,64T2 ,MRN2,3513.958115,,,748770,2019NL050,2019,4,18,13,,10,d,53.25467,3.238,,,26,,,,,R,2,,,1064,,,,,,,,,,,,,,,,,,,,,,8.75,8.69,34.97,34.91,,,500,,,,,,,,
HH,I5034 ,2,NL,64T2 ,MRN2,3466.545121,,,748771,2019NL051,2019,4,18,14,,11,d,53.1705,2.92483,,,35,,,,,R,2,,,590,,,,,,,,,,,,,,,,,,,,,,9.04,8.99,35.18,35.03,,,500,,,,,,,,
HH,I5034 ,2,NL,64T2 ,MRN2,4840.365516,,,748772,2019NL052,2019,4,18,16,,14,d,52.83533,2.918,,,39,,,,,R,2,,,1179,,,,,,,,,,,,,,,,,,,,,,8.9,8.91,34.92,34.9,,,500,,,,,,,,
HH,I5034 ,2,NL,64T2 ,MRN2,4063.25499,,,748773,2019NL053,2019,4,18,17,,13,d,52.75017,3.254,,,33,,,,,R,2,,,1147,,,,,,,,,,,,,,,,,,,,,,9.32,9.3,35.71,35.1,,,500,,,,,,,,
HH,I5034 ,2,NL,64T2 ,MRN2,3547.108663,,,748775,2019NL055,2019,4,18,20,,11,d,52.31983,3.60333,,,32,,,,,R,2,,,1468,,,,,,,,,,,,,,,,,,,,,,9.41,9.3,35.29,34.89,,,500,,,,,,,,
HH,I5034 ,2,NL,64T2 ,MRN2,4535.072095,,,748776,2019NL056,2019,4,18,22,,13,n,52.24233,3.20867,,,37,,,,,R,2,,,1553,,,,,,,,,,,,,,,,,,,,,,9.34,9.34,34.97,34.96,,,500,,,,,,,,
HH,I5034 ,2,NL,64T2 ,MRN2,5614.392271,,,748777,2019NL057,2019,4,18,23,,17,n,52.23833,2.77267,,,46,,,,,R,2,,,1433,,,,,,,,,,,,,,,,,,,,,,9.42,9.41,35.16,35.07,,,500,,,,,,,,
HH,I5034 ,2,NL,64T2 ,MRN2,3106.129277,,,748778,2019NL058,2019,4,19,0,,10,n,52.10917,2.56833,,,44,,,,,R,2,,,367,,,,,,,,,,,,,,,,,,,,,,9.34,9.32,35.09,34.99,,,500,,,,,,,,
HH,I5034 ,2,NL,64T2 ,MRN2,3363.238761,,,748779,2019NL059,2019,4,19,2,,12,n,51.85317,2.384,,,44,,,,,R,2,,,0,,,,,,,,,,,,,,,,,,,,,,9.5,9.5,35.11,35.03,,,500,,,,,,,,
HH,I5034 ,2,NL,64T2 ,MRN2,2916.091832,,,748780,2019NL060,2019,4,19,4,,10,n,51.70267,2.8855,,,36,,,,,R,2,,,860,,,,,,,,,,,,,,,,,,,,,,9.81,9.81,34.47,34.44,,,500,,,,,,,,
HH,I5034 ,2,NL,64T2 ,MRN2,4069.422534,,,748781,2019NL061,2019,4,19,5,,13,n,51.68633,3.18683,,,32,,,,,R,2,,,1001,,,,,,,,,,,,,,,,,,,,,,9.76,9.69,33.46,33.49,,,500,,,,,,,,
HH,I5034 ,2,NL,64T2 ,MRN2,3046.381196,,,748782,2019NL062,2019,4,19,7,,10,d,51.82,3.60367,,,27,,,,,R,2,,,460,,,,,,,,,,,,,,,,,,,,,,9.43,9.45,33.07,32.92,,,500,,,,,,,,
HH,I5034 ,2,NL,64T2 ,MRN2 ,3880.342927,,,10033370,2021NL5400121,2021,4,19,10,,12,d,52.25517,4.25733,,,19,  ,,,,R,2,,,1148,,,,,,,,,,,,,,,,,,,,,,7.65,7.65,31.12,31.23,,,500,,,,,,,,
HH,I5034 ,2,NL,64T2 ,MRN2 ,3539.527724,,,10033371,2021NL5400122,2021,4,19,12,,12,d,52.7535,4.23767,,,24,  ,,,,R,2,,,796,,,,,,,,,,,,,,,,,,,,,,7.92,7.81,34.84,34.85,,,500,,,,,,,,
HH,I5034 ,2,NL,64T2 ,MRN2 ,3531.911741,,,10033372,2021NL5400123,2021,4,19,15,,11,d,53.13683,4.44267,,,29,  ,,,,R,2,,,783,,,,,,,,,,,,,,,,,,,,,,7.79,7.6,33.69,34.03,,,500,,,,,,,,
HH,I5034 ,2,NL,64T2 ,MRN2 ,3095.135163,,,10033373,2021NL5400124,2021,4,19,16,,11,d,53.33633,4.60417,,,26,  ,,,,R,2,,,803,,,,,,,,,,,,,,,,,,,,,,7.71,7.67,33.99,34.01,,,500,,,,,,,,
HH,I5034 ,2,NL,64T2 ,MRN2 ,4416.127274,,,10033369,2021NL5400125,2021,4,19,18,,15,d,53.667,4.838,,,32,  ,,,,R,2,,,1086,,,,,,,,,,,,,,,,,,,,,,7.33,6.67,34.33,34.28,,,500,,,,,,,,
HH,I5034 ,2,NL,64T2 ,MRN2 ,3389.492874,,,10033374,2021NL5400126,2021,4,19,19,,12,d,53.75167,5.242,,,33,  ,,,,R,2,,,896,,,,,,,,,,,,,,,,,,,,,,7.38,7.35,34.43,34.4,,,500,,,,,,,,
HH,I5034 ,2,NL,64T2 ,MRN2 ,3402.820843,,,10033375,2021NL5400127,2021,4,19,21,,12,n,53.76833,5.735,,,29,  ,,,,R,2,,,887,,,,,,,,,,,,,,,,,,,,,,7.37,7.31,34.11,34.16,,,500,,,,,,,,
HH,I5034 ,2,NL,64T2 ,MRN2 ,4130.908741,,,10033376,2021NL5400128,2021,4,19,23,,13,n,53.75067,6.318,,,25,  ,,,,R,2,,,940,,,,,,,,,,,,,,,,,,,,,,7.3,6.93,31.66,32.19,,,500,,,,,,,,
HH,I5034 ,2,NL,64T2 ,MRN2 ,3623.303528,,,10033377,2021NL5400129,2021,4,20,0,,12,n,53.8185,6.72083,,,22,  ,,,,R,2,,,860,,,,,,,,,,,,,,,,,,,,,,7.09,7,31.48,31.67,,,500,,,,,,,,
HH,I5034 ,2,NL,64T2 ,MRN2 ,3320.568236,,,10033378,2021NL5400130,2021,4,20,2,,11,n,53.88767,7.22133,,,25,  ,,,,R,2,,,810,,,,,,,,,,,,,,,,,,,,,,6.89,6.77,31.18,31.39,,,500,,,,,,,,
HH,I5034 ,2,NL,64T2 ,MRN2 ,3334.277003,,,10033379,2021NL5400131,2021,4,20,4,,11,n,54.2575,7.61683,,,40,  ,,,,R,2,,,801,,,,,,,,,,,,,,,,,,,,,,7.52,5.43,31.19,32.83,,,500,,,,,,,,
HH,I5034 ,2,NL,64T2 ,MRN2 ,3979.350695,,,10033381,2021NL5400133,2021,4,20,9,,13,d,55.25533,7.62333,,,25,  ,,,,R,2,,,919,,,,,,,,,,,,,,,,,,,,,,7.43,6.23,31.61,32.97,,,500,,,,,,,,
HH,I5034 ,2,NL,64T2 ,MRN2 ,3234.126838,,,10033382,2021NL5400134,2021,4,20,11,,11,d,55.67467,7.42533,,,19,  ,,,,R,2,,,781,,,,,,,,,,,,,,,,,,,,,,6.57,6.52,33.05,33.03,,,500,,,,,,,,
HH,I5034 ,2,NL,64T2 ,MRN2 ,3005.647372,,,10033383,2021NL5400135,2021,4,20,12,,10,d,55.75217,7.22433,,,31,  ,,,,R,2,,,743,,,,,,,,,,,,,,,,,,,,,,6.08,5.85,33.53,33.67,,,500,,,,,,,,
HH,I5034 ,2,NL,64T2 ,MRN2 ,3844.167011,,,10033384,2021NL5400136,2021,4,20,13,,13,d,55.75133,6.75167,,,37,  ,,,,R,2,,,967,,,,,,,,,,,,,,,,,,,,,,6.9,5.71,34.15,34.46,,,500,,,,,,,,
HH,I5034 ,2,NL,64T2 ,MRN2 ,2929.106751,,,10033385,2021NL5400137,2021,4,20,15,,10,d,55.74267,6.2335,,,46,  ,,,,R,2,,,769,,,,,,,,,,,,,,,,,,,,,,6.87,5.64,34.74,34.69,,,500,,,,,,,,
HH,I5034 ,2,NL,64T2 ,MRN2 ,3303.051477,,,10033386,2021NL5400138,2021,4,20,16,,11,d,55.68867,5.75383,,,51,  ,,,,R,2,,,820,,,,,,,,,,,,,,,,,,,,,,7.4,5.84,34.51,34.62,,,500,,,,,,,,
HH,I5034 ,2,NL,64T2 ,MRN2 ,4483.528716,,,10033387,2021NL5400139,2021,4,20,18,,14,d,55.5595,5.322,,,49,  ,,,,R,2,,,1011,,,,,,,,,,,,,,,,,,,,,,6.86,5.83,34.31,34.6,,,500,,,,,,,,
HH,I5034 ,2,NL,64T2 ,MRN2 ,3066.19443,,,10033388,2021NL5400140,2021,4,20,19,,10,d,55.341,4.97533,,,49,  ,,,,R,2,,,769,,,,,,,,,,,,,,,,,,,,,,7.29,5.89,34.65,34.54,,,500,,,,,,,,
HH,I5034 ,2,NL,64T2 ,MRN2 ,2925.679559,,,10033389,2021NL5400141,2021,4,20,20,,10,d,55.25933,5.22017,,,42,  ,,,,R,2,,,750,,,,,,,,,,,,,,,,,,,,,,6.86,6.08,34.55,34.5,,,500,,,,,,,,
HH,I5034 ,2,NL,64T2 ,MRN2 ,3681.184992,,,10033390,2021NL5400143,2021,4,20,23,,11,n,55.23933,6.2545,,,48,  ,,,,R,2,,,836,,,,,,,,,,,,,,,,,,,,,,6.67,5.82,34.12,34.39,,,500,,,,,,,,
HH,I5034 ,2,NL,64T2 ,MRN2 ,3430.999977,,,10033391,2021NL5400144,2021,4,21,1,,10,n,55.05833,6.805,,,38,  ,,,,R,2,,,769,,,,,,,,,,,,,,,,,,,,,,6.8,6,33.97,34.14,,,500,,,,,,,,
HH,I5034 ,2,NL,64T2 ,MRN2 ,3926.419619,,,10033392,2021NL5400145,2021,4,21,2,,12,n,54.991,7.19067,,,31,  ,,,,R,2,,,909,,,,,,,,,,,,,,,,,,,,,,6.4,6.04,33.47,33.66,,,500,,,,,,,,
HH,I5034 ,2,NL,64T2 ,MRN2 ,3984.681883,,,10033393,2021NL5400146,2021,4,21,3,,12,n,54.74033,7.15017,,,30,  ,,,,R,2,,,878,,,,,,,,,,,,,,,,,,,,,,6.82,5.78,32.1,33.06,,,500,,,,,,,,
HH,I5034 ,2,NL,64T2 ,MRN2 ,3835.027833,,,10033394,2021NL5400147,2021,4,21,5,,14,n,54.33383,7.13967,,,41,  ,,,,R,2,,,990,,,,,,,,,,,,,,,,,,,,,,7.78,5.87,33.2,33.47,,,500,,,,,,,,
HH,I5034 ,2,NL,64T2 ,MRN2 ,3985.82428,,,10033395,2021NL5400148,2021,4,21,6,,13,d,54.35283,6.975,,,40,  ,,,,R,2,,,957,,,,,,,,,,,,,,,,,,,,,,6.12,5.94,33.14,33.3,,,500,,,,,,,,
HH,I5034 ,2,NL,64T2 ,MRN2 ,4463.346363,,,10033396,2021NL5400149,2021,4,21,8,,14,d,54.65867,6.619,,,40,  ,,,,R,2,,,1324,,,,,,,,,,,,,,,,,,,,,,7.36,5.94,33.74,33.79,,,500,,,,,,,,
HH,I5034 ,2,NL,64T2 ,MRN2 ,3354.840155,,,10033397,2021NL5400150,2021,4,21,9,,10,d,54.65417,6.318,,,41,  ,,,,R,2,,,971,,,,,,,,,,,,,,,,,,,,,,6.91,6.16,33.47,33.91,,,500,,,,,,,,
HH,I5034 ,2,NL,64T2 ,MRN2 ,5420.294526,,,10033398,2021NL5400151,2021,4,21,11,,17,d,54.25433,6.11733,,,40,  ,,,,R,2,,,1619,,,,,,,,,,,,,,,,,,,,,,7.83,6.55,33.36,34.13,,,500,,,,,,,,
HH,I5034 ,2,NL,64T2 ,MRN2 ,5435.907289,,,10033399,2021NL5400152,2021,4,21,13,,17,d,54.28783,5.68483,,,40,  ,,,,R,2,,,1585,,,,,,,,,,,,,,,,,,,,,,8.13,6.49,33.7,34.47,,,500,,,,,,,,
HH,I5034 ,2,NL,64T2 ,MRN2 ,5009.412287,,,10033400,2021NL5400153,2021,4,21,15,,16,d,54.61683,5.6095,,,44,  ,,,,R,2,,,1548,,,,,,,,,,,,,,,,,,,,,,8.06,6.13,33.81,34.31,,,500,,,,,,,,
HH,I5034 ,2,NL,64T2 ,MRN2 ,3046.012078,,,10033401,2021NL5400154,2021,4,21,16,,10,d,54.617,5.30583,,,46,  ,,,,R,2,,,1027,,,,,,,,,,,,,,,,,,,,,,7.32,6.14,34.41,34.48,,,500,,,,,,,,
HH,I5034 ,2,NL,64T2 ,MRN2 ,3498.782219,,,10033402,2021NL5400155,2021,4,21,18,,11,d,54.33583,5.15317,,,45,  ,,,,R,2,,,1065,,,,,,,,,,,,,,,,,,,,,,7.74,6.44,34.4,34.47,,,500,,,,,,,,
HH,I5034 ,2,NL,64T2 ,MRN2 ,5295.011619,,,10033403,2021NL5400156,2021,4,21,19,,17,d,54.32417,4.8365,,,46,  ,,,,R,2,,,1606,,,,,,,,,,,,,,,,,,,,,,7.21,6.56,34.47,34.54,,,500,,,,,,,,
HH,I5034 ,2,NL,64T2 ,MRN2 ,4346.821836,,,10033404,2021NL5400157,2021,4,21,21,,13,n,54.63867,4.66783,,,48,  ,,,,R,2,,,1219,,,,,,,,,,,,,,,,,,,,,,7.06,6.22,34.6,34.61,,,500,,,,,,,,
HH,I5034 ,2,NL,64T2 ,MRN2 ,3177.768569,,,10033405,2021NL5400158,2021,4,21,22,,11,n,54.651,4.323,,,50,  ,,,,R,2,,,1062,,,,,,,,,,,,,,,,,,,,,,6.95,6.17,34.55,34.61,,,500,,,,,,,,
HH,I5034 ,2,NL,64T2 ,MRN2 ,3866.634159,,,10033406,2021NL5400159,2021,4,22,0,,12,n,54.33433,4.15733,,,50,  ,,,,R,2,,,1142,,,,,,,,,,,,,,,,,,,,,,7.32,6.37,34.58,34.56,,,500,,,,,,,,
HH,I5034 ,2,NL,64T2 ,MRN2 ,3060.863243,,,10033407,2021NL5400160,2021,4,22,1,,10,n,54.24133,3.759,,,44,  ,,,,R,2,,,981,,,,,,,,,,,,,,,,,,,,,,6.81,6.36,34.43,34.4,,,500,,,,,,,,
HH,I5034 ,2,NL,64T2 ,MRN2 ,2705.577674,,,10033408,2021NL5400161,2021,4,22,3,,10,n,54.158,3.32267,,,43,  ,,,,R,2,,,963,,,,,,,,,,,,,,,,,,,,,,7.6,7.16,34.27,34.64,,,500,,,,,,,,
HH,I5034 ,2,NL,64T2 ,MRN2 ,3661.764238,,,10033409,2021NL5400162,2021,4,22,4,,11,n,53.87317,3.32367,,,44,  ,,,,R,2,,,1096,,,,,,,,,,,,,,,,,,,,,,7.08,6.75,34.44,34.49,,,500,,,,,,,,
HH,I5034 ,2,NL,64T2 ,MRN2 ,4024.665789,,,10033410,2021NL5400163,2021,4,22,6,,13,n,53.7225,3.77283,,,39,  ,,,,R,2,,,1244,,,,,,,,,,,,,,,,,,,,,,6.9,6.58,34.47,34.47,,,500,,,,,,,,
HH,I5034 ,2,NL,64T2 ,MRN2 ,4566.542922,,,10033411,2021NL5400164,2021,4,22,7,,14,d,53.60067,4.04017,,,37,  ,,,,R,2,,,1354,,,,,,,,,,,,,,,,,,,,,,7.22,6.66,34.5,34.55,,,500,,,,,,,,
HH,I5034 ,2,NL,64T2 ,MRN2 ,4099.302415,,,10033427,2021NL5400165,2021,4,22,8,,13,d,53.32533,3.83383,,,29,  ,,,,R,2,,,1275,,,,,,,,,,,,,,,,,,,,,,7.14,7.13,34.28,34.28,,,500,,,,,,,,
HH,I5034 ,2,NL,64T2 ,MRN2 ,4018.953803,,,10033412,2021NL5400166,2021,4,22,10,,14,d,53.2525,3.2405,,,28,  ,,,,R,2,,,1264,,,,,,,,,,,,,,,,,,,,,,7.14,7.06,34.17,34.17,,,500,,,,,,,,
HH,I5034 ,2,NL,64T2 ,MRN2 ,4643.845141,,,10033413,2021NL5400167,2021,4,22,11,,15,d,53.15633,2.92533,,,36,  ,,,,R,2,,,1092,,,,,,,,,,,,,,,,,,,,,,7.43,7.17,34.13,34.13,,,500,,,,,,,,
HH,I5034 ,2,NL,64T2 ,MRN2 ,3329.326615,,,10033414,2021NL5400168,2021,4,22,13,,11,d,52.82567,2.9265,,,36,  ,,,,R,2,,,1083,,,,,,,,,,,,,,,,,,,,,,7.46,7.45,34.36,34.51,,,500,,,,,,,,
HH,I5034 ,2,NL,64T2 ,MRN2 ,3352.174562,,,10033415,2021NL5400169,2021,4,22,14,,11,d,52.75033,3.23867,,,29,  ,,,,R,2,,,1115,,,,,,,,,,,,,,,,,,,,,,8.07,7.94,34.98,34.98,,,500,,,,,,,,
HH,I5034 ,2,NL,64T2 ,MRN2 ,2921.871568,,,10033416,2021NL5400170,2021,4,22,15,,10,d,52.65017,3.61917,,,29,  ,,,,R,2,,,1171,,,,,,,,,,,,,,,,,,,,,,8.34,8.08,35.09,35.1,,,500,,,,,,,,
HH,I5034 ,2,NL,64T2 ,MRN2 ,2792.019071,,,10033417,2021NL5400271,2021,4,22,17,,10,d,52.32433,3.6055,,,28,  ,,,,R,2,,,1143,,,,,,,,,,,,,,,,,,,,,,8.07,8.02,34.97,34.97,,,500,,,,,,,,
HH,I5034 ,2,NL,64T2 ,MRN2 ,3637.773894,,,10033418,2021NL5400272,2021,4,22,18,,13,d,52.243,3.286,,,30,  ,,,,R,2,,,1280,,,,,,,,,,,,,,,,,,,,,,7.96,7.96,34.84,34.85,,,500,,,,,,,,
HH,I5034 ,2,NL,64T2 ,MRN2 ,3349.508968,,,10033419,2021NL5400273,2021,4,22,20,,11,d,52.23783,2.80167,,,41,  ,,,,R,2,,,1010,,,,,,,,,,,,,,,,,,,,,,8.1,8.11,35,35,,,500,,,,,,,,
HH,I5034 ,2,NL,64T2 ,MRN2 ,3317.902642,,,10033420,2021NL5400274,2021,4,22,21,,11,n,52.10967,2.53917,,,46,  ,,,,R,2,,,758,,,,,,,,,,,,,,,,,,,,,,8.01,8.03,34.87,34.88,,,500,,,,,,,,
HH,I5034 ,2,NL,64T2 ,MRN2 ,3550.190099,,,10033421,2021NL5400275,2021,4,22,22,,11,n,51.8265,2.35967,,,46,  ,,,,R,2,,,672,,,,,,,,,,,,,,,,,,,,,,8.1,8.2,34.83,34.87,,,500,,,,,,,,
HH,I5034 ,2,NL,64T2 ,MRN2 ,3115.317515,,,10033422,2021NL5400276,2021,4,23,1,,10,n,51.424,2.41883,,,26,  ,,,,R,2,,,853,,,,,,,,,,,,,,,,,,,,,,8.49,8.39,32.81,34.01,,,500,,,,,,,,
HH,I5034 ,2,NL,64T2 ,MRN2 ,2804.204643,,,10033423,2021NL5400277,2021,4,23,2,,10,n,51.35933,2.6695,,,28,  ,,,,R,2,,,699,,,,,,,,,,,,,,,,,,,,,,8.38,8.2,31.79,33.05,,,500,,,,,,,,
HH,I5034 ,2,NL,64T2 ,MRN2 ,3716.21851,,,10033424,2021NL5400278,2021,4,23,4,,12,n,51.6395,3.26883,,,33,  ,,,,R,2,,,670,,,,,,,,,,,,,,,,,,,,,,8.1,8.02,32.67,32.86,,,500,,,,,,,,
HH,I5034 ,2,NL,64T2 ,MRN2 ,3009.455363,,,10033425,2021NL5400279,2021,4,23,6,,11,d,51.82233,3.63367,,,25,  ,,,,R,2,,,628,,,,,,,,,,,,,,,,,,,,,,7.86,7.9,31.52,31.62,,,500,,,,,,,,
HH,I5034 ,2,NO,58D4,MRN2 ,1377.76,,,242,MIK221,2021,4,20,12,,15,d,56.38,7.02,,,37.34,,,,,R,,,,1409,,,,,,,,,,,,,,,,,,,,,,,,,,,,500,,,,,,,,
HH,I5034 ,2,NO,58D4,MRN2 ,1370.97,,,248,MIK230,2021,4,20,20,,12,n,56.1,7.53,,,24.35,,,,,R,,,,1222,,,,,,,,,,,,,,,,,,,,,,,,,,,,500,,,,,,,,
HH,I5034 ,2,NO,58D4,MRN2 ,701.46,,,258,MIK241,2021,4,21,9,,6,d,55.19,7.39,,,23.41,,,,,R,,,,672,,,,,,,,,,,,,,,,,,,,,,,,,,,,500,,,,,,,,
HH,I5034 ,2,NO,58D4,MRN2 ,528.71,,,261,MIK243,2021,4,21,12,,5,d,55.19,8.13,,,14.55,,,,,R,,,,476,,,,,,,,,,,,,,,,,,,,,,,,,,,,500,,,,,,,,
HH,I5034 ,2,NL,64T2 ,MRN2 ,3888.178127,,,10057754,2022NL5400151,2022,4,21,6,,13,d,52.334,3.61883,,,30,  ,,,,R,2,,,1435,,,,,,,,,,,,,,,,,,,,,,9.33,9.33,34.59,34.59,,,500,,,,,,,,
HH,I5034 ,2,NL,64T2 ,MRN2 ,3322.4476,,,10057755,2022NL5400152,2022,4,21,8,,11,d,52.26267,3.25267,,,33,  ,,,,R,2,,,995,,,,,,,,,,,,,,,,,,,,,,9.48,9.46,34.59,34.58,,,500,,,,,,,,
HH,I5034 ,2,NL,64T2 ,MRN2 ,4197.866821,,,10057756,2022NL5400153,2022,4,21,9,,14,d,52.228,2.8005,,,42,  ,,,,R,2,,,1618,,,,,,,,,,,,,,,,,,,,,,9.58,9.53,34.93,34.9,,,500,,,,,,,,
HH,I5034 ,2,NL,64T2 ,MRN2 ,3367.153317,,,10057757,2022NL5400154,2022,4,21,11,,11,d,52.11767,2.35567,,,52,  ,,,,R,2,,,1630,,,,,,,,,,,,,,,,,,,,,,9.58,9.43,34.88,34.88,,,500,,,,,,,,
HH,I5034 ,2,NL,64T2 ,MRN2 ,3326.918172,,,10057753,2022NL5400155,2022,4,21,12,,10,d,51.787,2.32,,,45,  ,,,,R,2,,,1578,,,,,,,,,,,,,,,,,,,,,,9.7,9.71,34.85,34.84,,,500,,,,,,,,
HH,I5034 ,2,NL,64T2 ,MRN2 ,4267.770305,,,10057759,2022NL5400156,2022,4,21,14,,13,d,51.443,2.42683,,,36,  ,,,,R,2,,,1219,,,,,,,,,,,,,,,,,,,,,,10.26,10.18,34.54,34.53,,,500,,,,,,,,
HH,I5034 ,2,NL,64T2 ,MRN2 ,3253.763362,,,10057760,2022NL5400157,2022,4,21,15,,11,d,51.36483,2.63883,,,31,  ,,,,R,2,,,1460,,,,,,,,,,,,,,,,,,,,,,10.43,10.37,33.4,33.57,,,500,,,,,,,,
HH,I5034 ,2,NL,64T2 ,MRN2 ,2938.791265,,,10057761,2022NL5400158,2022,4,21,17,,11,d,51.635,3.2475,,,31,  ,,,,R,2,,,1467,,,,,,,,,,,,,,,,,,,,,,9.91,9.9,32.73,32.73,,,500,,,,,,,,
HH,I5034 ,2,NL,64T2 ,MRN2 ,3947.921221,,,10057762,2022NL5400159,2022,4,21,18,,15,d,51.81117,3.57583,,,28,  ,,,,R,2,,,1643,,,,,,,,,,,,,,,,,,,,,,9.76,9.76,32.66,32.68,,,500,,,,,,,,
HH,I5034 ,2,NL,64T2 ,MRN2 ,3489.890831,,,10057763,2022NL5400162,2022,4,25,18,,11,d,52.74517,4.24867,,,25,  ,,,,R,2,,,874,,,,,,,,,,,,,,,,,,,,,,9.88,9.88,34.01,34.02,,,500,,,,,,,,
HH,I5034 ,2,NL,64T2 ,MRN2 ,3301.720404,,,10057764,2022NL5400163,2022,4,25,20,,11,d,53.084,4.39783,,,28,  ,,,,R,2,,,687,,,,,,,,,,,,,,,,,,,,,,10.01,9.32,32.58,34.1,,,500,,,,,,,,
HH,I5034 ,2,NL,64T2 ,MRN2 ,3199.710086,,,10057765,2022NL5400164,2022,4,25,21,,10,n,53.31667,4.61833,,,26,  ,,,,R,2,,,777,,,,,,,,,,,,,,,,,,,,,,9.59,9.6,33.2,33.21,,,500,,,,,,,,
HH,I5034 ,2,NL,64T2 ,MRN2 ,3029.01553,,,10057766,2022NL5400165,2022,4,25,23,,10,n,53.6715,4.862,,,33,  ,,,,R,2,,,791,,,,,,,,,,,,,,,,,,,,,,9.06,8.18,33.56,33.97,,,500,,,,,,,,
HH,I5034 ,2,NL,64T2 ,MRN2 ,3149.314551,,,10057767,2022NL5400166,2022,4,26,0,,11,n,53.752,5.23567,,,34,  ,,,,R,2,,,1038,,,,,,,,,,,,,,,,,,,,,,9.26,8.64,32.94,33.51,,,500,,,,,,,,
HH,I5034 ,2,NL,64T2 ,MRN2 ,3261.078843,,,10057768,2022NL5400167,2022,4,26,2,,10,n,53.75633,5.732,,,30,  ,,,,R,2,,,1182,,,,,,,,,,,,,,,,,,,,,,8.92,8.8,33.02,33.15,,,500,,,,,,,,
HH,I5034 ,2,NL,64T2 ,MRN2 ,3554.510912,,,10057769,2022NL5400168,2022,4,26,3,,11,n,53.75017,6.25367,,,27,  ,,,,R,2,,,1366,,,,,,,,,,,,,,,,,,,,,,8.74,8.76,32.76,32.77,,,500,,,,,,,,
HH,I5034 ,2,NL,64T2 ,MRN2 ,2826.214142,,,10057770,2022NL5400169,2022,4,26,5,,10,n,53.82,6.7085,,,23,  ,,,,R,2,,,1114,,,,,,,,,,,,,,,,,,,,,,8.7,8.7,32.42,32.42,,,500,,,,,,,,
HH,I5034 ,2,NL,64T2 ,MRN2 ,5465.883519,,,10057772,2022NL5400171,2022,4,26,9,,16,d,54.2495,7.62,,,42,  ,,,,R,2,,,1908,,,,,,,,,,,,,,,,,,,,,,8.71,7.62,30.66,33.75,,,500,,,,,,,,
HH,I5034 ,2,NL,64T2 ,MRN2 ,4815.618546,,,10057773,2022NL5400172,2022,4,26,11,,14,d,54.725,7.52767,,,25,  ,,,,R,2,,,1616,,,,,,,,,,,,,,,,,,,,,,8.36,8.09,31.24,31.46,,,500,,,,,,,,
HH,I5034 ,2,NL,64T2 ,MRN2 ,3455.751919,,,10057777,2022NL5400176,2022,4,26,19,,10,d,56.14483,7.6285,,,31,  ,,,,R,2,,,1080,,,,,,,,,,,,,,,,,,,,,,8.55,6.28,32.06,33.87,,,500,,,,,,,,
HH,I5034 ,2,NL,64T2 ,MRN2 ,3615.879669,,,10057778,2022NL5400177,2022,4,26,20,,11,d,56.25133,7.2745,,,32,  ,,,,R,2,,,1056,,,,,,,,,,,,,,,,,,,,,,8.9,6.39,33.14,33.98,,,500,,,,,,,,
HH,I5034 ,2,NL,64T2 ,MRN2 ,4375.470442,,,10057781,2022NL5400180,2022,4,27,1,,14,n,55.75417,6.735,,,38,  ,,,,R,2,,,1187,,,,,,,,,,,,,,,,,,,,,,8.71,6.45,32.63,33.76,,,500,,,,,,,,
HH,I5034 ,2,NL,64T2 ,MRN2 ,3087.945794,,,10057782,2022NL5400181,2022,4,27,2,,10,n,55.75183,6.27783,,,46,  ,,,,R,2,,,935,,,,,,,,,,,,,,,,,,,,,,8.73,6.64,33.23,34.43,,,500,,,,,,,,
HH,I5034 ,2,NL,64T2 ,MRN2 ,4812.367221,,,10057785,2022NL5400184,2022,4,27,7,,16,d,55.33367,4.94133,,,48,  ,,,,R,2,,,1557,,,,,,,,,,,,,,,,,,,,,,8.35,6.95,34.59,34.65,,,500,,,,,,,,
HH,I5034 ,2,NL,64T2 ,MRN2 ,4046.680214,,,10057786,2022NL5400185,2022,4,27,8,,13,d,55.25233,5.23883,,,41,  ,,,,R,2,,,1257,,,,,,,,,,,,,,,,,,,,,,8.4,7.09,34.59,34.57,,,500,,,,,,,,
HH,I5034 ,2,NL,64T2 ,MRN2 ,3995.878263,,,10057789,2022NL5400188,2022,4,27,12,,13,d,55.24883,6.697,,,42,  ,,,,R,2,,,1088,,,,,,,,,,,,,,,,,,,,,,9.3,6.72,32.46,34.25,,,500,,,,,,,,
HH,I5034 ,2,NL,64T2 ,MRN2 ,3590.275486,,,10057791,2022NL5400190,2022,4,27,15,,12,d,54.74733,7.11283,,,31,  ,,,,R,2,,,1175,,,,,,,,,,,,,,,,,,,,,,9.06,7.37,31.65,33.16,,,500,,,,,,,,
HH,I5034 ,2,NL,64T2 ,MRN2 ,3733.33378,,,10057792,2022NL5400191,2022,4,27,18,,14,d,54.32967,7.14767,,,41,  ,,,,R,2,,,693,,,,,,,,,,,,,,,,,,,,,,8.5,7.24,32.54,33.86,,,500,,,,,,,,
HH,I5034 ,2,NL,64T2 ,MRN2 ,3044.459324,,,10057793,2022NL5400192,2022,4,27,19,,11,d,54.34017,6.8445,,,39,  ,,,,R,2,,,794,,,,,,,,,,,,,,,,,,,,,,8.3,7.61,33.8,34.19,,,500,,,,,,,,
HH,I5034 ,2,NL,64T2 ,MRN2 ,3222.46936,,,10057794,2022NL5400193,2022,4,27,20,,11,n,54.65517,6.65233,,,40,  ,,,,R,2,,,960,,,,,,,,,,,,,,,,,,,,,,9.24,7.16,33.59,34.28,,,500,,,,,,,,
HH,I5034 ,2,NL,64T2 ,MRN2 ,4166.979234,,,10057795,2022NL5400194,2022,4,27,21,,13,n,54.655,6.33,,,41,  ,,,,R,2,,,1285,,,,,,,,,,,,,,,,,,,,,,8.57,7.51,34.24,34.39,,,500,,,,,,,,
HH,I5034 ,2,NL,64T2 ,MRN2 ,3898.744933,,,10057796,2022NL5400195,2022,4,27,23,,13,n,54.2785,6.09783,,,40,  ,,,,R,2,,,1448,,,,,,,,,,,,,,,,,,,,,,8.84,7.84,34.14,34.23,,,500,,,,,,,,
HH,I5034 ,2,NL,64T2 ,MRN2 ,3443.965867,,,10057797,2022NL5400196,2022,4,28,1,,12,n,54.269,5.67567,,,40,  ,,,,R,2,,,1319,,,,,,,,,,,,,,,,,,,,,,8.58,7.59,34.1,34.29,,,500,,,,,,,,
HH,I5034 ,2,NL,64T2 ,MRN2 ,5233.413791,,,10057798,2022NL5400197,2022,4,28,2,,17,n,54.61883,5.61933,,,43,  ,,,,R,2,,,1719,,,,,,,,,,,,,,,,,,,,,,8.48,7.57,34.37,34.47,,,500,,,,,,,,
HH,I5034 ,2,NL,64T2 ,MRN2 ,3084.288053,,,10057799,2022NL5400198,2022,4,28,3,,10,n,54.6115,5.3155,,,45,  ,,,,R,2,,,908,,,,,,,,,,,,,,,,,,,,,,8.33,7.4,34.4,34.46,,,500,,,,,,,,
HH,I5034 ,2,NL,64T2 ,MRN2 ,3473.634206,,,10057803,2022NL5400202,2022,4,28,9,,12,d,54.64983,4.31267,,,47,  ,,,,R,2,,,1105,,,,,,,,,,,,,,,,,,,,,,8.81,7.19,34.45,34.47,,,500,,,,,,,,
HH,I5034 ,2,NL,64T2 ,MRN2 ,3165.164759,,,10057805,2022NL5400204,2022,4,28,11,,11,d,54.24733,3.741,,,44,  ,,,,R,2,,,1198,,,,,,,,,,,,,,,,,,,,,,8.88,7.68,34.44,34.45,,,500,,,,,,,,
HH,I5034 ,2,NL,64T2 ,MRN2 ,2809.144686,,,10057807,2022NL5400206,2022,4,28,14,,10,d,53.8865,3.3325,,,45,  ,,,,R,2,,,785,,,,,,,,,,,,,,,,,,,,,,8.68,8.61,34.46,34.46,,,500,,,,,,,,
HH,I5034 ,2,NL,64T2 ,MRN2 ,4244.604616,,,10057808,2022NL5400207,2022,4,28,16,,14,d,53.74233,3.80983,,,40,  ,,,,R,2,,,1567,,,,,,,,,,,,,,,,,,,,,,8.84,8.76,34.45,34.54,,,500,,,,,,,,
HH,I5034 ,2,NL,64T2 ,MRN2 ,3243.602972,,,10057809,2022NL5400208,2022,4,28,17,,11,d,53.6145,4.06583,,,39,  ,,,,R,2,,,919,,,,,,,,,,,,,,,,,,,,,,9.63,9.02,34.16,34.62,,,500,,,,,,,,
HH,I5034 ,2,NL,64T2 ,MRN2 ,3620.350241,,,10057811,2022NL5400210,2022,4,28,20,,13,d,53.2505,3.24383,,,27,  ,,,,R,2,,,1397,,,,,,,,,,,,,,,,,,,,,,9.32,9.33,34.39,34.41,,,500,,,,,,,,
HH,I5034 ,2,NL,64T2 ,MRN2 ,3962.145768,,,10057812,2022NL5400211,2022,4,28,21,,13,n,53.1595,2.9165,,,34,  ,,,,R,2,,,1408,,,,,,,,,,,,,,,,,,,,,,9.23,9.24,34.43,34.45,,,500,,,,,,,,
HH,I5034 ,2,NL,64T2 ,MRN2 ,4785.137375,,,10057813,2022NL5400212,2022,4,28,23,,15,n,52.84033,2.92217,,,37,  ,,,,R,2,,,1256,,,,,,,,,,,,,,,,,,,,,,9.35,9.37,34.69,34.7,,,500,,,,,,,,
HH,I5034 ,2,NL,64T2 ,MRN2 ,3404.137137,,,10057814,2022NL5400213,2022,4,29,0,,11,n,52.75617,3.261,,,33,  ,,,,R,2,,,949,,,,,,,,,,,,,,,,,,,,,,9.77,9.81,34.86,34.89,,,500,,,,,,,,
HH,I5034 ,2,NL,64T2 ,MRN2 ,3421.613008,,,10057815,2022NL5400214,2022,4,29,1,,11,n,52.67067,3.64617,,,30,  ,,,,R,2,,,1040,,,,,,,,,,,,,,,,,,,,,,9.86,9.87,34.81,34.81,,,500,,,,,,,,
HH,I5034 ,2,NL,64T2 ,MRN2 ,3165.9734,,,10057758,2022NL5400215,2022,4,29,4,,10,n,52.254,4.25183,,,19,  ,,,,R,2,,,961,,,,,,,,,,,,,,,,,,,,,,10.2,10.21,31.18,31.29,,,500,,,,,,,,
HH,I5034 ,2,NL,64T2 ,MRN2 ,2481.924897,,,10093670,2023NL5400055,2023,4,24,17,,10,d,51.82117,3.665,,,23,  ,,,,R,2,,,456,,,,,,,,,,,,,,,,,,,,,,9.94,9.89,31.55,31.76,,,500,,,,,,,,
HH,I5034 ,2,NL,64T2 ,MRN2 ,3250.981443,,,10093672,2023NL5400057,2023,4,24,21,,10,n,51.34133,2.63483,,,23,  ,,,,R,2,,,1552,,,,,,,,,,,,,,,,,,,,,,10.38,10.41,33.33,33.44,,,500,,,,,,,,
HH,I5034 ,2,NL,64T2 ,MRN2 ,3169.606856,,,10093673,2023NL5400058,2023,4,24,22,,13,n,51.406,2.3125,,,37,  ,,,,R,2,,,427,,,,,,,,,,,,,,,,,,,,,,10.08,10.08,34.92,34.97,,,500,,,,,,,,
HH,I5034 ,2,NL,64T2 ,MRN2 ,4134.095811,,,10093818,2023NL5400059,2023,4,25,1,,14,n,51.7635,2.32217,,,45,  ,,,,R,2,,,1092,,,,,,,,,,,,,,,,,,,,,,9.93,9.94,34.98,34.99,,,500,,,,,,,,
HH,I5034 ,2,NL,64T2 ,MRN2 ,3232.638811,,,10093817,2023NL5400060,2023,4,25,2,,10,n,51.841,2.665,,,43,  ,,,,R,2,,,1309,,,,,,,,,,,,,,,,,,,,,,9.9,9.91,35,35,,,500,,,,,,,,
HH,I5034 ,2,NL,64T2 ,MRN2 ,3490.43617,,,10093816,2023NL5400061,2023,4,25,4,,11,n,52.16417,2.37967,,,55,  ,,,,R,2,,,1559,,,,,,,,,,,,,,,,,,,,,,9.71,9.72,34.85,34.87,,,500,,,,,,,,
HH,I5034 ,2,NL,64T2 ,MRN2 ,2985.513529,,,10093677,2023NL5400062,2023,4,25,6,,10,n,52.2595,2.76467,,,50,  ,,,,R,2,,,1281,,,,,,,,,,,,,,,,,,,,,,9.71,9.72,34.95,34.96,,,500,,,,,,,,
HH,I5034 ,2,NL,64T2 ,MRN2 ,3281.997167,,,10093682,2023NL5400067,2023,4,25,16,,12,d,53.67367,4.14617,,,40,  ,,,,R,2,,,1300,,,,,,,,,,,,,,,,,,,,,,8.71,9.09,34.41,34.71,,,500,,,,,,,,
HH,I5034 ,2,NL,64T2 ,MRN2 ,3311.345378,,,10093683,2023NL5400068,2023,4,25,20,,11,d,54.33683,4.176,,,51,  ,,,,R,2,,,1168,,,,,,,,,,,,,,,,,,,,,,7.94,7.92,34.43,34.46,,,500,,,,,,,,
HH,I5034 ,2,NL,64T2 ,MRN2 ,3021.865291,,,10093685,2023NL5400070,2023,4,25,22,,11,n,54.67567,4.67533,,,50,  ,,,,R,2,,,1116,,,,,,,,,,,,,,,,,,,,,,7.7,7.72,34.42,34.43,,,500,,,,,,,,
HH,I5034 ,2,NL,64T2 ,MRN2 ,5013.541653,,,10093815,2023NL5400071,2023,4,26,0,,17,n,54.33983,4.852,,,46,  ,,,,R,2,,,1729,,,,,,,,,,,,,,,,,,,,,,8.06,8.08,34.36,34.37,,,500,,,,,,,,
HH,I5034 ,2,NL,64T2 ,MRN2 ,4722.060551,,,10093687,2023NL5400072,2023,4,26,1,,17,n,54.34667,5.1825,,,46,  ,,,,R,2,,,1497,,,,,,,,,,,,,,,,,,,,,,8,8.01,34.39,34.4,,,500,,,,,,,,
HH,I5034 ,2,NL,64T2 ,MRN2 ,3083.896738,,,10093688,2023NL5400073,2023,4,26,3,,10,n,54.6595,5.32667,,,44,  ,,,,R,2,,,977,,,,,,,,,,,,,,,,,,,,,,8.39,8.03,34.32,34.51,,,500,,,,,,,,
HH,I5034 ,2,NL,64T2 ,MRN2 ,3131.254079,,,10093689,2023NL5400074,2023,4,26,4,,11,n,54.65167,5.63517,,,44,  ,,,,R,2,,,1203,,,,,,,,,,,,,,,,,,,,,,8.09,7.93,34.37,34.48,,,500,,,,,,,,
HH,I5034 ,2,NL,64T2 ,MRN2 ,3975.682169,,,10093690,2023NL5400075,2023,4,26,6,,15,d,54.31483,5.68583,,,40,  ,,,,R,2,,,1511,,,,,,,,,,,,,,,,,,,,,,8.3,8.15,34.17,34.37,,,500,,,,,,,,
HH,I5034 ,2,NL,64T2 ,MRN2 ,4094.742527,,,10093814,2023NL5400076,2023,4,26,8,,14,d,54.3485,6.24317,,,40,  ,,,,R,2,,,1328,,,,,,,,,,,,,,,,,,,,,,8.04,8.01,33.94,33.96,,,500,,,,,,,,
HH,I5034 ,2,NL,64T2 ,MRN2 ,3371.042309,,,10093692,2023NL5400077,2023,4,26,10,,13,d,54.669,6.3285,,,42,  ,,,,R,2,,,1115,,,,,,,,,,,,,,,,,,,,,,8.07,8.02,34.5,34.52,,,500,,,,,,,,
HH,I5034 ,2,NL,64T2 ,MRN2 ,4025.040525,,,10093694,2023NL5400079,2023,4,26,13,,14,d,54.34667,6.8375,,,40,  ,,,,R,2,,,1388,,,,,,,,,,,,,,,,,,,,,,8.17,8.08,34.39,34.4,,,500,,,,,,,,
HH,I5034 ,2,NL,64T2 ,MRN2 ,3976.349173,,,10093695,2023NL5400080,2023,4,26,14,,14,d,54.3495,7.1545,,,42,  ,,,,R,2,,,1371,,,,,,,,,,,,,,,,,,,,,,8.1,8.06,34.12,34.29,,,500,,,,,,,,
HH,I5034 ,2,NL,64T2 ,MRN2 ,2960.500848,,,10093697,2023NL5400082,2023,4,26,18,,11,d,55.18317,7.12967,,,23,  ,,,,R,2,,,1182,,,,,,,,,,,,,,,,,,,,,,8.6,7.61,32.9,34.22,,,500,,,,,,,,
HH,I5034 ,2,NL,64T2 ,MRN2 ,3634.175706,,,10093698,2023NL5400083,2023,4,26,19,,14,d,55.23667,6.7405,,,41,  ,,,,R,2,,,1220,,,,,,,,,,,,,,,,,,,,,,8.35,7.86,34.06,34.49,,,500,,,,,,,,
HH,I5034 ,2,NL,64T2 ,MRN2 ,2563.299484,,,10093699,2023NL5400084,2023,4,26,21,,10,n,55.242,6.26583,,,48,  ,,,,R,2,,,930,,,,,,,,,,,,,,,,,,,,,,7.83,7.85,34.29,34.5,,,500,,,,,,,,
HH,I5034 ,2,NL,64T2 ,MRN2 ,2601.652261,,,10093700,2023NL5400085,2023,4,26,22,,10,n,55.24783,5.74917,,,48,  ,,,,R,2,,,820,,,,,,,,,,,,,,,,,,,,,,7.87,7.21,34.46,34.52,,,500,,,,,,,,
HH,I5034 ,2,NL,64T2 ,MRN2 ,4382.555103,,,10093701,2023NL5400086,2023,4,27,0,,16,n,55.25183,5.239,,,42,  ,,,,R,2,,,1302,,,,,,,,,,,,,,,,,,,,,,7.76,7.77,34.4,34.47,,,500,,,,,,,,
HH,I5034 ,2,NL,64T2 ,MRN2 ,3051.880507,,,10093702,2023NL5400087,2023,4,27,2,,10,n,55.5845,5.24533,,,49,  ,,,,R,2,,,986,,,,,,,,,,,,,,,,,,,,,,7.8,7.2,34.67,34.88,,,500,,,,,,,,
HH,I5034 ,2,NL,64T2 ,MRN2 ,3572.477761,,,10093703,2023NL5400088,2023,4,27,3,,12,n,55.74717,5.73083,,,52,  ,,,,R,2,,,1228,,,,,,,,,,,,,,,,,,,,,,7.73,6.89,34.52,34.67,,,500,,,,,,,,
HH,I5034 ,2,NL,64T2 ,MRN2 ,3685.201574,,,10093707,2023NL5400092,2023,4,27,8,,12,d,55.6335,7.36867,,,22,  ,,,,R,2,,,1182,,,,,,,,,,,,,,,,,,,,,,8.1,7.51,32.68,33.85,,,500,,,,,,,,
HH,I5034 ,2,NL,64T2 ,MRN2 ,3459.086943,,,10093708,2023NL5400093,2023,4,27,10,,12,d,55.24117,7.74767,,,22,  ,,,,R,2,,,1344,,,,,,,,,,,,,,,,,,,,,,8.27,7.67,31.92,32.99,,,500,,,,,,,,
HH,I5034 ,2,NL,64T2 ,MRN2 ,5128.26648,,,10093710,2023NL5400095,2023,4,27,15,,18,d,54.2455,7.6345,,,42,  ,,,,R,2,,,1674,,,,,,,,,,,,,,,,,,,,,,8.28,8.06,32,33.86,,,500,,,,,,,,
HH,I5034 ,2,NL,64T2 ,MRN2 ,3150.930721,,,10093711,2023NL5400096,2023,4,27,18,,11,d,53.82717,7.21833,,,22,  ,,,,R,2,,,1372,,,,,,,,,,,,,,,,,,,,,,8.75,8.73,31.99,32.07,,,500,,,,,,,,
HH,I5034 ,2,NL,64T2 ,MRN2 ,2979.843988,,,10093714,2023NL5400099,2023,4,27,22,,11,n,53.7515,5.75033,,,29,  ,,,,R,2,,,865,,,,,,,,,,,,,,,,,,,,,,8.94,8.96,32.99,33.01,,,500,,,,,,,,
HH,I5034 ,2,NL,64T2 ,MRN2 ,3024.53331,,,10093715,2023NL5400100,2023,4,28,0,,11,n,53.744,5.255,,,32,  ,,,,R,2,,,908,,,,,,,,,,,,,,,,,,,,,,9.05,8.88,33.54,33.9,,,500,,,,,,,,
HH,I5034 ,2,NL,64T2 ,MRN2 ,3040.207923,,,10093716,2023NL5400101,2023,4,28,1,,11,n,53.67433,4.84183,,,33,  ,,,,R,2,,,1028,,,,,,,,,,,,,,,,,,,,,,9.15,9.15,34.33,34.35,,,500,,,,,,,,
HH,I5034 ,2,NL,64T2 ,MRN2 ,4092.741513,,,10093717,2023NL5400102,2023,4,28,3,,13,n,53.336,4.5625,,,26,  ,,,,R,2,,,1652,,,,,,,,,,,,,,,,,,,,,,9.23,9.27,33.33,33.63,,,500,,,,,,,,
HH,I5034 ,2,NL,64T2 ,MRN2 ,3186.281976,,,10093718,2023NL5400103,2023,4,28,4,,11,n,53.15617,4.35183,,,33,  ,,,,R,2,,,1113,,,,,,,,,,,,,,,,,,,,,,9.2,9.22,34.13,34.14,,,500,,,,,,,,
HH,I5034 ,2,NL,64T2 ,MRN2 ,3955.338522,,,10093719,2023NL5400104,2023,4,28,6,,13,d,52.7985,4.25117,,,28,  ,,,,R,2,,,1129,,,,,,,,,,,,,,,,,,,,,,9.39,9.45,33.47,34.17,,,500,,,,,,,,
HH,I5034 ,2,NL,64T2 ,MRN2 ,2442.238111,,,10093720,2023NL5400105,2023,4,28,10,,10,d,52.23883,4.26033,,,20,  ,,,,R,2,,,709,,,,,,,,,,,,,,,,,,,,,,9.7,9.66,30.03,30.78,,,500,,,,,,,,
HH,I5034 ,2,NL,64T2 ,MRN2 ,3073.224661,,,10093721,2023NL5400106,2023,5,1,12,,12,d,52.75733,3.25533,,,31,  ,,,,R,2,,,1335,,,,,,,,,,,,,,,,,,,,,,9.65,9.6,34.7,34.63,,,500,,,,,,,,
HH,I5034 ,2,NL,64T2 ,MRN2 ,3339.693083,,,10093722,2023NL5400107,2023,5,1,14,,12,d,52.83483,2.81917,,,36,  ,,,,R,2,,,1064,,,,,,,,,,,,,,,,,,,,,,9.43,9.27,34.53,34.5,,,500,,,,,,,,
HH,I5034 ,2,NL,64T2 ,MRN2 ,3853.953791,,,10093724,2023NL5400109,2023,5,1,18,,14,d,53.16183,2.869,,,33,  ,,,,R,2,,,1402,,,,,,,,,,,,,,,,,,,,,,8.94,8.87,34.23,34.23,,,500,,,,,,,,
HH,I5034 ,2,NL,64T2 ,MRN2 ,3385.716414,,,10093725,2023NL5400110,2023,5,1,19,,13,d,53.25867,3.255,,,27,  ,,,,R,2,,,852,,,,,,,,,,,,,,,,,,,,,,9.45,9.28,34.44,34.47,,,500,,,,,,,,
HH,I5034 ,2,NL,64T2 ,MRN2 ,3646.515295,,,10093726,2023NL5400111,2023,5,1,22,,14,n,53.769,3.713,,,37,  ,,,,R,2,,,997,,,,,,,,,,,,,,,,,,,,,,9.26,8.77,34.47,34.47,,,500,,,,,,,,
HH,I5034 ,2,NL,64T2 ,MRN2 ,4363.545466,,,10093727,2023NL5400112,2023,5,1,23,,16,n,53.84817,3.31617,,,42,  ,,,,R,2,,,1825,,,,,,,,,,,,,,,,,,,,,,8.95,8.72,34.35,34.37,,,500,,,,,,,,
HH,I5034 ,2,NL,64T2 ,MRN2 ,4276.167835,,,10093728,2023NL5400113,2023,5,2,1,,17,n,54.173,3.3355,,,41,  ,,,,R,2,,,1596,,,,,,,,,,,,,,,,,,,,,,8.81,8.42,34.43,34.45,,,500,,,,,,,,
HH,I5034 ,2,NL,64T2 ,MRN2 ,3131.254079,,,10093729,2023NL5400114,2023,5,2,2,,10,n,54.25783,3.7515,,,44,  ,,,,R,2,,,1150,,,,,,,,,,,,,,,,,,,,,,8.41,8.13,34.47,34.47,,,500,,,,,,,,
HH,I5034 ,2,NL ,64T2 ,MRN2 ,3452.625957,,,10117867,2024NL5400047,2024,4,16,19,,12,n,52.76417,4.05233,,,25,  ,,,,R,2,,,1051,,,,,,,,,,,,,,,,,,,,,,10.4,10.41,34.59,34.61,,,500,,,,,,,,
HH,I5034 ,2,NL ,64T2 ,MRN2 ,3352.595146,,,10117868,2024NL5400048,2024,4,16,21,,11,n,53.18433,4.33533,,,34,  ,,,,R,2,,,1253,,,,,,,,,,,,,,,,,,,,,,10.38,10.37,34.77,34.79,,,500,,,,,,,,
HH,I5034 ,2,NL ,64T2 ,MRN2 ,3747.6387,,,10117870,2024NL5400050,2024,4,17,0,,11,n,53.66867,4.84533,,,33,  ,,,,R,2,,,1423,,,,,,,,,,,,,,,,,,,,,,10.39,10.43,34.9,34.92,,,500,,,,,,,,
HH,I5034 ,2,NL ,64T2 ,MRN2 ,3764.831495,,,10117866,2024NL5400051,2024,4,17,2,,12,n,53.8295,5.337,,,34,  ,,,,R,2,,,1349,,,,,,,,,,,,,,,,,,,,,,10.21,10.23,34.65,34.7,,,500,,,,,,,,
HH,I5034 ,2,NL ,64T2 ,MRN2 ,3726.929196,,,10117872,2024NL5400052,2024,4,17,3,,12,n,53.83833,5.6605,,,31,  ,,,,R,2,,,1255,,,,,,,,,,,,,,,,,,,,,,10.09,10.17,34.43,34.67,,,500,,,,,,,,
HH,I5034 ,2,NL ,64T2 ,MRN2 ,4122.363495,,,10117873,2024NL5400053,2024,4,17,20,,14,n,54.1655,5.68467,,,39,  ,,,,R,2,,,1054,,,,,,,,,,,,,,,,,,,,,,9.82,9.64,34.22,34.27,,,500,,,,,,,,
HH,I5034 ,2,NL ,64T2 ,MRN2 ,3939.103924,,,10117874,2024NL5400054,2024,4,17,21,,13,n,54.2485,5.24167,,,41,  ,,,,R,2,,,1480,,,,,,,,,,,,,,,,,,,,,,9.59,9.73,34.07,34.55,,,500,,,,,,,,
HH,I5034 ,2,NL ,64T2 ,MRN2 ,4690.507241,,,10117875,2024NL5400055,2024,4,17,22,,15,n,54.34417,4.8485,,,45,  ,,,,R,2,,,1442,,,,,,,,,,,,,,,,,,,,,,8.86,8.82,33.83,33.87,,,500,,,,,,,,
HH,I5034 ,2,NL ,64T2 ,MRN2 ,5172.687009,,,10117876,2024NL5400056,2024,4,18,0,,16,n,54.68417,4.75083,,,47,  ,,,,R,2,,,1723,,,,,,,,,,,,,,,,,,,,,,8.54,8.2,33.96,34.13,,,500,,,,,,,,
HH,I5034 ,2,NL ,64T2 ,MRN2 ,5060.933838,,,10117877,2024NL5400057,2024,4,18,2,,18,n,54.77417,4.38267,,,50,  ,,,,R,2,,,1443,,,,,,,,,,,,,,,,,,,,,,8.25,7.83,34.11,34.46,,,500,,,,,,,,
HH,I5034 ,2,NL ,64T2 ,MRN2 ,4750.682026,,,10117879,2024NL5400059,2024,4,18,19,,15,n,55.76367,5.82933,,,50,  ,,,,R,2,,,1508,,,,,,,,,,,,,,,,,,,,,,7.99,7.68,34.34,34.37,,,500,,,,,,,,
HH,I5034 ,2,NL ,64T2 ,MRN2 ,3791.011434,,,10117880,2024NL5400060,2024,4,18,20,,13,n,55.74667,6.24483,,,46,  ,,,,R,2,,,1135,,,,,,,,,,,,,,,,,,,,,,8.11,8,34.19,34.23,,,500,,,,,,,,
HH,I5034 ,2,NL ,64T2 ,MRN2 ,3358.456326,,,10117881,2024NL5400061,2024,4,18,22,,11,n,55.75567,6.7335,,,37,  ,,,,R,2,,,1154,,,,,,,,,,,,,,,,,,,,,,8.52,8.5,34.04,34.23,,,500,,,,,,,,
HH,I5034 ,2,NL ,64T2 ,MRN2 ,3892.605226,,,10117882,2024NL5400062,2024,4,18,23,,12,n,55.7475,7.2285,,,30,  ,,,,R,2,,,1219,,,,,,,,,,,,,,,,,,,,,,8.5,8.42,32.94,33.38,,,500,,,,,,,,
HH,I5034 ,2,NL ,64T2 ,MRN2 ,3276.790547,,,10117883,2024NL5400063,2024,4,19,0,,12,n,55.6765,7.4835,,,19,  ,,,,R,2,,,968,,,,,,,,,,,,,,,,,,,,,,8.54,8.54,32.61,32.66,,,500,,,,,,,,
HH,I5034 ,2,NL ,64T2 ,MRN2 ,3679.649008,,,10117885,2024NL5400065,2024,4,20,20,,11,n,55.3285,7.73233,,,23,  ,,,,R,2,,,1053,,,,,,,,,,,,,,,,,,,,,,8.84,8.66,31.13,32.41,,,500,,,,,,,,
HH,I5034 ,2,NL ,64T2 ,MRN2 ,3091.967994,,,10117886,2024NL5400066,2024,4,20,21,,11,n,55.2575,7.27667,,,27,  ,,,,R,2,,,913,,,,,,,,,,,,,,,,,,,,,,8.62,8.63,33.4,33.4,,,500,,,,,,,,
HH,I5034 ,2,NL ,64T2 ,MRN2 ,2873.541341,,,10117891,2024NL5400071,2024,4,21,19,,11,n,54.74783,7.253,,,27,  ,,,,R,2,,,642,,,,,,,,,,,,,,,,,,,,,,8.8,8.61,33.16,33.24,,,500,,,,,,,,
HH,I5034 ,2,NL ,64T2 ,MRN2 ,2896.204571,,,10117892,2024NL5400072,2024,4,21,21,,11,n,54.75417,6.753,,,42,  ,,,,R,2,,,814,,,,,,,,,,,,,,,,,,,,,,9.51,9.4,33.43,34.5,,,500,,,,,,,,
HH,I5034 ,2,NL ,64T2 ,MRN2 ,4685.427552,,,10117893,2024NL5400073,2024,4,21,22,,16,n,54.7535,6.27117,,,40,  ,,,,R,2,,,1379,,,,,,,,,,,,,,,,,,,,,,8.98,8.91,34.35,34.36,,,500,,,,,,,,
HH,I5034 ,2,NL ,64T2 ,MRN2 ,3694.106586,,,10117894,2024NL5400074,2024,4,22,0,,11,n,54.74583,5.76483,,,42,  ,,,,R,2,,,953,,,,,,,,,,,,,,,,,,,,,,8.56,8.56,34.2,34.2,,,500,,,,,,,,
HH,I5034 ,2,NL ,64T2 ,MRN2 ,3226.775141,,,10117896,2024NL5400076,2024,4,22,3,,10,n,55.14617,4.861,,,41,  ,,,,R,2,,,1090,,,,,,,,,,,,,,,,,,,,,,7.76,7.75,34.51,34.57,,,500,,,,,,,,
HH,I5034 ,2,NL ,64T2 ,MRN2 ,4186.054988,,,10117897,2024NL5400081,2024,4,22,19,,14,n,54.2555,4.18417,,,51,  ,,,,R,2,,,1041,,,,,,,,,,,,,,,,,,,,,,8.26,8.06,34.41,34.41,,,500,,,,,,,,
HH,I5034 ,2,NL ,64T2 ,MRN2 ,5151.977505,,,10117899,2024NL5400083,2024,4,22,22,,16,n,54.15567,3.31983,,,39,  ,,,,R,2,,,1685,,,,,,,,,,,,,,,,,,,,,,8.6,8.48,34.45,34.43,,,500,,,,,,,,
HH,I5034 ,2,NL ,64T2 ,MRN2 ,3435.433161,,,10117900,2024NL5400084,2024,4,22,23,,10,n,53.8615,3.33517,,,42,  ,,,,R,2,,,1154,,,,,,,,,,,,,,,,,,,,,,8.38,8.29,34.42,34.42,,,500,,,,,,,,
HH,I5034 ,2,NL ,64T2 ,MRN2 ,4714.733453,,,10117901,2024NL5400085,2024,4,23,1,,16,n,53.7455,3.798,,,38,  ,,,,R,2,,,1145,,,,,,,,,,,,,,,,,,,,,,9.23,8.73,33.98,34.17,,,500,,,,,,,,
HH,I5034 ,2,NL ,64T2 ,MRN2 ,3079.464143,,,10117902,2024NL5400086,2024,4,23,2,,10,n,53.76133,4.13333,,,41,  ,,,,R,2,,,995,,,,,,,,,,,,,,,,,,,,,,9.19,8.8,33.82,34.1,,,500,,,,,,,,
HH,I5034 ,2,NL ,64T2 ,MRN2 ,4042.260697,,,10117904,2024NL5400088,2024,4,23,19,,14,n,53.25183,3.75583,,,29,  ,,,,R,2,,,1157,,,,,,,,,,,,,,,,,,,,,,9.84,9.83,34.22,34.31,,,500,,,,,,,,
HH,I5034 ,2,NL ,64T2 ,MRN2 ,3077.901161,,,10117905,2024NL5400089,2024,4,23,21,,10,n,53.25017,3.25067,,,28,  ,,,,R,2,,,705,,,,,,,,,,,,,,,,,,,,,,9.54,9.54,33.93,33.93,,,500,,,,,,,,
HH,I5034 ,2,NL ,64T2 ,MRN2 ,3574.929253,,,10117906,2024NL5400090,2024,4,23,22,,11,n,53.153,2.8285,,,31,  ,,,,R,2,,,887,,,,,,,,,,,,,,,,,,,,,,9.26,9.27,33.72,33.73,,,500,,,,,,,,
HH,I5034 ,2,NL ,64T2 ,MRN2 ,4028.193864,,,10117908,2024NL5400092,2024,4,24,1,,12,n,52.75317,3.27767,,,33,  ,,,,R,2,,,1583,,,,,,,,,,,,,,,,,,,,,,10.26,10.29,35.02,35.04,,,500,,,,,,,,
HH,I5034 ,2,NL ,64T2 ,MRN2 ,2995.844637,,,10117912,2024NL5400096,2024,4,24,20,,10,n,52.26983,3.193,,,37,  ,,,,R,2,,,1332,,,,,,,,,,,,,,,,,,,,,,10.41,10.42,34.56,34.73,,,500,,,,,,,,
HH,I5034 ,2,NL ,64T2 ,MRN2 ,3669.880374,,,10117914,2024NL5400098,2024,4,25,0,,12,n,52.63783,2.343,,,47,  ,,,,R,2,,,1300,,,,,,,,,,,,,,,,,,,,,,9.52,9.66,33.75,33.9,,,500,,,,,,,,
HH,I5034 ,2,NL ,64T2 ,MRN2 ,3124.790604,,,10117915,2024NL5400099,2024,4,25,2,,11,n,52.2635,2.24833,,,53,  ,,,,R,2,,,386,,,,,,,,,,,,,,,,,,,,,,9.73,9.77,33.65,33.79,,,500,,,,,,,,
HH,I5034 ,2,NL ,64T2 ,MRN2 ,4664.718048,,,10117918,2024NL5400102,2024,4,25,22,,16,n,51.441,2.4165,,,35,  ,,,,R,2,,,996,,,,,,,,,,,,,,,,,,,,,,10.63,10.63,34.59,34.62,,,500,,,,,,,,
HH,I5034 ,2,NL ,64T2 ,MRN2 ,3254.127316,,,10117919,2024NL5400103,2024,4,25,23,,12,n,51.3585,2.67367,,,29,  ,,,,R,2,,,1319,,,,,,,,,,,,,,,,,,,,,,10.81,10.8,33.14,33.5,,,500,,,,,,,,
HH,I5034 ,2,NL ,64T2 ,MRN2 ,4730.754013,,,10117920,2024NL5400104,2024,4,26,2,,15,n,51.64383,3.26783,,,35,  ,,,,R,2,,,2266,,,,,,,,,,,,,,,,,,,,,,10.64,10.63,32.97,33.23,,,500,,,,,,,,
HH,I5034 ,2,NL ,64T2 ,MRN2 ,3298.281541,,,10117871,2024NL5400105,2024,4,26,3,,10,n,51.84183,3.6935,,,25,  ,,,,R,2,,,1554,,,,,,,,,,,,,,,,,,,,,,10.26,10.29,31.57,31.67,,,500,,,,,,,,
HH,I5034 ,2,NL ,64T2 ,MRN2 ,4357.158436,,,10155096,2025NL5400025,2025,4,14,19,,15,n,53.73683,3.325,,,38,  ,,,,R,2,,,1745,,,,,,,,,,,,,,,,,,,,,,8.23,7.81,34.36,34.24,,,500,,,,,,,,
HH,I5034 ,2,NL ,64T2 ,MRN2 ,2953.16915,,,10155092,2025NL5400026,2025,4,14,20,,11,n,53.76117,3.67133,,,38,  ,,,,R,2,,,1214,,,,,,,,,,,,,,,,,,,,,,8.69,7.76,34.4,34.49,,,500,,,,,,,,
HH,I5034 ,2,NL ,64T2 ,MRN2 ,4340.946088,,,10155095,2025NL5400027,2025,4,14,22,,15,n,53.74483,4.2195,,,42,  ,,,,R,2,,,1571,,,,,,,,,,,,,,,,,,,,,,8.57,7.85,34.5,34.51,,,500,,,,,,,,
HH,I5034 ,2,NL ,64T2 ,MRN2 ,5599.744796,,,10155093,2025NL5400028,2025,4,14,23,,17,n,53.7505,4.75917,,,38,  ,,,,R,2,,,1647,,,,,,,,,,,,,,,,,,,,,,9.42,7.93,33.39,34.26,,,500,,,,,,,,
HH,I5034 ,2,NL ,64T2 ,MRN2 ,3121.057014,,,10155094,2025NL5400029,2025,4,15,1,,10,n,53.7545,5.23667,,,34,  ,,,,R,2,,,736,,,,,,,,,,,,,,,,,,,,,,8,8.01,33.49,33.5,,,500,,,,,,,,
HH,I5034 ,2,NL ,64T2 ,MRN2 ,2776.274426,,,10155894,2025NL5400030,2025,4,15,3,,10,n,53.76067,5.74,,,31,  ,,,,R,2,,,698,,,,,,,,,,,,,,,,,,,,,,8.22,7.95,32.65,32.92,,,500,,,,,,,,
HH,I5034 ,2,NL ,64T2 ,MRN2 ,3984.994994,,,10155128,2025NL5400031,2025,4,15,19,,14,n,54.25,3.269,,,42,  ,,,,R,2,,,1587,,,,,,,,,,,,,,,,,,,,,,8.27,7.39,34.46,34.47,,,500,,,,,,,,
HH,I5034 ,2,NL ,64T2 ,MRN2 ,4946.567333,,,10155114,2025NL5400033,2025,4,15,22,,15,n,54.24983,4.27433,,,51,  ,,,,R,2,,,1891,,,,,,,,,,,,,,,,,,,,,,9.11,7.02,34.21,34.45,,,500,,,,,,,,
HH,I5034 ,2,NL ,64T2 ,MRN2 ,3576.443839,,,10155109,2025NL5400034,2025,4,15,23,,11,n,54.24933,4.75633,,,47,  ,,,,R,2,,,1265,,,,,,,,,,,,,,,,,,,,,,8.6,7.02,34.22,34.38,,,500,,,,,,,,
HH,I5034 ,2,NL ,64T2 ,MRN2 ,3877.272952,,,10155153,2025NL5400035,2025,4,16,1,,12,n,54.23617,5.24033,,,43,  ,,,,R,2,,,1216,,,,,,,,,,,,,,,,,,,,,,8.69,7.02,33.95,34.16,,,500,,,,,,,,
HH,I5034 ,2,NL ,64T2 ,MRN2 ,4555.309348,,,10155134,2025NL5400036,2025,4,16,2,,15,n,54.24217,5.68817,,,40,  ,,,,R,2,,,1214,,,,,,,,,,,,,,,,,,,,,,8.36,7.02,33.69,33.81,,,500,,,,,,,,
HH,I5034 ,2,NL ,64T2 ,MRN2 ,3597.339754,,,10155125,2025NL5400037,2025,4,16,19,,14,n,55.1745,4.342,,,49,  ,,,,R,2,,,1187,,,,,,,,,,,,,,,,,,,,,,8.07,6.76,34.62,34.62,,,500,,,,,,,,
HH,I5034 ,2,NL ,64T2 ,MRN2 ,4005.890908,,,10155140,2025NL5400038,2025,4,16,20,,16,n,54.832,4.34217,,,52,  ,,,,R,2,,,1340,,,,,,,,,,,,,,,,,,,,,,8.19,6.89,34.52,34.53,,,500,,,,,,,,
HH,I5034 ,2,NL ,64T2 ,MRN2 ,3357.397012,,,10155892,2025NL5400039,2025,4,16,22,,11,n,54.75433,4.761,,,45,  ,,,,R,2,,,1341,,,,,,,,,,,,,,,,,,,,,,8.29,7.19,34.46,34.48,,,500,,,,,,,,
HH,I5034 ,2,NL ,64T2 ,MRN2 ,3911.499019,,,10155116,2025NL5400040,2025,4,16,23,,12,n,54.75117,5.26017,,,45,  ,,,,R,2,,,1481,,,,,,,,,,,,,,,,,,,,,,8.48,6.91,34.29,34.41,,,500,,,,,,,,
HH,I5034 ,2,NL ,64T2 ,MRN2 ,3505.10951,,,10155893,2025NL5400041,2025,4,17,1,,11,n,54.7495,5.757,,,44,  ,,,,R,2,,,1169,,,,,,,,,,,,,,,,,,,,,,8.4,7.09,34.15,34.33,,,500,,,,,,,,
HH,I5034 ,2,NL ,64T2 ,MRN2 ,5200.92105,,,10155891,2025NL5400042,2025,4,17,2,,17,n,54.7575,6.27,,,40,  ,,,,R,2,,,1598,,,,,,,,,,,,,,,,,,,,,,8.23,7.39,34.32,34.44,,,500,,,,,,,,
HH,I5034 ,2,NL ,64T2 ,MRN2 ,4215.210327,,,10155115,2025NL5400043,2025,4,17,3,,14,n,54.75517,6.66583,,,41,  ,,,,R,2,,,1170,,,,,,,,,,,,,,,,,,,,,,7.91,7.29,34.31,34.38,,,500,,,,,,,,
HH,I5034 ,2,NL ,64T2 ,MRN2 ,3058.008996,,,10155142,2025NL5400044,2025,4,17,19,,12,n,54.1775,6.669,,,36,  ,,,,R,2,,,1234,,,,,,,,,,,,,,,,,,,,,,7.73,7.61,33.41,33.5,,,500,,,,,,,,
HH,I5034 ,2,NL ,64T2 ,MRN2 ,2860.218358,,,10155108,2025NL5400045,2025,4,17,20,,11,n,54.16267,6.3725,,,36,  ,,,,R,2,,,1029,,,,,,,,,,,,,,,,,,,,,,7.69,7.61,33.68,33.68,,,500,,,,,,,,
HH,I5034 ,2,NL ,64T2 ,MRN2 ,3386.579237,,,10155122,2025NL5400046,2025,4,17,21,,13,n,53.863,6.3405,,,30,  ,,,,R,2,,,1147,,,,,,,,,,,,,,,,,,,,,,7.99,7.98,32.64,32.67,,,500,,,,,,,,
HH,I5034 ,2,NL ,64T2 ,MRN2 ,4048.76356,,,10155888,2025NL5400047,2025,4,17,23,,12,n,53.82583,6.78467,,,21,  ,,,,R,2,,,1893,,,,,,,,,,,,,,,,,,,,,,8.43,8.4,31.92,32,,,500,,,,,,,,
HH,I5034 ,2,NL ,64T2 ,MRN2 ,3609.589083,,,10155148,2025NL5400048,2025,4,18,0,,11,n,53.838,7.25133,,,27,  ,,,,R,2,,,1493,,,,,,,,,,,,,,,,,,,,,,8.44,8.42,32.15,32.17,,,500,,,,,,,,
HH,I5034 ,2,NL ,64T2 ,MRN2 ,4079.747158,,,10155141,2025NL5400049,2025,4,18,2,,13,n,54.16917,7.35167,,,40,  ,,,,R,2,,,1311,,,,,,,,,,,,,,,,,,,,,,7.53,7.53,33.58,33.58,,,500,,,,,,,,
HH,I5034 ,2,NL ,64T2 ,MRN2 ,3202.479025,,,10155135,2025NL5400050,2025,4,18,3,,12,n,54.17667,7.66783,,,40,  ,,,,R,2,,,989,,,,,,,,,,,,,,,,,,,,,,7.5,7.48,33.34,33.38,,,500,,,,,,,,
HH,I5034 ,2,NL ,64T2 ,MRN2 ,2594.33586,,,10155130,2025NL5400051,2025,4,18,19,,11,n,54.83183,7.64083,,,21,  ,,,,R,2,,,1039,,,,,,,,,,,,,,,,,,,,,,8.29,7.95,31.48,32.05,,,500,,,,,,,,
HH,I5034 ,2,NL ,64T2 ,MRN2 ,3204.280397,,,10155127,2025NL5400052,2025,4,18,20,,12,n,54.83183,7.326,,,25,  ,,,,R,2,,,1202,,,,,,,,,,,,,,,,,,,,,,7.96,7.89,32.53,32.57,,,500,,,,,,,,
HH,I5034 ,2,NL ,64T2 ,MRN2 ,4449.748953,,,10155137,2025NL5400053,2025,4,18,22,,14,n,55.253,7.3365,,,24,  ,,,,R,2,,,1290,,,,,,,,,,,,,,,,,,,,,,8.73,7.62,31.6,32.79,,,500,,,,,,,,
HH,I5034 ,2,NL ,64T2 ,MRN2 ,3698.576856,,,10155118,2025NL5400055,2025,4,19,1,,12,n,55.484,7.59867,,,24,  ,,,,R,2,,,1225,,,,,,,,,,,,,,,,,,,,,,7.86,7.72,32.36,32.45,,,500,,,,,,,,
HH,I5034 ,2,NL ,64T2 ,MRN2 ,3535.372559,,,10155099,2025NL5400056,2025,4,19,2,,12,n,55.32317,7.736,,,24,  ,,,,R,2,,,1202,,,,,,,,,,,,,,,,,,,,,,7.61,7.48,32.35,32.4,,,500,,,,,,,,
HH,I5034 ,2,NL ,64T2 ,MRN2 ,4501.26819,,,10155104,2025NL5400061,2025,4,21,19,,16,n,55.24983,6.67217,,,42,  ,,,,R,2,,,1242,,,,,,,,,,,,,,,,,,,,,,8.9,6.81,33.61,34.44,,,500,,,,,,,,
HH,I5034 ,2,NL ,64T2 ,MRN2 ,3459.354663,,,10155102,2025NL5400066,2025,4,22,1,,12,n,55.84883,6.6535,,,40,  ,,,,R,2,,,1125,,,,,,,,,,,,,,,,,,,,,,8.75,6.51,33.38,34.43,,,500,,,,,,,,
HH,I5034 ,2,NL ,64T2 ,MRN2 ,3425.488871,,,10155112,2025NL5400069,2025,4,22,19,,11,n,56.252,7.57183,,,32,  ,,,,R,2,,,1206,,,,,,,,,,,,,,,,,,,,,,9.11,6.62,32.68,33.86,,,500,,,,,,,,
HH,I5034 ,2,NL ,64T2 ,MRN2 ,3687.40835,,,10155106,2025NL5400070,2025,4,22,20,,14,n,56.33633,7.2485,,,35,  ,,,,R,2,,,1233,,,,,,,,,,,,,,,,,,,,,,8.9,6.54,33.34,34.46,,,500,,,,,,,,
HH,I5034 ,2,NL ,64T2 ,MRN2 ,3001.806192,,,10155126,2025NL5400074,2025,4,23,2,,10,n,56.34333,5.86183,,,45,  ,,,,R,2,,,1116,,,,,,,,,,,,,,,,,,,,,,8.01,6.92,34.86,34.86,,,500,,,,,,,,
HH,I5034 ,2,NL ,64T2 ,MRN2 ,3380.454573,,,10155890,2025NL5400079,2025,4,23,23,,12,n,55.7455,5.25067,,,54,  ,,,,R,2,,,1165,,,,,,,,,,,,,,,,,,,,,,8.72,6.68,34.66,34.71,,,500,,,,,,,,
HH,I5034 ,2,NL ,64T2 ,MRN2 ,2784.921011,,,10155100,2025NL5400083,2025,4,24,19,,10,n,52.74983,3.24683,,,30,  ,,,,R,2,,,1257,,,,,,,,,,,,,,,,,,,,,,9.76,9.75,34.86,34.85,,,500,,,,,,,,
HH,I5034 ,2,NL ,64T2 ,MRN2 ,3049.722685,,,10155136,2025NL5400085,2025,4,24,21,,11,n,52.72933,3.75583,,,26,  ,,,,R,2,,,958,,,,,,,,,,,,,,,,,,,,,,10.08,10.07,35.12,35.11,,,500,,,,,,,,
HH,I5034 ,2,NL ,64T2 ,MRN2 ,3879.794873,,,10155124,2025NL5400086,2025,4,24,22,,13,n,52.67383,4.119,,,23,  ,,,,R,2,,,1267,,,,,,,,,,,,,,,,,,,,,,9.97,9.94,33.7,34.08,,,500,,,,,,,,
HH,I5034 ,2,NL ,64T2 ,MRN2 ,3273.092805,,,10155111,2025NL5400087,2025,4,25,0,,11,n,52.25333,4.28033,,,19,  ,,,,R,2,,,838,,,,,,,,,,,,,,,,,,,,,,10.54,10.45,30.57,30.93,,,500,,,,,,,,
HH,I5034 ,2,NL ,64T2 ,MRN2 ,3455.391645,,,10155149,2025NL5400088,2025,4,25,3,,12,n,51.83717,3.63733,,,21,  ,,,,R,2,,,1282,,,,,,,,,,,,,,,,,,,,,,10.22,10.22,32.54,32.56,,,500,,,,,,,,
HH,I5034 ,2,GB-ENG,74E9,MRN2,10005.24507,,,2,20250215,2025,4,17,1,,20,n,52.234833,1.837833,,,35,,,,,R,,,,2292.776,,,,,,,,,,,,,,,,,,,,,,8.48,8.49,33.83,33.86,,,500,,,,,,,,
HH,I5034 ,2,GB-ENG,74E9,MRN2,7736.177241,,,3,20250308,2025,4,17,3,,29,n,52.26,2.262,,,55,,,,,R,,,,1227.876,210,,,,,,,,,,,,,,,,,,,,,8.51,8.53,34.45,34.45,,,500,,,,,,,,
HH,I5034 ,2,GB-ENG,74E9,MRN2,2680.978745,,,9,20250917,2025,4,17,20,,13,n,51.7725,1.424167,,,23,,,,,R,,,,1283.436,100,,,,,,,,,,,,,,,,,,,,,10.71,10.64,34.04,34.1,,,500,,,,,,,,
HH,I5034 ,2,GB-ENG,74E9,MRN2,5029.108168,,,10,20251018,2025,4,17,23,,18,n,51.716167,1.777833,,,36,,,,,R,,,,1024.156,125,,,,,,,,,,,,,,,,,,,,,9.81,9.76,34.4,34.39,,,500,,,,,,,,
HH,I5034 ,2,GB-ENG,74E9,MRN2,4799.829538,,,11,20251109,2025,4,18,2,,18,n,51.785,2.2,,,47,,,,,R,,,,1742.732,160,,,,,,,,,,,,,,,,,,,,,9.75,9.76,34.78,34.8,,,500,,,,,,,,
HH,I5034 ,2,GB-ENG,74E9,MRN2,2386.07899,,,16,20251616,2025,4,18,19,,16,n,51.274167,1.676833,,,53,,,,,R,,,,1118.608,200,,,,,,,,,,,,,,,,,,,,,10.3,10.32,35.07,35.07,,,500,,,,,,,,
HH,I5034 ,2,GB-ENG,74E9,MRN2,5258.386799,,,17,20251711,2025,4,18,23,,19,n,51.2565,2.1975,,,36,,,,,R,,,,1268.62,150,,,,,,,,,,,,,,,,,,,,,10.25,10.25,34.27,34.29,,,500,,,,,,,,
HH,I5034 ,2,GB-ENG,74E9,MRN2,4386.337387,,,18,20251812,2025,4,19,1,,18,n,51.3105,2.636333,,,27,,,,,R,,,,1651.984,60,,,,,,,,,,,,,,,,,,,,,10.25,10.21,32.26,32.31,,,500,,,,,,,,
HH,I5034 ,2,GB-ENG,74E9,MRN2,4130.968429,,,22,20252210,2025,4,19,19,,17,n,51.810667,2.798333,,,30,,,,,R,,,,1877.928,90,,,,,,,,,,,,,,,,,,,,,9.98,9.99,34.48,34.47,,,500,,,,,,,,
HH,I5034 ,2,GB-ENG,74E9,MRN2,4442.471121,,,24,20252413,2025,4,19,21,,18,n,51.752167,3.185167,,,30,,,,,R,,,,1420.484,100,,,,,,,,,,,,,,,,,,,,,9.77,9.83,32.95,33.09,,,500,,,,,,,,
HH,I5034 ,2,GB-ENG,74E9,MRN2,6543.928362,,,25,20252507,2025,4,20,1,,24,n,52.216,2.826,,,42,,,,,R,,,,1846.444,200,,,,,,,,,,,,,,,,,,,,,9.61,9.61,34.85,34.83,,,500,,,,,,,,
HH,I5034 ,2,GB-ENG,74E9,MRN2,4965.858891,,,26,20252606,2025,4,20,3,,19,n,52.2445,3.194167,,,35,,,,,R,,,,1855.704,150,,,,,,,,,,,,,,,,,,,,,9.58,9.59,34.62,34.61,,,500,,,,,,,,
HH,I5034 ,2,GB-ENG,74E9,MRN2,6769.253913,,,31,20253105,2025,4,20,19,,24,n,52.270667,3.593333,,,31,,,,,R,,,,1829.776,150,,,,,,,,,,,,,,,,,,,,,9.55,9.56,34.46,34.48,,,500,,,,,,,,
HH,I5034 ,2,GB-ENG,74E9,MRN2,6082.999253,,,32,20253223,2025,4,21,0,,25,n,52.799833,2.834333,,,31,,,,,R,,,,2622.432,150,,,,,,,,,,,,,,,,,,,,,8.95,8.96,34.69,34.72,,,500,,,,,,,,
HH,I5034 ,2,GB-ENG,74E9,MRN2,5700.341125,,,33,20253322,2025,4,21,3,,25,n,52.797333,2.366,,,47,,,,,R,,,,1729.768,175,,,,,,,,,,,,,,,,,,,,,8.49,8.48,34.12,34.13,,,500,,,,,,,,
HH,I5034 ,2,GB-ENG,74E9,MRN2,6704.423403,,,40,20254001,2025,4,21,22,,23,n,53.285833,4.350667,,,32,,,,,R,,,,2048.312,120,,,,,,,,,,,,,,,,,,,,,10.02,9.84,34.88,34.07,,,500,,,,,,,,
HH,I5034 ,2,GB-ENG,74E9,MRN2,5594.398585,,,41,20254102,2025,4,22,1,,21,n,53.218667,3.791,,,27,,,,,R,,,,1911.264,80,,,,,,,,,,,,,,,,,,,,,9.67,9.68,34.91,34.88,,,500,,,,,,,,
HH,I5034 ,2,GB-ENG,74E9,MRN2,4599.013082,,,42,20254203,2025,4,22,3,,18,n,53.254667,3.275667,,,26,,,,,R,,,,1390.852,85,,,,,,,,,,,,,,,,,,,,,9.52,9.52,34.81,34.81,,,500,,,,,,,,
HH,I5034 ,2,GB-ENG,74E9,MRN2,4711.28055,,,47,20254704,2025,4,22,19,,20,n,53.356,2.7235,,,31,,,,,R,,,,1764.956,150,,,,,,,,,,,,,,,,,,,,,,,,,,,500,,,,,,,,
HH,I5034 ,2,GB-ENG,74E9,MRN2,5894.042037,,,48,20254819,2025,4,22,21,,22,n,53.245333,2.258,,,23,,,,,R,,,,1489.008,125,,,,,,,,,,,,,,,,,,,,,,,,,,,500,,,,,,,,
HH,I5034 ,2,GB-ENG,74E9,MRN2,5076.545126,,,50,20255021,2025,4,23,3,,19,n,52.771667,1.746833,,,34,,,,,R,,,,974.152,125,,,,,,,,,,,,,,,,,,,,,,,,,,,500,,,,,,,,
HH,I5034 ,2,NL,64T2 ,MRN2,3996.191245,,,721917,2018NL018,2018,4,17,8,,10,d,54.75317,7.55617,,,23,,,,,R,2,,,911,,,,,,,,,,,,,,,,,,,,,,5.28,5.22,33.44,32.96,,,500,,,,,,,,
HH,I5034 ,2,NL,64T2 ,MRN2,4616.682478,,,721927,2018NL028,2018,4,18,4,,13,n,55.77033,5.29067,,,55,,,,,R,2,,,1489,,,,,,,,,,,,,,,,,,,,,,5.21,5.21,35.17,34.94,,,500,,,,,,,,
HH,I5034 ,2,NL,64T2 ,MRN2,2915.320889,,,748728,2019NL009,2019,4,16,0,,11,n,53.77633,6.7525,,,16,,,,,R,2,,,522,,,,,,,,,,,,,,,,,,,,,,7.79,7.78,32.55,32.59,,,500,,,,,,,,
HH,I5034 ,2,NL,64T2 ,MRN2,3500.852084,,,748736,2019NL017,2019,4,16,11,,12,d,55.25867,7.63583,,,25,,,,,R,2,,,1267,,,,,,,,,,,,,,,,,,,,,,7.29,7.14,31.74,33.08,,,500,,,,,,,,
HH,I5034 ,2,NL,64T2 ,MRN2,3950.311843,,,748737,2019NL018,2019,4,16,13,,12,d,55.68817,7.4395,,,18,,,,,R,2,,,1435,,,,,,,,,,,,,,,,,,,,,,7.71,7.33,31.84,33.37,,,500,,,,,,,,
HH,I5034 ,2,NL,64T2 ,MRN2,3385.981579,,,748739,2019NL020,2019,4,16,15,,11,d,55.75583,6.75567,,,36,,,,,R,2,,,1034,,,,,,,,,,,,,,,,,,,,,,7.51,6.92,33.9,34.74,,,500,,,,,,,,
HH,I5034 ,2,NL,64T2 ,MRN2,4917.845286,,,748740,2019NL021,2019,4,16,17,,16,d,55.74283,6.23633,,,46,,,,,R,2,,,1410,,,,,,,,,,,,,,,,,,,,,,7.16,7.09,34.79,34.75,,,500,,,,,,,,
HH,I5034 ,2,NL,64T2 ,MRN2,5624.800001,,,748744,2019NL025,2019,4,16,23,,17,n,55.24217,5.257,,,42,,,,,R,2,,,1403,,,,,,,,,,,,,,,,,,,,,,7.28,7.29,34.79,34.79,,,500,,,,,,,,
HH,I5034 ,2,NL,64T2 ,MRN2,4587.496218,,,748746,2019NL027,2019,4,17,2,,16,n,55.26767,6.18433,,,49,,,,,R,2,,,1287,,,,,,,,,,,,,,,,,,,,,,7.21,7.07,34.61,34.68,,,500,,,,,,,,
HH,I5034 ,2,NL,64T2 ,MRN2,3691.275001,,,748747,2019NL028,2019,4,17,4,,14,n,55.057,6.81933,,,38,,,,,R,2,,,1375,,,,,,,,,,,,,,,,,,,,,,7.4,7.1,32.37,34.52,,,500,,,,,,,,
HH,I5034 ,2,NL,64T2 ,MRN2,2808.545286,,,748748,2019NL029,2019,4,17,6,,10,n,55.00133,7.192,,,32,,,,,R,2,,,1062,,,,,,,,,,,,,,,,,,,,,,7.32,7.32,31.75,33.44,,,500,,,,,,,,
HH,I5034 ,2,NL,64T2 ,MRN2,3672.386898,,,748749,2019NL030,2019,4,17,7,,11,d,54.75417,7.253,,,28,,,,,R,2,,,1180,,,,,,,,,,,,,,,,,,,,,,7.22,7.35,31.89,33.32,,,500,,,,,,,,
HH,I5034 ,2,NL,64T2 ,MRN2,4222.454716,,,748751,2019NL032,2019,4,17,10,,13,d,54.34233,6.824,,,39,,,,,R,2,,,1507,,,,,,,,,,,,,,,,,,,,,,7.66,7.29,34.11,34.48,,,500,,,,,,,,
HH,I5034 ,2,NL,64T2 ,MRN2,3053.705154,,,748756,2019NL037,2019,4,17,18,,10,d,54.6085,5.622,,,44,,,,,R,2,,,695,,,,,,,,,,,,,,,,,,,,,,7.38,7.35,34.74,34.67,,,500,,,,,,,,
HH,I5034 ,2,NL,64T2 ,MRN2,3360.925933,,,748759,2019NL040,2019,4,17,22,,10,n,54.3425,4.81867,,,46,,,,,R,2,,,1152,,,,,,,,,,,,,,,,,,,,,,7.31,7.27,34.58,34.57,,,500,,,,,,,,
HH,I5034 ,2,NL,64T2 ,MRN2,4814.924398,,,748760,2019NL041,2019,4,18,0,,14,n,54.658,4.6215,,,49,U,,,,R,2,,,1743,,,,,,,,,,,,,,,,,,,,,,7.47,7.41,34.7,34.7,,,500,,,,,,,,
HH,I5034 ,2,NL,64T2 ,MRN2,6678.293587,,,748761,2019NL042,2019,4,18,1,,19,n,54.65133,4.30483,,,49,,,,,R,2,,,2148,,,,,,,,,,,,,,,,,,,,,,7.41,7.39,34.64,34.63,,,500,,,,,,,,
HH,I5034 ,2,NL,64T2 ,MRN2,4371.632183,,,748764,2019NL044,2019,4,18,4,,15,n,54.25233,3.75117,,,44,,,,,R,2,,,1189,,,,,,,,,,,,,,,,,,,,,,7.47,7.47,34.61,34.59,,,500,,,,,,,,
HH,I5034 ,2,NL,64T2 ,MRN2,3596.834485,,,748765,2019NL045,2019,4,18,5,,12,n,54.15467,3.32233,,,41,,,,,R,2,,,863,,,,,,,,,,,,,,,,,,,,,,7.66,7.67,34.62,34.57,,,500,,,,,,,,
HH,I5034 ,2,NL,64T2 ,MRN2,4406.710088,,,748766,2019NL046,2019,4,18,7,,14,d,53.893,3.33567,,,39,,,,,R,2,,,1486,,,,,,,,,,,,,,,,,,,,,,7.88,7.88,34.65,34.61,,,500,,,,,,,,
HH,I5034 ,2,NL,64T2 ,MRN2,3352.831031,,,748767,2019NL047,2019,4,18,8,,11,d,53.73683,3.80117,,,39,,,,,R,2,,,1048,,,,,,,,,,,,,,,,,,,,,,8.03,7.91,34.98,34.57,,,500,,,,,,,,
HH,I5034 ,2,NL,64T2 ,MRN2,3631.526919,,,748774,2019NL054,2019,4,18,19,,12,d,52.6555,3.62633,,,30,,,,,R,2,,,1296,,,,,,,,,,,,,,,,,,,,,,9.13,9.13,35.15,34.99,,,500,,,,,,,,
HH,I5034 ,2,NO,58J1,MRN2,4767,,,,338,2019,4,25,18,,,d,56.7382,7.74567,,,33,,,,,R,,,,,,,,,,,,,,,,,,,,,,,,,,,,,,,,,,,,,,,,
HH,I5034 ,2,NO,58J1,MRN2,5083,,,,339,2019,4,25,22,,,n,56.2328,7.74267,,,27,,,,,R,,,,,,,,,,,,,,,,,,,,,,,,,,,,,,,,,,,,,,,,
HH,I5034 ,2,NO,58J1,MRN2,4450,,,,345,2019,4,26,5,,,n,56.2657,7.24917,,,31,,,,,R,,,,,,,,,,,,,,,,,,,,,,,,,,,,,,,,,,,,,,,,
HH,I5034 ,2,NO,58J1,MRN2,4712,,,,346,2019,4,26,8,,,d,56.7533,7.2225,,,31,,,,,R,,,,,,,,,,,,,,,,,,,,,,,,,,,,,,,,,,,,,,,,
HH,I5034 ,2,NO,58J1,MRN2,4740,,,,347,2019,4,26,10,,,d,56.7358,6.749,,,42,,,,,R,,,,,,,,,,,,,,,,,,,,,,,,,,,,,,,,,,,,,,,,
HH,I5034 ,2,NO,58J1,MRN2,3685,,,,348,2019,4,26,14,,,d,56.2505,6.75133,,,39,,,,,R,,,,,,,,,,,,,,,,,,,,,,,,,,,,,,,,,,,,,,,,
HH,I5034 ,2,NO,58J1,MRN2,3240,,,,349,2019,4,26,16,,,d,56.2487,6.24917,,,40,,,,,R,,,,,,,,,,,,,,,,,,,,,,,,,,,,,,,,,,,,,,,,
HH,I5034 ,2,NO,58J1,MRN2,4412,,,,350,2019,4,26,21,,,n,56.7508,6.24933,,,48,,,,,R,,,,,,,,,,,,,,,,,,,,,,,,,,,,,,,,,,,,,,,,
HH,I5034 ,2,NO,58J1,MRN2,3884,,,,351,2019,4,26,23,,,n,56.749,5.75083,,,56,,,,,R,,,,,,,,,,,,,,,,,,,,,,,,,,,,,,,,,,,,,,,,
HH,I5034 ,2,NO,58J1,MRN2,3697,,,,352,2019,4,27,3,,,n,56.2523,5.75067,,,50,,,,,R,,,,,,,,,,,,,,,,,,,,,,,,,,,,,,,,,,,,,,,,
HH,I5034 ,2,NO,58J1,MRN2,4245,,,,353,2019,4,27,7,,,d,55.8333,5.58383,,,51,,,,,R,,,,,,,,,,,,,,,,,,,,,,,,,,,,,,,,,,,,,,,,
HH,I5034 ,2,NO,58J1,MRN2,3130,,,,354,2019,4,27,11,,,d,56.2487,5.251,,,55,,,,,R,,,,,,,,,,,,,,,,,,,,,,,,,,,,,,,,,,,,,,,,
HH,I5034 ,2,NO,58J1,MRN2,4204,,,,355,2019,4,27,14,,,d,56.7508,5.24933,,,59,,,,,R,,,,,,,,,,,,,,,,,,,,,,,,,,,,,,,,,,,,,,,,
HH,I5034 ,2,NL,64T2 ,MRN2 ,4062.7457,,,10033380,2021NL5400132,2021,4,20,6,,11,d,54.722,7.52517,,,24,  ,,,,R,2,,,839,,,,,,,,,,,,,,,,,,,,,,6.37,6.11,31.43,31.58,,,500,,,,,,,,
HH,I5034 ,2,NL,64T2 ,MRN2 ,3295.816293,,,10033426,2021NL5400142,2021,4,20,22,,11,n,55.25133,5.77133,,,47,  ,,,,R,2,,,828,,,,,,,,,,,,,,,,,,,,,,6.75,5.95,34.22,34.56,,,500,,,,,,,,
HH,I5034 ,2,NO,58D4,MRN2 ,717.58,,,243,MIK222,2021,4,20,13,,7,d,56.38,7.13,,,36.22,,,,,R,,,,745,,,,,,,,,,,,,,,,,,,,,,,,,,,,500,,,,,,,,
HH,I5034 ,2,NO,58D4,MRN2 ,607.03,,,245,MIK223,2021,4,20,15,,7,d,56.39,7.34,,,31.92,,,,,R,,,,632,,,,,,,,,,,,,,,,,,,,,,,,,,,,500,,,,,,,,
HH,I5034 ,2,NO,58D4,MRN2 ,647.18,,,247,MIK227,2021,4,20,17,,6,d,56.38,8.01,,,26.08,,,,,R,,,,659,,,,,,,,,,,,,,,,,,,,,,,,,,,,500,,,,,,,,
HH,I5034 ,2,NO,58D4,MRN2 ,845.09,,,250,MIK231,2021,4,20,22,,8,n,56.1,7.33,,,30.41,,,,,R,,,,800,,,,,,,,,,,,,,,,,,,,,,,,,,,,500,,,,,,,,
HH,I5034 ,2,NO,58D4,MRN2 ,579.6,,,253,MIK234,2021,4,21,1,,6,n,56.09,7.04,,,33.57,,,,,R,,,,643,,,,,,,,,,,,,,,,,,,,,,,,,,,,500,,,,,,,,
HH,I5034 ,2,NO,58D4,MRN2 ,1163.73,,,254,MIK238,2021,4,21,5,,11,n,55.19,7,,,29.28,,,,,R,,,,1085,,,,,,,,,,,,,,,,,,,,,,,,,,,,500,,,,,,,,
HH,I5034 ,2,NO,58D4,MRN2 ,966.1,,,256,MIK239,2021,4,21,7,,9,d,55.19,7.2,,,26.49,,,,,R,,,,985,,,,,,,,,,,,,,,,,,,,,,,,,,,,500,,,,,,,,
HH,I5034 ,2,NL,64T2 ,MRN2 ,3435.837555,,,10057771,2022NL5400170,2022,4,26,6,,10,d,53.88617,7.22033,,,26,  ,,,,R,2,,,1200,,,,,,,,,,,,,,,,,,,,,,8.37,8.37,32.78,32.79,,,500,,,,,,,,
HH,I5034 ,2,NL,64T2 ,MRN2 ,4808.303065,,,10057774,2022NL5400173,2022,4,26,14,,14,d,55.22867,7.64567,,,24,  ,,,,R,2,,,1475,,,,,,,,,,,,,,,,,,,,,,8.91,8.05,31.56,31.91,,,500,,,,,,,,
HH,I5034 ,2,NL,64T2 ,MRN2 ,3705.291103,,,10057775,2022NL5400174,2022,4,26,14,,11,d,55.6625,7.432,,,19,  ,,,,R,2,,,1156,,,,,,,,,,,,,,,,,,,,,,8.6,8.54,31.89,31.9,,,500,,,,,,,,
HH,I5034 ,2,NL,64T2 ,MRN2 ,3705.291103,,,10057776,2022NL5400175,2022,4,26,17,,11,d,55.75433,7.26317,,,28,  ,,,,R,2,,,1107,,,,,,,,,,,,,,,,,,,,,,8.25,6.53,32.05,32.86,,,500,,,,,,,,
HH,I5034 ,2,NL,64T2 ,MRN2 ,4240.54046,,,10057779,2022NL5400178,2022,4,26,21,,14,n,56.25,6.782,,,41,  ,,,,R,2,,,1243,,,,,,,,,,,,,,,,,,,,,,8.82,6.43,33.6,34.3,,,500,,,,,,,,
HH,I5034 ,2,NL,64T2 ,MRN2 ,3616.6925,,,10057780,2022NL5400179,2022,4,26,23,,12,n,56.17767,6.37033,,,45,  ,,,,R,2,,,1098,,,,,,,,,,,,,,,,,,,,,,8.68,6.62,33.94,34.45,,,500,,,,,,,,
HH,I5034 ,2,NL,64T2 ,MRN2 ,2785.572581,,,10057783,2022NL5400182,2022,4,27,4,,10,n,55.7025,5.78917,,,51,  ,,,,R,2,,,756,,,,,,,,,,,,,,,,,,,,,,8.73,6.73,33.35,34.64,,,500,,,,,,,,
HH,I5034 ,2,NL,64T2 ,MRN2 ,3326.511756,,,10057784,2022NL5400183,2022,4,27,5,,11,n,55.573,5.33033,,,50,  ,,,,R,2,,,983,,,,,,,,,,,,,,,,,,,,,,8.28,6.85,34.67,34.67,,,500,,,,,,,,
HH,I5034 ,2,NL,64T2 ,MRN2 ,3236.287491,,,10057787,2022NL5400186,2022,4,27,9,,10,d,55.25083,5.736,,,46,  ,,,,R,2,,,935,,,,,,,,,,,,,,,,,,,,,,8.51,6.83,34.66,34.64,,,500,,,,,,,,
HH,I5034 ,2,NL,64T2 ,MRN2 ,3604.093617,,,10057788,2022NL5400187,2022,4,27,11,,12,d,55.249,6.25017,,,49,  ,,,,R,2,,,989,,,,,,,,,,,,,,,,,,,,,,9.18,6.84,33.36,34.58,,,500,,,,,,,,
HH,I5034 ,2,NL,64T2 ,MRN2 ,4155.193182,,,10057790,2022NL5400189,2022,4,27,14,,13,d,55.06717,7.063,,,35,  ,,,,R,2,,,1205,,,,,,,,,,,,,,,,,,,,,,8.04,6.81,32.14,33.66,,,500,,,,,,,,
HH,I5034 ,2,NL,64T2 ,MRN2 ,3206.619151,,,10057800,2022NL5400199,2022,4,28,5,,11,n,54.334,5.151,,,45,  ,,,,R,2,,,800,,,,,,,,,,,,,,,,,,,,,,8.81,7.43,34.19,34.4,,,500,,,,,,,,
HH,I5034 ,2,NL,64T2 ,MRN2 ,3526.06182,,,10057801,2022NL5400200,2022,4,28,6,,12,d,54.34367,4.84783,,,46,  ,,,,R,2,,,946,,,,,,,,,,,,,,,,,,,,,,9.05,7.32,34.3,34.44,,,500,,,,,,,,
HH,I5034 ,2,NL,64T2 ,MRN2 ,3080.630313,,,10057802,2022NL5400201,2022,4,28,8,,10,d,54.64983,4.64083,,,46,  ,,,,R,2,,,895,,,,,,,,,,,,,,,,,,,,,,8.56,7.19,34.43,34.39,,,500,,,,,,,,
HH,I5034 ,2,NL,64T2 ,MRN2 ,3195.239514,,,10057804,2022NL5400203,2022,4,28,10,,11,d,54.33617,4.13567,,,47,  ,,,,R,2,,,1165,,,,,,,,,,,,,,,,,,,,,,8.97,7.37,34.37,34.44,,,500,,,,,,,,
HH,I5034 ,2,NL,64T2 ,MRN2 ,4511.61967,,,10057806,2022NL5400205,2022,4,28,13,,14,d,54.15983,3.32867,,,41,  ,,,,R,2,,,1566,,,,,,,,,,,,,,,,,,,,,,8.65,8.34,34.46,34.47,,,500,,,,,,,,
HH,I5034 ,2,NL,64T2 ,MRN2 ,3428.115658,,,10057810,2022NL5400209,2022,4,28,18,,12,d,53.333,3.82517,,,28,  ,,,,R,2,,,1114,,,,,,,,,,,,,,,,,,,,,,10.04,9.75,33.92,34.5,,,500,,,,,,,,
HH,I5034 ,2,NL,64T2 ,MRN2 ,3431.406244,,,10093671,2023NL5400056,2023,4,24,19,,14,d,51.62967,3.226,,,30,  ,,,,R,2,,,1277,,,,,,,,,,,,,,,,,,,,,,10.12,10.14,33.08,33.11,,,500,,,,,,,,
HH,I5034 ,2,NL,64T2 ,MRN2 ,3941.331421,,,10093678,2023NL5400063,2023,4,25,7,,13,d,52.2575,3.26233,,,35,  ,,,,R,2,,,1394,,,,,,,,,,,,,,,,,,,,,,9.53,9.53,34.62,34.64,,,500,,,,,,,,
HH,I5034 ,2,NL,64T2 ,MRN2 ,3104.573887,,,10093679,2023NL5400064,2023,4,25,9,,11,d,52.33683,3.66417,,,29,  ,,,,R,2,,,992,,,,,,,,,,,,,,,,,,,,,,9.39,9.38,34.39,34.42,,,500,,,,,,,,
HH,I5034 ,2,NL,64T2 ,MRN2 ,3598.824451,,,10093680,2023NL5400065,2023,4,25,10,,14,d,52.66133,3.682,,,31,  ,,,,R,2,,,1103,,,,,,,,,,,,,,,,,,,,,,9.36,9.31,34.65,34.67,,,500,,,,,,,,
HH,I5034 ,2,NL,64T2 ,MRN2 ,4031.37707,,,10093681,2023NL5400066,2023,4,25,14,,13,d,53.33633,3.8325,,,27,  ,,,,R,2,,,1114,,,,,,,,,,,,,,,,,,,,,,9.28,9.26,34.9,34.91,,,500,,,,,,,,
HH,I5034 ,2,NL,64T2 ,MRN2 ,3201.623087,,,10093684,2023NL5400069,2023,4,25,21,,11,n,54.67833,4.35333,,,50,  ,,,,R,2,,,1178,,,,,,,,,,,,,,,,,,,,,,7.88,7.49,34.39,34.44,,,500,,,,,,,,
HH,I5034 ,2,NL,64T2 ,MRN2 ,3602.159475,,,10093693,2023NL5400078,2023,4,26,11,,13,d,54.67767,6.65933,,,41,  ,,,,R,2,,,1070,,,,,,,,,,,,,,,,,,,,,,8.39,8.19,33.07,34.55,,,500,,,,,,,,
HH,I5034 ,2,NL,64T2 ,MRN2 ,3770.244687,,,10093696,2023NL5400081,2023,4,26,16,,13,d,54.74667,7.1285,,,30,  ,,,,R,2,,,1455,,,,,,,,,,,,,,,,,,,,,,8.72,7.98,31.68,34.2,,,500,,,,,,,,
HH,I5034 ,2,NL,64T2 ,MRN2 ,2941.157709,,,10093704,2023NL5400089,2023,4,27,5,,10,n,55.751,6.235,,,47,  ,,,,R,2,,,1054,,,,,,,,,,,,,,,,,,,,,,8.22,7.44,34.04,34.45,,,500,,,,,,,,
HH,I5034 ,2,NL,64T2 ,MRN2 ,4471.266742,,,10093705,2023NL5400090,2023,4,27,6,,15,d,55.75633,6.76167,,,37,  ,,,,R,2,,,1430,,,,,,,,,,,,,,,,,,,,,,7.68,7.35,34.13,34.51,,,500,,,,,,,,
HH,I5034 ,2,NL,64T2 ,MRN2 ,3096.236327,,,10093706,2023NL5400091,2023,4,27,8,,10,d,55.73983,7.27283,,,29,  ,,,,R,2,,,1010,,,,,,,,,,,,,,,,,,,,,,8.08,7.76,33.12,33.58,,,500,,,,,,,,
HH,I5034 ,2,NL,64T2 ,MRN2 ,2948.161259,,,10093709,2023NL5400094,2023,4,27,13,,11,d,54.73133,7.55733,,,24,  ,,,,R,2,,,1105,,,,,,,,,,,,,,,,,,,,,,8.14,7.57,31.14,33.03,,,500,,,,,,,,
HH,I5034 ,2,NL,64T2 ,MRN2 ,3171.274368,,,10093712,2023NL5400097,2023,4,27,19,,12,d,53.7575,6.73033,,,22,  ,,,,R,2,,,1497,,,,,,,,,,,,,,,,,,,,,,9.32,9.22,31.08,31.49,,,500,,,,,,,,
HH,I5034 ,2,NL,64T2 ,MRN2 ,2888.464329,,,10093713,2023NL5400098,2023,4,27,21,,10,n,53.75583,6.21717,,,27,  ,,,,R,2,,,1047,,,,,,,,,,,,,,,,,,,,,,8.89,8.82,32.15,32.49,,,500,,,,,,,,
HH,I5034 ,2,NL,64T2 ,MRN2 ,3131.254079,,,10093723,2023NL5400108,2023,5,1,15,,11,d,52.8435,2.35217,,,47,  ,,,,R,2,,,1055,,,,,,,,,,,,,,,,,,,,,,9.22,9.1,34.29,34.32,,,500,,,,,,,,
HH,I5034 ,2,NO,58J1,MRN2,4771.79302004384,,,598,2023NO_598,2023,5,2,19,,15,d,55.31707333,7.65573,,,24.28,,,,,R,,,,1326.032,,,,,,,,,,,,,,,,,,,,,,,,,,,,500,,,,,,,,
HH,I5034 ,2,NO,58J1,MRN2,3620.94882109209,,,596,2023NO_596,2023,5,2,21,,12,n,55.316,7.331,,,25.68,,,,,R,,,,1137.128,,,,,,,,,,,,,,,,,,,,,,,,,,,,500,,,,,,,,
HH,I5034 ,2,NO,58J1,MRN2,3053.94753282806,,,594,2023NO_594,2023,5,3,23,,13,n,55.319,7.014,,,29.98,,,,,R,,,,1157.5,,,,,,,,,,,,,,,,,,,,,,,,,,,,500,,,,,,,,
HH,I5034 ,2,NO,58J1,MRN2,3072.66044663215,,,605,2023NO_605,2023,5,3,19,,10,d,56.166,7.564,,,29,,,,,R,,,,938.964,,,,,,,,,,,,,,,,,,,,,,,,,,,,500,,,,,,,,
HH,I5034 ,2,NO,58J1,MRN2,2780.73899128829,,,603,2023NO_603,2023,5,3,20,,11,d,56.166,7.266,,,29.21,,,,,R,,,,1063.048,,,,,,,,,,,,,,,,,,,,,,,,,,,,500,,,,,,,,
HH,I5034 ,2,NO,58J1,MRN2,3057.69011558887,,,602,2023NO_602,2023,5,3,21,,10,n,56.169,7.086,,,34,,,,,R,,,,963.04,,,,,,,,,,,,,,,,,,,,,,,,,,,,500,,,,,,,,
HH,I5034 ,2,NO,58J1,MRN2,3381.42352439969,,,593,2023NO_593,2023,5,4,0,,12,n,56.64,7.034,,,38.35,,,,,R,,,,1183.428,,,,,,,,,,,,,,,,,,,,,,,,,,,,500,,,,,,,,
HH,I5034 ,2,NO,58J1,MRN2,3832.40474707834,,,592,2023NO_592,2023,5,4,1,,14,n,56.648,7.19,,,37.87,,,,,R,,,,1353.812,,,,,,,,,,,,,,,,,,,,,,,,,,,,500,,,,,,,,
HH,I5034 ,2,NO,58J1,MRN2,3957.78126956577,,,590,2023NO_590,2023,5,4,2,,13,n,56.652,7.545,,,32.07,,,,,R,,,,1244.544,,,,,,,,,,,,,,,,,,,,,,,,,,,,500,,,,,,,,
HH,I5034 ,2,NL ,64T2 ,MRN2 ,3814.06541,,,10117869,2024NL5400049,2024,4,16,23,,11,n,53.33917,4.67517,,,28,  ,,,,R,2,,,1485,,,,,,,,,,,,,,,,,,,,,,10.36,10.26,34.09,34.74,,,500,,,,,,,,
HH,I5034 ,2,NL ,64T2 ,MRN2 ,3621.037205,,,10117884,2024NL5400064,2024,4,19,3,,13,n,55.2665,8.2075,,,16,  ,,,,R,2,,,1105,,,,,,,,,,,,,,,,,,,,,,9.23,9.17,28.03,29.39,,,500,,,,,,,,
HH,I5034 ,2,NL ,64T2 ,MRN2 ,4428.317108,,,10117887,2024NL5400067,2024,4,20,23,,15,n,55.28667,6.7505,,,37,  ,,,,R,2,,,1131,,,,,,,,,,,,,,,,,,,,,,8.94,8.95,33.85,33.86,,,500,,,,,,,,
HH,I5034 ,2,NL ,64T2 ,MRN2 ,4413.078039,,,10117888,2024NL5400068,2024,4,21,1,,12,n,55.24667,6.25583,,,48,  ,,,,R,2,,,1137,,,,,,,,,,,,,,,,,,,,,,8.77,8.78,34.41,34.41,,,500,,,,,,,,
HH,I5034 ,2,NL ,64T2 ,MRN2 ,3522.569375,,,10117889,2024NL5400069,2024,4,21,2,,11,n,55.24067,5.77233,,,47,  ,,,,R,2,,,1076,,,,,,,,,,,,,,,,,,,,,,7.98,7.99,34.31,34.33,,,500,,,,,,,,
HH,I5034 ,2,NL ,64T2 ,MRN2 ,3435.042416,,,10117890,2024NL5400070,2024,4,21,3,,10,n,55.22983,5.38467,,,42,  ,,,,R,2,,,1113,,,,,,,,,,,,,,,,,,,,,,7.74,7.76,34.54,34.57,,,500,,,,,,,,
HH,I5034 ,2,NL ,64T2 ,MRN2 ,3467.47428,,,10117895,2024NL5400075,2024,4,22,1,,11,n,54.828,5.33667,,,45,  ,,,,R,2,,,889,,,,,,,,,,,,,,,,,,,,,,8.23,8.2,34.17,34.19,,,500,,,,,,,,
HH,I5034 ,2,NL ,64T2 ,MRN2 ,3717.942053,,,10117898,2024NL5400082,2024,4,22,20,,13,n,54.24133,3.743,,,44,  ,,,,R,2,,,1076,,,,,,,,,,,,,,,,,,,,,,8.54,8.33,34.4,34.42,,,500,,,,,,,,
HH,I5034 ,2,NL ,64T2 ,MRN2 ,4356.029217,,,10117907,2024NL5400091,2024,4,24,0,,14,n,52.84433,2.8395,,,35,  ,,,,R,2,,,1380,,,,,,,,,,,,,,,,,,,,,,9.69,9.69,34.14,34.14,,,500,,,,,,,,
HH,I5034 ,2,NL ,64T2 ,MRN2 ,4110.641134,,,10117909,2024NL5400093,2024,4,24,3,,12,n,52.68083,3.676,,,30,  ,,,,R,2,,,1715,,,,,,,,,,,,,,,,,,,,,,10.21,10.22,34.86,34.92,,,500,,,,,,,,
HH,I5034 ,2,NL ,64T2 ,MRN2 ,3447.155522,,,10117911,2024NL5400095,2024,4,24,19,,12,n,52.31633,3.64883,,,30,  ,,,,R,2,,,1450,,,,,,,,,,,,,,,,,,,,,,10.26,10.27,34.56,34.58,,,500,,,,,,,,
HH,I5034 ,2,NL ,64T2 ,MRN2 ,3085.325323,,,10117913,2024NL5400097,2024,4,24,22,,11,n,52.33333,2.69733,,,44,  ,,,,R,2,,,928,,,,,,,,,,,,,,,,,,,,,,10.47,10.46,34.9,34.96,,,500,,,,,,,,
HH,I5034 ,2,NL ,64T2 ,MRN2 ,4479.504749,,,10117916,2024NL5400100,2024,4,25,19,,15,n,51.8295,2.25433,,,43,  ,,,,R,2,,,1257,,,,,,,,,,,,,,,,,,,,,,10.53,10.54,34.28,34.94,,,500,,,,,,,,
HH,I5034 ,2,NL ,64T2 ,MRN2 ,2996.626127,,,10117917,2024NL5400101,2024,4,25,20,,10,n,51.73767,2.6315,,,35,  ,,,,R,2,,,1105,,,,,,,,,,,,,,,,,,,,,,10.54,10.56,34.68,34.77,,,500,,,,,,,,
HH,I5034 ,2,NL ,64T2 ,MRN2 ,4055.969048,,,10155151,2025NL5400032,2025,4,15,20,,15,n,54.25333,3.75483,,,44,  ,,,,R,2,,,1691,,,,,,,,,,,,,,,,,,,,,,8.48,7.18,34.39,34.41,,,500,,,,,,,,
HH,I5034 ,2,NL ,64T2 ,MRN2 ,3502.227315,,,10155117,2025NL5400054,2025,4,19,0,,11,n,55.57633,7.33217,,,34,  ,,,,R,2,,,853,,,,,,,,,,,,,,,,,,,,,,7.91,6.75,32.54,33.24,,,500,,,,,,,,
HH,I5034 ,2,NL ,64T2 ,MRN2 ,3889.882556,,,10155113,2025NL5400062,2025,4,21,20,,15,n,55.25067,6.2435,,,49,  ,,,,R,2,,,1412,,,,,,,,,,,,,,,,,,,,,,9,7.09,34.13,34.57,,,500,,,,,,,,
HH,I5034 ,2,NL ,64T2 ,MRN2 ,3564.19451,,,10155144,2025NL5400063,2025,4,21,21,,11,n,55.34233,5.87267,,,49,  ,,,,R,2,,,1269,,,,,,,,,,,,,,,,,,,,,,8.48,7.02,34.57,34.57,,,500,,,,,,,,
HH,I5034 ,2,NL ,64T2 ,MRN2 ,3727.398807,,,10155120,2025NL5400064,2025,4,21,23,,12,n,55.66733,5.8545,,,50,  ,,,,R,2,,,1320,,,,,,,,,,,,,,,,,,,,,,8.53,6.89,34.42,34.69,,,500,,,,,,,,
HH,I5034 ,2,NL ,64T2 ,MRN2 ,3533.210913,,,10155139,2025NL5400065,2025,4,22,0,,11,n,55.75417,6.245,,,46,  ,,,,R,2,,,1270,,,,,,,,,,,,,,,,,,,,,,9.05,6.58,33.61,34.7,,,500,,,,,,,,
HH,I5034 ,2,NL ,64T2 ,MRN2 ,4741.571206,,,10155146,2025NL5400067,2025,4,22,3,,16,n,56.18017,6.67667,,,42,  ,,,,R,2,,,1583,,,,,,,,,,,,,,,,,,,,,,8.51,6.6,34.08,34.73,,,500,,,,,,,,
HH,I5034 ,2,NL ,64T2 ,MRN2 ,3571.039723,,,10155105,2025NL5400071,2025,4,22,22,,11,n,56.67433,6.754,,,43,  ,,,,R,2,,,1319,,,,,,,,,,,,,,,,,,,,,,8.44,7.57,34.57,34.89,,,500,,,,,,,,
HH,I5034 ,2,NL ,64T2 ,MRN2 ,3911.859293,,,10155152,2025NL5400072,2025,4,22,23,,12,n,56.66967,6.24633,,,50,  ,,,,R,2,,,1291,,,,,,,,,,,,,,,,,,,,,,7.74,6.83,34.89,34.88,,,500,,,,,,,,
HH,I5034 ,2,NL ,64T2 ,MRN2 ,3785.763258,,,10155107,2025NL5400073,2025,4,23,0,,13,n,56.66833,5.83217,,,56,  ,,,,R,2,,,1270,,,,,,,,,,,,,,,,,,,,,,7.79,6.65,34.89,34.88,,,500,,,,,,,,
HH,I5034 ,2,NL ,64T2 ,MRN2 ,4953.412546,,,10155103,2025NL5400075,2025,4,23,3,,17,n,56.31983,6.164,,,46,  ,,,,R,2,,,1842,,,,,,,,,,,,,,,,,,,,,,8.39,6.76,34.76,34.87,,,500,,,,,,,,
HH,I5034 ,2,NL ,64T2 ,MRN2 ,4171.977401,,,10155121,2025NL5400077,2025,4,23,19,,15,n,56.56633,5.25233,,,59,  ,,,,R,2,,,1459,,,,,,,,,,,,,,,,,,,,,,8,6.59,34.89,34.85,,,500,,,,,,,,
HH,I5034 ,2,NL ,64T2 ,MRN2 ,4463.079105,,,10155132,2025NL5400078,2025,4,23,20,,19,n,56.2525,5.24917,,,57,  ,,,,R,2,,,1591,,,,,,,,,,,,,,,,,,,,,,8.05,6.59,34.81,34.81,,,500,,,,,,,,
HH,I5034 ,2,NL ,64T2 ,MRN2 ,3982.112799,,,10155119,2025NL5400080,2025,4,24,1,,12,n,55.334,5.165,,,44,  ,,,,R,2,,,1401,,,,,,,,,,,,,,,,,,,,,,8.65,7.04,34.57,34.59,,,500,,,,,,,,
HH,I5034 ,2,NL ,64T2 ,MRN2 ,2993.159607,,,10155129,2025NL5400081,2025,4,24,2,,11,n,55.34767,4.84567,,,48,  ,,,,R,2,,,1084,,,,,,,,,,,,,,,,,,,,,,8.82,6.95,34.55,34.63,,,500,,,,,,,,
HH,I5034 ,2,NL ,64T2 ,MRN2 ,4636.010811,,,10155889,2025NL5400082,2025,4,24,3,,16,n,55.62917,4.76017,,,39,  ,,,,R,2,,,1772,,,,,,,,,,,,,,,,,,,,,,8.7,7.56,34.65,34.65,,,500,,,,,,,,
HH,I5034 ,2,GB-ENG,74E9,MRN2,6838.037502,,,39,20253914,2025,4,21,20,,26,n,53.213833,4.657333,,,24,,,,,R,,,,2170.544,100,,,,,,,,,,,,,,,,,,,,,9.95,9.88,33.03,33.12,,,500,,,,,,,,
HH,I5034 ,2,GB-ENG,74E9,MRN2,5512.96514,,,49,20254920,2025,4,23,0,,22,n,53.289,1.757167,,,31,,,,,R,,,,2057.572,150,,,,,,,,,,,,,,,,,,,,,,,,,,,500,,,,,,,,
RecordType,Survey,Quarter,Country,Ship,Gear,SweepLngt,GearEx,DoorType,StNo,HaulNo,Year,SpecCodeType,SpecCode,SpecVal,Sex,TotalNo,CatIdentifier,NoMeas,SubFactor,SubWgt,CatCatchWgt,LngtCode,LngtClass,HLNoAtLngt,DevStage,LenMeasType
HL,I5034 ,2,NL,64T2 ,MRN2,,,,721905,2018NL002,2018,W,126417,1,,5,,,1,,,0,21,,,
HL,I5034 ,2,NL,64T2 ,MRN2,,,,721905,2018NL002,2018,W,126417,1,,5,,,1,,,0,22,,,
HL,I5034 ,2,NL,64T2 ,MRN2,,,,721905,2018NL002,2018,W,126417,1,,2,,,1,,,0,23,,,
HL,I5034 ,2,NL,64T2 ,MRN2,,,,721905,2018NL002,2018,W,126417,1,,5,,,1,,,0,24,,,
HL,I5034 ,2,NL,64T2 ,MRN2,,,,721905,2018NL002,2018,W,126417,1,,1,,,1,,,0,25,,,
HL,I5034 ,2,NL,64T2 ,MRN2,,,,721905,2018NL002,2018,W,126417,1,,3,,,1,,,0,26,,,
HL,I5034 ,2,NL,64T2 ,MRN2,,,,721905,2018NL002,2018,W,126417,1,,2,,,1,,,0,27,,,
HL,I5034 ,2,NL,64T2 ,MRN2,,,,721905,2018NL002,2018,W,126417,1,,1,,,1,,,0,30,,,
HL,I5034 ,2,NL,64T2 ,MRN2,,,,721905,2018NL002,2018,W,126417,1,,5,,,1,,,0,0,,,
HL,I5034 ,2,NL,64T2 ,MRN2,,,,721906,2018NL003,2018,W,126417,1,,3,,,1,,,0,21,,,
HL,I5034 ,2,NL,64T2 ,MRN2,,,,721906,2018NL003,2018,W,126417,1,,4,,,1,,,0,23,,,
HL,I5034 ,2,NL,64T2 ,MRN2,,,,721906,2018NL003,2018,W,126417,1,,5,,,1,,,0,24,,,
HL,I5034 ,2,NL,64T2 ,MRN2,,,,721906,2018NL003,2018,W,126417,1,,6,,,1,,,0,25,,,
HL,I5034 ,2,NL,64T2 ,MRN2,,,,721906,2018NL003,2018,W,126417,1,,3,,,1,,,0,26,,,
HL,I5034 ,2,NL,64T2 ,MRN2,,,,721906,2018NL003,2018,W,126417,1,,2,,,1,,,0,27,,,
HL,I5034 ,2,NL,64T2 ,MRN2,,,,721906,2018NL003,2018,W,126417,1,,2,,,1,,,0,28,,,
HL,I5034 ,2,NL,64T2 ,MRN2,,,,721906,2018NL003,2018,W,126417,1,,1,,,1,,,0,29,,,
HL,I5034 ,2,NL,64T2 ,MRN2,,,,721906,2018NL003,2018,W,126417,1,,3,,,1,,,0,0,,,
HL,I5034 ,2,NL,64T2 ,MRN2,,,,721907,2018NL004,2018,W,126417,1,,1,,,1.76,,,0,20,,,
HL,I5034 ,2,NL,64T2 ,MRN2,,,,721907,2018NL004,2018,W,126417,1,,3,,,1.76,,,0,21,,,
HL,I5034 ,2,NL,64T2 ,MRN2,,,,721907,2018NL004,2018,W,126417,1,,1,,,1.76,,,0,22,,,
HL,I5034 ,2,NL,64T2 ,MRN2,,,,721907,2018NL004,2018,W,126417,1,,6,,,1.76,,,0,23,,,
HL,I5034 ,2,NL,64T2 ,MRN2,,,,721907,2018NL004,2018,W,126417,1,,11,,,1.76,,,0,24,,,
HL,I5034 ,2,NL,64T2 ,MRN2,,,,721907,2018NL004,2018,W,126417,1,,5,,,1.76,,,0,25,,,
HL,I5034 ,2,NL,64T2 ,MRN2,,,,721907,2018NL004,2018,W,126417,1,,6,,,1.76,,,0,26,,,
HL,I5034 ,2,NL,64T2 ,MRN2,,,,721907,2018NL004,2018,W,126417,1,,4,,,1.76,,,0,27,,,
HL,I5034 ,2,NL,64T2 ,MRN2,,,,721907,2018NL004,2018,W,126417,1,,3,,,1.76,,,0,28,,,
HL,I5034 ,2,NL,64T2 ,MRN2,,,,721907,2018NL004,2018,W,126417,1,,4,,,1.76,,,0,29,,,
HL,I5034 ,2,NL,64T2 ,MRN2,,,,721907,2018NL004,2018,W,126417,1,,1,,,1.76,,,0,33,,,
HL,I5034 ,2,NL,64T2 ,MRN2,,,,721907,2018NL004,2018,W,126417,1,,1,,,1.76,,,0,34,,,
HL,I5034 ,2,NL,64T2 ,MRN2,,,,721907,2018NL004,2018,W,126417,1,,4,,,1.76,,,0,0,,,
HL,I5034 ,2,NL,64T2 ,MRN2,,,,721903,2018NL005,2018,W,126417,1,,3,,,1,,,0,21,,,
HL,I5034 ,2,NL,64T2 ,MRN2,,,,721903,2018NL005,2018,W,126417,1,,1,,,1,,,0,22,,,
HL,I5034 ,2,NL,64T2 ,MRN2,,,,721903,2018NL005,2018,W,126417,1,,3,,,1,,,0,23,,,
HL,I5034 ,2,NL,64T2 ,MRN2,,,,721903,2018NL005,2018,W,126417,1,,6,,,1,,,0,24,,,
HL,I5034 ,2,NL,64T2 ,MRN2,,,,721903,2018NL005,2018,W,126417,1,,5,,,1,,,0,25,,,
HL,I5034 ,2,NL,64T2 ,MRN2,,,,721903,2018NL005,2018,W,126417,1,,1,,,1,,,0,26,,,
HL,I5034 ,2,NL,64T2 ,MRN2,,,,721903,2018NL005,2018,W,126417,1,,4,,,1,,,0,27,,,
HL,I5034 ,2,NL,64T2 ,MRN2,,,,721903,2018NL005,2018,W,126417,1,,1,,,1,,,0,29,,,
HL,I5034 ,2,NL,64T2 ,MRN2,,,,721903,2018NL005,2018,W,126417,1,,3,,,1,,,0,0,,,
HL,I5034 ,2,NL,64T2 ,MRN2,,,,721909,2018NL010,2018,W,126417,1,,2,,,3.86,,,0,19,,,
HL,I5034 ,2,NL,64T2 ,MRN2,,,,721909,2018NL010,2018,W,126417,1,,1,,,3.86,,,0,20,,,
HL,I5034 ,2,NL,64T2 ,MRN2,,,,721909,2018NL010,2018,W,126417,1,,3,,,3.86,,,0,21,,,
HL,I5034 ,2,NL,64T2 ,MRN2,,,,721909,2018NL010,2018,W,126417,1,,8,,,3.86,,,0,22,,,
HL,I5034 ,2,NL,64T2 ,MRN2,,,,721909,2018NL010,2018,W,126417,1,,6,,,3.86,,,0,23,,,
HL,I5034 ,2,NL,64T2 ,MRN2,,,,721909,2018NL010,2018,W,126417,1,,12,,,3.86,,,0,24,,,
HL,I5034 ,2,NL,64T2 ,MRN2,,,,721909,2018NL010,2018,W,126417,1,,10,,,3.86,,,0,25,,,
HL,I5034 ,2,NL,64T2 ,MRN2,,,,721909,2018NL010,2018,W,126417,1,,2,,,3.86,,,0,26,,,
HL,I5034 ,2,NL,64T2 ,MRN2,,,,721909,2018NL010,2018,W,126417,1,,2,,,3.86,,,0,27,,,
HL,I5034 ,2,NL,64T2 ,MRN2,,,,721909,2018NL010,2018,W,126417,1,,3,,,3.86,,,0,28,,,
HL,I5034 ,2,NL,64T2 ,MRN2,,,,721909,2018NL010,2018,W,126417,1,,1,,,3.86,,,0,30,,,
HL,I5034 ,2,NL,64T2 ,MRN2,,,,721910,2018NL011,2018,W,126417,1,,1,,,10.56,,,0,19,,,
HL,I5034 ,2,NL,64T2 ,MRN2,,,,721910,2018NL011,2018,W,126417,1,,3,,,10.56,,,0,22,,,
HL,I5034 ,2,NL,64T2 ,MRN2,,,,721910,2018NL011,2018,W,126417,1,,5,,,10.56,,,0,23,,,
HL,I5034 ,2,NL,64T2 ,MRN2,,,,721910,2018NL011,2018,W,126417,1,,8,,,10.56,,,0,24,,,
HL,I5034 ,2,NL,64T2 ,MRN2,,,,721910,2018NL011,2018,W,126417,1,,6,,,10.56,,,0,25,,,
HL,I5034 ,2,NL,64T2 ,MRN2,,,,721910,2018NL011,2018,W,126417,1,,4,,,10.56,,,0,26,,,
HL,I5034 ,2,NL,64T2 ,MRN2,,,,721910,2018NL011,2018,W,126417,1,,1,,,10.56,,,0,27,,,
HL,I5034 ,2,NL,64T2 ,MRN2,,,,721910,2018NL011,2018,W,126417,1,,2,,,10.56,,,0,28,,,
HL,I5034 ,2,NL,64T2 ,MRN2,,,,721910,2018NL011,2018,W,126417,1,,2,,,10.56,,,0,29,,,
HL,I5034 ,2,NL,64T2 ,MRN2,,,,721910,2018NL011,2018,W,126417,1,,5,,,10.56,,,0,30,,,
HL,I5034 ,2,NL,64T2 ,MRN2,,,,721910,2018NL011,2018,W,126417,1,,5,,,10.56,,,0,31,,,
HL,I5034 ,2,NL,64T2 ,MRN2,,,,721910,2018NL011,2018,W,126417,1,,1,,,10.56,,,0,32,,,
HL,I5034 ,2,NL,64T2 ,MRN2,,,,721910,2018NL011,2018,W,126417,1,,2,,,10.56,,,0,35,,,
HL,I5034 ,2,NL,64T2 ,MRN2,,,,721910,2018NL011,2018,W,126417,1,,15,,,10.56,,,0,0,,,
HL,I5034 ,2,NL,64T2 ,MRN2,,,,721911,2018NL012,2018,W,126417,1,,1,,,2.803921569,,,0,20,,,
HL,I5034 ,2,NL,64T2 ,MRN2,,,,721911,2018NL012,2018,W,126417,1,,1,,,2.803921569,,,0,21,,,
HL,I5034 ,2,NL,64T2 ,MRN2,,,,721911,2018NL012,2018,W,126417,1,,4,,,2.803921569,,,0,22,,,
HL,I5034 ,2,NL,64T2 ,MRN2,,,,721911,2018NL012,2018,W,126417,1,,2,,,2.803921569,,,0,23,,,
HL,I5034 ,2,NL,64T2 ,MRN2,,,,721911,2018NL012,2018,W,126417,1,,12,,,2.803921569,,,0,24,,,
HL,I5034 ,2,NL,64T2 ,MRN2,,,,721911,2018NL012,2018,W,126417,1,,9,,,2.803921569,,,0,25,,,
HL,I5034 ,2,NL,64T2 ,MRN2,,,,721911,2018NL012,2018,W,126417,1,,11,,,2.803921569,,,0,26,,,
HL,I5034 ,2,NL,64T2 ,MRN2,,,,721911,2018NL012,2018,W,126417,1,,2,,,2.803921569,,,0,27,,,
HL,I5034 ,2,NL,64T2 ,MRN2,,,,721911,2018NL012,2018,W,126417,1,,5,,,2.803921569,,,0,28,,,
HL,I5034 ,2,NL,64T2 ,MRN2,,,,721911,2018NL012,2018,W,126417,1,,1,,,2.803921569,,,0,29,,,
HL,I5034 ,2,NL,64T2 ,MRN2,,,,721911,2018NL012,2018,W,126417,1,,2,,,2.803921569,,,0,30,,,
HL,I5034 ,2,NL,64T2 ,MRN2,,,,721911,2018NL012,2018,W,126417,1,,1,,,2.803921569,,,0,32,,,
HL,I5034 ,2,NL,64T2 ,MRN2,,,,721911,2018NL012,2018,W,126417,1,,10,,,1,,,0,0,,,
HL,I5034 ,2,NL,64T2 ,MRN2,,,,721912,2018NL013,2018,W,126417,1,,5,,,4.04,,,0,23,,,
HL,I5034 ,2,NL,64T2 ,MRN2,,,,721912,2018NL013,2018,W,126417,1,,13,,,4.04,,,0,24,,,
HL,I5034 ,2,NL,64T2 ,MRN2,,,,721912,2018NL013,2018,W,126417,1,,12,,,4.04,,,0,25,,,
HL,I5034 ,2,NL,64T2 ,MRN2,,,,721912,2018NL013,2018,W,126417,1,,7,,,4.04,,,0,26,,,
HL,I5034 ,2,NL,64T2 ,MRN2,,,,721912,2018NL013,2018,W,126417,1,,7,,,4.04,,,0,27,,,
HL,I5034 ,2,NL,64T2 ,MRN2,,,,721912,2018NL013,2018,W,126417,1,,2,,,4.04,,,0,28,,,
HL,I5034 ,2,NL,64T2 ,MRN2,,,,721912,2018NL013,2018,W,126417,1,,1,,,4.04,,,0,29,,,
HL,I5034 ,2,NL,64T2 ,MRN2,,,,721912,2018NL013,2018,W,126417,1,,2,,,4.04,,,0,30,,,
HL,I5034 ,2,NL,64T2 ,MRN2,,,,721913,2018NL014,2018,W,126417,1,,5,,,1,,,0,22,,,
HL,I5034 ,2,NL,64T2 ,MRN2,,,,721913,2018NL014,2018,W,126417,1,,7,,,1,,,0,23,,,
HL,I5034 ,2,NL,64T2 ,MRN2,,,,721913,2018NL014,2018,W,126417,1,,7,,,1,,,0,24,,,
HL,I5034 ,2,NL,64T2 ,MRN2,,,,721913,2018NL014,2018,W,126417,1,,7,,,1,,,0,25,,,
HL,I5034 ,2,NL,64T2 ,MRN2,,,,721913,2018NL014,2018,W,126417,1,,1,,,1,,,0,26,,,
HL,I5034 ,2,NL,64T2 ,MRN2,,,,721913,2018NL014,2018,W,126417,1,,1,,,1,,,0,27,,,
HL,I5034 ,2,NL,64T2 ,MRN2,,,,721913,2018NL014,2018,W,126417,1,,7,,,1,,,0,28,,,
HL,I5034 ,2,NL,64T2 ,MRN2,,,,721913,2018NL014,2018,W,126417,1,,3,,,1,,,0,29,,,
HL,I5034 ,2,NL,64T2 ,MRN2,,,,721913,2018NL014,2018,W,126417,1,,3,,,1,,,0,30,,,
HL,I5034 ,2,NL,64T2 ,MRN2,,,,721913,2018NL014,2018,W,126417,1,,3,,,1,,,0,31,,,
HL,I5034 ,2,NL,64T2 ,MRN2,,,,721913,2018NL014,2018,W,126417,1,,1,,,1,,,0,32,,,
HL,I5034 ,2,NL,64T2 ,MRN2,,,,721913,2018NL014,2018,W,126417,1,,2,,,1,,,0,0,,,
HL,I5034 ,2,NL,64T2 ,MRN2,,,,721914,2018NL015,2018,W,126417,1,,1,,,1,,,0,22,,,
HL,I5034 ,2,NL,64T2 ,MRN2,,,,721914,2018NL015,2018,W,126417,1,,1,,,1,,,0,26,,,
HL,I5034 ,2,NL,64T2 ,MRN2,,,,721914,2018NL015,2018,W,126417,1,,1,,,1,,,0,30,,,
HL,I5034 ,2,NL,64T2 ,MRN2,,,,721914,2018NL015,2018,W,126417,1,,3,,,1,,,0,0,,,
HL,I5034 ,2,NL,64T2 ,MRN2,,,,721915,2018NL016,2018,W,126417,1,,1,,,1.963636364,,,0,20,,,
HL,I5034 ,2,NL,64T2 ,MRN2,,,,721915,2018NL016,2018,W,126417,1,,10,,,1.963636364,,,0,21,,,
HL,I5034 ,2,NL,64T2 ,MRN2,,,,721915,2018NL016,2018,W,126417,1,,4,,,1.963636364,,,0,22,,,
HL,I5034 ,2,NL,64T2 ,MRN2,,,,721915,2018NL016,2018,W,126417,1,,10,,,1.963636364,,,0,23,,,
HL,I5034 ,2,NL,64T2 ,MRN2,,,,721915,2018NL016,2018,W,126417,1,,4,,,1.963636364,,,0,24,,,
HL,I5034 ,2,NL,64T2 ,MRN2,,,,721915,2018NL016,2018,W,126417,1,,9,,,1.963636364,,,0,25,,,
HL,I5034 ,2,NL,64T2 ,MRN2,,,,721915,2018NL016,2018,W,126417,1,,5,,,1.963636364,,,0,26,,,
HL,I5034 ,2,NL,64T2 ,MRN2,,,,721915,2018NL016,2018,W,126417,1,,3,,,1.963636364,,,0,27,,,
HL,I5034 ,2,NL,64T2 ,MRN2,,,,721915,2018NL016,2018,W,126417,1,,4,,,1.963636364,,,0,28,,,
HL,I5034 ,2,NL,64T2 ,MRN2,,,,721915,2018NL016,2018,W,126417,1,,13,,,8.307692308,,,0,0,,,
HL,I5034 ,2,NL,64T2 ,MRN2,,,,721916,2018NL017,2018,W,126417,1,,1,,,1,,,0,19,,,
HL,I5034 ,2,NL,64T2 ,MRN2,,,,721916,2018NL017,2018,W,126417,1,,3,,,1,,,0,21,,,
HL,I5034 ,2,NL,64T2 ,MRN2,,,,721916,2018NL017,2018,W,126417,1,,1,,,1,,,0,22,,,
HL,I5034 ,2,NL,64T2 ,MRN2,,,,721916,2018NL017,2018,W,126417,1,,4,,,1,,,0,23,,,
HL,I5034 ,2,NL,64T2 ,MRN2,,,,721916,2018NL017,2018,W,126417,1,,3,,,1,,,0,24,,,
HL,I5034 ,2,NL,64T2 ,MRN2,,,,721916,2018NL017,2018,W,126417,1,,3,,,1,,,0,25,,,
HL,I5034 ,2,NL,64T2 ,MRN2,,,,721916,2018NL017,2018,W,126417,1,,3,,,1,,,0,27,,,
HL,I5034 ,2,NL,64T2 ,MRN2,,,,721916,2018NL017,2018,W,126417,1,,2,,,1,,,0,28,,,
HL,I5034 ,2,NL,64T2 ,MRN2,,,,721916,2018NL017,2018,W,126417,1,,1,,,1,,,0,29,,,
HL,I5034 ,2,NL,64T2 ,MRN2,,,,721916,2018NL017,2018,W,126417,1,,2,,,1,,,0,0,,,
HL,I5034 ,2,NL,64T2 ,MRN2,,,,721918,2018NL019,2018,W,126417,1,,2,,,1,,,0,23,,,
HL,I5034 ,2,NL,64T2 ,MRN2,,,,721918,2018NL019,2018,W,126417,1,,3,,,1,,,0,24,,,
HL,I5034 ,2,NL,64T2 ,MRN2,,,,721918,2018NL019,2018,W,126417,1,,4,,,1,,,0,25,,,
HL,I5034 ,2,NL,64T2 ,MRN2,,,,721918,2018NL019,2018,W,126417,1,,1,,,1,,,0,27,,,
HL,I5034 ,2,NL,64T2 ,MRN2,,,,721918,2018NL019,2018,W,126417,1,,3,,,1,,,0,28,,,
HL,I5034 ,2,NL,64T2 ,MRN2,,,,721919,2018NL020,2018,W,126417,1,,1,,,1,,,0,21,,,
HL,I5034 ,2,NL,64T2 ,MRN2,,,,721919,2018NL020,2018,W,126417,1,,1,,,1,,,0,22,,,
HL,I5034 ,2,NL,64T2 ,MRN2,,,,721919,2018NL020,2018,W,126417,1,,1,,,1,,,0,26,,,
HL,I5034 ,2,NL,64T2 ,MRN2,,,,721919,2018NL020,2018,W,126417,1,,2,,,1,,,0,29,,,
HL,I5034 ,2,NL,64T2 ,MRN2,,,,721919,2018NL020,2018,W,126417,1,,1,,,1,,,0,30,,,
HL,I5034 ,2,NL,64T2 ,MRN2,,,,721919,2018NL020,2018,W,126417,1,,1,,,1,,,0,31,,,
HL,I5034 ,2,NL,64T2 ,MRN2,,,,721919,2018NL020,2018,W,126417,1,,2,,,1,,,0,35,,,
HL,I5034 ,2,NL,64T2 ,MRN2,,,,721919,2018NL020,2018,W,126417,1,,1,,,1,,,0,38,,,
HL,I5034 ,2,NL,64T2 ,MRN2,,,,721920,2018NL021,2018,W,126417,1,,1,,,1,,,0,27,,,
HL,I5034 ,2,NL,64T2 ,MRN2,,,,721920,2018NL021,2018,W,126417,1,,1,,,1,,,0,28,,,
HL,I5034 ,2,NL,64T2 ,MRN2,,,,721920,2018NL021,2018,W,126417,1,,1,,,1,,,0,31,,,
HL,I5034 ,2,NL,64T2 ,MRN2,,,,721920,2018NL021,2018,W,126417,1,,1,,,1,,,0,32,,,
HL,I5034 ,2,NL,64T2 ,MRN2,,,,721920,2018NL021,2018,W,126417,1,,1,,,1,,,0,34,,,
HL,I5034 ,2,NL,64T2 ,MRN2,,,,721920,2018NL021,2018,W,126417,1,,1,,,1,,,0,35,,,
HL,I5034 ,2,NL,64T2 ,MRN2,,,,721921,2018NL022,2018,W,126417,1,,2,,,1,,,0,25,,,
HL,I5034 ,2,NL,64T2 ,MRN2,,,,721921,2018NL022,2018,W,126417,1,,1,,,1,,,0,27,,,
HL,I5034 ,2,NL,64T2 ,MRN2,,,,721921,2018NL022,2018,W,126417,1,,1,,,1,,,0,32,,,
HL,I5034 ,2,NL,64T2 ,MRN2,,,,721921,2018NL022,2018,W,126417,1,,1,,,1,,,0,37,,,
HL,I5034 ,2,NL,64T2 ,MRN2,,,,721921,2018NL022,2018,W,126417,1,,1,,,1,,,0,0,,,
HL,I5034 ,2,NL,64T2 ,MRN2,,,,721922,2018NL023,2018,W,126417,1,,1,,,1,,,0,24,,,
HL,I5034 ,2,NL,64T2 ,MRN2,,,,721922,2018NL023,2018,W,126417,1,,2,,,1,,,0,25,,,
HL,I5034 ,2,NL,64T2 ,MRN2,,,,721922,2018NL023,2018,W,126417,1,,4,,,1,,,0,27,,,
HL,I5034 ,2,NL,64T2 ,MRN2,,,,721922,2018NL023,2018,W,126417,1,,2,,,1,,,0,28,,,
HL,I5034 ,2,NL,64T2 ,MRN2,,,,721922,2018NL023,2018,W,126417,1,,6,,,1,,,0,29,,,
HL,I5034 ,2,NL,64T2 ,MRN2,,,,721922,2018NL023,2018,W,126417,1,,2,,,1,,,0,32,,,
HL,I5034 ,2,NL,64T2 ,MRN2,,,,721922,2018NL023,2018,W,126417,1,,1,,,1,,,0,33,,,
HL,I5034 ,2,NL,64T2 ,MRN2,,,,721922,2018NL023,2018,W,126417,1,,1,,,1,,,0,34,,,
HL,I5034 ,2,NL,64T2 ,MRN2,,,,721922,2018NL023,2018,W,126417,1,,2,,,1,,,0,36,,,
HL,I5034 ,2,NL,64T2 ,MRN2,,,,721922,2018NL023,2018,W,126417,1,,3,,,1,,,0,37,,,
HL,I5034 ,2,NL,64T2 ,MRN2,,,,721922,2018NL023,2018,W,126417,1,,2,,,1,,,0,38,,,
HL,I5034 ,2,NL,64T2 ,MRN2,,,,721922,2018NL023,2018,W,126417,1,,1,,,1,,,0,0,,,
HL,I5034 ,2,NL,64T2 ,MRN2,,,,721923,2018NL024,2018,W,126417,1,,1,,,1,,,0,27,,,
HL,I5034 ,2,NL,64T2 ,MRN2,,,,721923,2018NL024,2018,W,126417,1,,2,,,1,,,0,30,,,
HL,I5034 ,2,NL,64T2 ,MRN2,,,,721923,2018NL024,2018,W,126417,1,,2,,,1,,,0,31,,,
HL,I5034 ,2,NL,64T2 ,MRN2,,,,721923,2018NL024,2018,W,126417,1,,1,,,1,,,0,32,,,
HL,I5034 ,2,NL,64T2 ,MRN2,,,,721923,2018NL024,2018,W,126417,1,,1,,,1,,,0,35,,,
HL,I5034 ,2,NL,64T2 ,MRN2,,,,721923,2018NL024,2018,W,126417,1,,1,,,1,,,0,36,,,
HL,I5034 ,2,NL,64T2 ,MRN2,,,,721923,2018NL024,2018,W,126417,1,,2,,,1,,,0,37,,,
HL,I5034 ,2,NL,64T2 ,MRN2,,,,721923,2018NL024,2018,W,126417,1,,1,,,1,,,0,38,,,
HL,I5034 ,2,NL,64T2 ,MRN2,,,,721924,2018NL025,2018,W,126417,1,,2,,,1,,,0,33,,,
HL,I5034 ,2,NL,64T2 ,MRN2,,,,721924,2018NL025,2018,W,126417,1,,1,,,1,,,0,34,,,
HL,I5034 ,2,NL,64T2 ,MRN2,,,,721924,2018NL025,2018,W,126417,1,,1,,,1,,,0,35,,,
HL,I5034 ,2,NL,64T2 ,MRN2,,,,721924,2018NL025,2018,W,126417,1,,1,,,1,,,0,36,,,
HL,I5034 ,2,NL,64T2 ,MRN2,,,,721924,2018NL025,2018,W,126417,1,,1,,,1,,,0,37,,,
HL,I5034 ,2,NL,64T2 ,MRN2,,,,721924,2018NL025,2018,W,126417,1,,1,,,1,,,0,38,,,
HL,I5034 ,2,NL,64T2 ,MRN2,,,,721924,2018NL025,2018,W,126417,1,,1,,,1,,,0,39,,,
HL,I5034 ,2,NL,64T2 ,MRN2,,,,721925,2018NL026,2018,W,126417,1,,2,,,1,,,0,33,,,
HL,I5034 ,2,NL,64T2 ,MRN2,,,,721925,2018NL026,2018,W,126417,1,,2,,,1,,,0,34,,,
HL,I5034 ,2,NL,64T2 ,MRN2,,,,721925,2018NL026,2018,W,126417,1,,1,,,1,,,0,36,,,
HL,I5034 ,2,NL,64T2 ,MRN2,,,,721925,2018NL026,2018,W,126417,1,,1,,,1,,,0,38,,,
HL,I5034 ,2,NL,64T2 ,MRN2,,,,721926,2018NL027,2018,W,126417,1,,1,,,1,,,0,32,,,
HL,I5034 ,2,NL,64T2 ,MRN2,,,,721926,2018NL027,2018,W,126417,1,,3,,,1,,,0,33,,,
HL,I5034 ,2,NL,64T2 ,MRN2,,,,721926,2018NL027,2018,W,126417,1,,2,,,1,,,0,34,,,
HL,I5034 ,2,NL,64T2 ,MRN2,,,,721926,2018NL027,2018,W,126417,1,,1,,,1,,,0,36,,,
HL,I5034 ,2,NL,64T2 ,MRN2,,,,721926,2018NL027,2018,W,126417,1,,1,,,1,,,0,38,,,
HL,I5034 ,2,NL,64T2 ,MRN2,,,,721928,2018NL029,2018,W,126417,1,,1,,,1,,,0,37,,,
HL,I5034 ,2,NL,64T2 ,MRN2,,,,721929,2018NL030,2018,W,126417,1,,1,,,1,,,0,22,,,
HL,I5034 ,2,NL,64T2 ,MRN2,,,,721929,2018NL030,2018,W,126417,1,,1,,,1,,,0,34,,,
HL,I5034 ,2,NL,64T2 ,MRN2,,,,721930,2018NL031,2018,W,126417,1,,2,,,1,,,0,25,,,
HL,I5034 ,2,NL,64T2 ,MRN2,,,,721957,2018NL032,2018,W,126417,1,,1,,,1,,,0,24,,,
HL,I5034 ,2,NL,64T2 ,MRN2,,,,721932,2018NL033,2018,W,126417,1,,1,,,1,,,0,21,,,
HL,I5034 ,2,NL,64T2 ,MRN2,,,,721932,2018NL033,2018,W,126417,1,,1,,,1,,,0,23,,,
HL,I5034 ,2,NL,64T2 ,MRN2,,,,721932,2018NL033,2018,W,126417,1,,1,,,1,,,0,25,,,
HL,I5034 ,2,NL,64T2 ,MRN2,,,,721932,2018NL033,2018,W,126417,1,,1,,,1,,,0,28,,,
HL,I5034 ,2,NL,64T2 ,MRN2,,,,721933,2018NL034,2018,W,126417,1,,2,,,1,,,0,19,,,
HL,I5034 ,2,NL,64T2 ,MRN2,,,,721933,2018NL034,2018,W,126417,1,,1,,,1,,,0,20,,,
HL,I5034 ,2,NL,64T2 ,MRN2,,,,721933,2018NL034,2018,W,126417,1,,3,,,1,,,0,21,,,
HL,I5034 ,2,NL,64T2 ,MRN2,,,,721933,2018NL034,2018,W,126417,1,,3,,,1,,,0,22,,,
HL,I5034 ,2,NL,64T2 ,MRN2,,,,721933,2018NL034,2018,W,126417,1,,3,,,1,,,0,23,,,
HL,I5034 ,2,NL,64T2 ,MRN2,,,,721933,2018NL034,2018,W,126417,1,,9,,,1,,,0,24,,,
HL,I5034 ,2,NL,64T2 ,MRN2,,,,721933,2018NL034,2018,W,126417,1,,10,,,1,,,0,25,,,
HL,I5034 ,2,NL,64T2 ,MRN2,,,,721933,2018NL034,2018,W,126417,1,,4,,,1,,,0,26,,,
HL,I5034 ,2,NL,64T2 ,MRN2,,,,721933,2018NL034,2018,W,126417,1,,5,,,1,,,0,27,,,
HL,I5034 ,2,NL,64T2 ,MRN2,,,,721933,2018NL034,2018,W,126417,1,,2,,,1,,,0,28,,,
HL,I5034 ,2,NL,64T2 ,MRN2,,,,721933,2018NL034,2018,W,126417,1,,1,,,1,,,0,30,,,
HL,I5034 ,2,NL,64T2 ,MRN2,,,,721934,2018NL035,2018,W,126417,1,,2,,,1,,,0,22,,,
HL,I5034 ,2,NL,64T2 ,MRN2,,,,721934,2018NL035,2018,W,126417,1,,1,,,1,,,0,23,,,
HL,I5034 ,2,NL,64T2 ,MRN2,,,,721934,2018NL035,2018,W,126417,1,,2,,,1,,,0,24,,,
HL,I5034 ,2,NL,64T2 ,MRN2,,,,721934,2018NL035,2018,W,126417,1,,2,,,1,,,0,25,,,
HL,I5034 ,2,NL,64T2 ,MRN2,,,,721934,2018NL035,2018,W,126417,1,,1,,,1,,,0,26,,,
HL,I5034 ,2,NL,64T2 ,MRN2,,,,721934,2018NL035,2018,W,126417,1,,1,,,1,,,0,27,,,
HL,I5034 ,2,NL,64T2 ,MRN2,,,,721935,2018NL036,2018,W,126417,1,,1,,,1,,,0,23,,,
HL,I5034 ,2,NL,64T2 ,MRN2,,,,721935,2018NL036,2018,W,126417,1,,1,,,1,,,0,24,,,
HL,I5034 ,2,NL,64T2 ,MRN2,,,,721935,2018NL036,2018,W,126417,1,,1,,,1,,,0,25,,,
HL,I5034 ,2,NL,64T2 ,MRN2,,,,721935,2018NL036,2018,W,126417,1,,1,,,1,,,0,36,,,
HL,I5034 ,2,NL,64T2 ,MRN2,,,,721936,2018NL037,2018,W,126417,1,,1,,,1,,,0,21,,,
HL,I5034 ,2,NL,64T2 ,MRN2,,,,721936,2018NL037,2018,W,126417,1,,1,,,1,,,0,22,,,
HL,I5034 ,2,NL,64T2 ,MRN2,,,,721936,2018NL037,2018,W,126417,1,,1,,,1,,,0,23,,,
HL,I5034 ,2,NL,64T2 ,MRN2,,,,721936,2018NL037,2018,W,126417,1,,9,,,1,,,0,24,,,
HL,I5034 ,2,NL,64T2 ,MRN2,,,,721936,2018NL037,2018,W,126417,1,,8,,,1,,,0,25,,,
HL,I5034 ,2,NL,64T2 ,MRN2,,,,721936,2018NL037,2018,W,126417,1,,4,,,1,,,0,26,,,
HL,I5034 ,2,NL,64T2 ,MRN2,,,,721936,2018NL037,2018,W,126417,1,,2,,,1,,,0,27,,,
HL,I5034 ,2,NL,64T2 ,MRN2,,,,721936,2018NL037,2018,W,126417,1,,2,,,1,,,0,29,,,
HL,I5034 ,2,NL,64T2 ,MRN2,,,,721936,2018NL037,2018,W,126417,1,,1,,,1,,,0,36,,,
HL,I5034 ,2,NL,64T2 ,MRN2,,,,721937,2018NL038,2018,W,126417,1,,2,,,2.96,,,0,22,,,
HL,I5034 ,2,NL,64T2 ,MRN2,,,,721937,2018NL038,2018,W,126417,1,,4,,,2.96,,,0,23,,,
HL,I5034 ,2,NL,64T2 ,MRN2,,,,721937,2018NL038,2018,W,126417,1,,6,,,2.96,,,0,24,,,
HL,I5034 ,2,NL,64T2 ,MRN2,,,,721937,2018NL038,2018,W,126417,1,,19,,,2.96,,,0,25,,,
HL,I5034 ,2,NL,64T2 ,MRN2,,,,721937,2018NL038,2018,W,126417,1,,8,,,2.96,,,0,26,,,
HL,I5034 ,2,NL,64T2 ,MRN2,,,,721937,2018NL038,2018,W,126417,1,,9,,,2.96,,,0,28,,,
HL,I5034 ,2,NL,64T2 ,MRN2,,,,721937,2018NL038,2018,W,126417,1,,1,,,2.96,,,0,29,,,
HL,I5034 ,2,NL,64T2 ,MRN2,,,,721937,2018NL038,2018,W,126417,1,,1,,,2.96,,,0,31,,,
HL,I5034 ,2,NL,64T2 ,MRN2,,,,721938,2018NL039,2018,W,126417,1,,1,,,10.38,,,0,24,,,
HL,I5034 ,2,NL,64T2 ,MRN2,,,,721938,2018NL039,2018,W,126417,1,,6,,,10.38,,,0,25,,,
HL,I5034 ,2,NL,64T2 ,MRN2,,,,721938,2018NL039,2018,W,126417,1,,14,,,10.38,,,0,26,,,
HL,I5034 ,2,NL,64T2 ,MRN2,,,,721938,2018NL039,2018,W,126417,1,,9,,,10.38,,,0,27,,,
HL,I5034 ,2,NL,64T2 ,MRN2,,,,721938,2018NL039,2018,W,126417,1,,7,,,10.38,,,0,28,,,
HL,I5034 ,2,NL,64T2 ,MRN2,,,,721938,2018NL039,2018,W,126417,1,,6,,,10.38,,,0,29,,,
HL,I5034 ,2,NL,64T2 ,MRN2,,,,721938,2018NL039,2018,W,126417,1,,4,,,10.38,,,0,30,,,
HL,I5034 ,2,NL,64T2 ,MRN2,,,,721938,2018NL039,2018,W,126417,1,,2,,,10.38,,,0,31,,,
HL,I5034 ,2,NL,64T2 ,MRN2,,,,721938,2018NL039,2018,W,126417,1,,1,,,10.38,,,0,32,,,
HL,I5034 ,2,NL,64T2 ,MRN2,,,,721939,2018NL040,2018,W,126417,1,,1,,,1.2,,,0,20,,,
HL,I5034 ,2,NL,64T2 ,MRN2,,,,721939,2018NL040,2018,W,126417,1,,2,,,1.2,,,0,23,,,
HL,I5034 ,2,NL,64T2 ,MRN2,,,,721939,2018NL040,2018,W,126417,1,,5,,,1.2,,,0,24,,,
HL,I5034 ,2,NL,64T2 ,MRN2,,,,721939,2018NL040,2018,W,126417,1,,6,,,1.2,,,0,25,,,
HL,I5034 ,2,NL,64T2 ,MRN2,,,,721939,2018NL040,2018,W,126417,1,,10,,,1.2,,,0,26,,,
HL,I5034 ,2,NL,64T2 ,MRN2,,,,721939,2018NL040,2018,W,126417,1,,5,,,1.2,,,0,27,,,
HL,I5034 ,2,NL,64T2 ,MRN2,,,,721939,2018NL040,2018,W,126417,1,,4,,,1.2,,,0,28,,,
HL,I5034 ,2,NL,64T2 ,MRN2,,,,721939,2018NL040,2018,W,126417,1,,4,,,1.2,,,0,29,,,
HL,I5034 ,2,NL,64T2 ,MRN2,,,,721939,2018NL040,2018,W,126417,1,,4,,,1.2,,,0,30,,,
HL,I5034 ,2,NL,64T2 ,MRN2,,,,721939,2018NL040,2018,W,126417,1,,4,,,1.2,,,0,31,,,
HL,I5034 ,2,NL,64T2 ,MRN2,,,,721939,2018NL040,2018,W,126417,1,,3,,,1.2,,,0,32,,,
HL,I5034 ,2,NL,64T2 ,MRN2,,,,721939,2018NL040,2018,W,126417,1,,2,,,1.2,,,0,34,,,
HL,I5034 ,2,NL,64T2 ,MRN2,,,,721940,2018NL041,2018,W,126417,1,,2,,,6.56,,,0,24,,,
HL,I5034 ,2,NL,64T2 ,MRN2,,,,721940,2018NL041,2018,W,126417,1,,6,,,6.56,,,0,25,,,
HL,I5034 ,2,NL,64T2 ,MRN2,,,,721940,2018NL041,2018,W,126417,1,,4,,,6.56,,,0,26,,,
HL,I5034 ,2,NL,64T2 ,MRN2,,,,721940,2018NL041,2018,W,126417,1,,7,,,6.56,,,0,28,,,
HL,I5034 ,2,NL,64T2 ,MRN2,,,,721940,2018NL041,2018,W,126417,1,,6,,,6.56,,,0,29,,,
HL,I5034 ,2,NL,64T2 ,MRN2,,,,721940,2018NL041,2018,W,126417,1,,8,,,6.56,,,0,30,,,
HL,I5034 ,2,NL,64T2 ,MRN2,,,,721940,2018NL041,2018,W,126417,1,,3,,,6.56,,,0,31,,,
HL,I5034 ,2,NL,64T2 ,MRN2,,,,721940,2018NL041,2018,W,126417,1,,1,,,6.56,,,0,32,,,
HL,I5034 ,2,NL,64T2 ,MRN2,,,,721940,2018NL041,2018,W,126417,1,,1,,,6.56,,,0,34,,,
HL,I5034 ,2,NL,64T2 ,MRN2,,,,721940,2018NL041,2018,W,126417,1,,8,,,6.56,,,0,35,,,
HL,I5034 ,2,NL,64T2 ,MRN2,,,,721940,2018NL041,2018,W,126417,1,,1,,,6.56,,,0,36,,,
HL,I5034 ,2,NL,64T2 ,MRN2,,,,721940,2018NL041,2018,W,126417,1,,2,,,6.56,,,0,37,,,
HL,I5034 ,2,NL,64T2 ,MRN2,,,,721940,2018NL041,2018,W,126417,1,,1,,,6.56,,,0,38,,,
HL,I5034 ,2,NL,64T2 ,MRN2,,,,721941,2018NL042,2018,W,126417,1,,2,,,1,,,0,23,,,
HL,I5034 ,2,NL,64T2 ,MRN2,,,,721941,2018NL042,2018,W,126417,1,,4,,,1,,,0,24,,,
HL,I5034 ,2,NL,64T2 ,MRN2,,,,721941,2018NL042,2018,W,126417,1,,8,,,1,,,0,25,,,
HL,I5034 ,2,NL,64T2 ,MRN2,,,,721941,2018NL042,2018,W,126417,1,,4,,,1,,,0,27,,,
HL,I5034 ,2,NL,64T2 ,MRN2,,,,721941,2018NL042,2018,W,126417,1,,4,,,1,,,0,28,,,
HL,I5034 ,2,NL,64T2 ,MRN2,,,,721941,2018NL042,2018,W,126417,1,,2,,,1,,,0,29,,,
HL,I5034 ,2,NL,64T2 ,MRN2,,,,721941,2018NL042,2018,W,126417,1,,1,,,1,,,0,0,,,
HL,I5034 ,2,NL,64T2 ,MRN2,,,,721942,2018NL043,2018,W,126417,1,,2,,,1,,,0,24,,,
HL,I5034 ,2,NL,64T2 ,MRN2,,,,721942,2018NL043,2018,W,126417,1,,1,,,1,,,0,25,,,
HL,I5034 ,2,NL,64T2 ,MRN2,,,,721942,2018NL043,2018,W,126417,1,,1,,,1,,,0,26,,,
HL,I5034 ,2,NL,64T2 ,MRN2,,,,721942,2018NL043,2018,W,126417,1,,3,,,1,,,0,28,,,
HL,I5034 ,2,NL,64T2 ,MRN2,,,,721942,2018NL043,2018,W,126417,1,,2,,,1,,,0,29,,,
HL,I5034 ,2,NL,64T2 ,MRN2,,,,721942,2018NL043,2018,W,126417,1,,4,,,1,,,0,30,,,
HL,I5034 ,2,NL,64T2 ,MRN2,,,,721943,2018NL044,2018,W,126417,1,,4,,,2.64,,,0,23,,,
HL,I5034 ,2,NL,64T2 ,MRN2,,,,721943,2018NL044,2018,W,126417,1,,3,,,2.64,,,0,24,,,
HL,I5034 ,2,NL,64T2 ,MRN2,,,,721943,2018NL044,2018,W,126417,1,,7,,,2.64,,,0,25,,,
HL,I5034 ,2,NL,64T2 ,MRN2,,,,721943,2018NL044,2018,W,126417,1,,6,,,2.64,,,0,27,,,
HL,I5034 ,2,NL,64T2 ,MRN2,,,,721943,2018NL044,2018,W,126417,1,,17,,,2.64,,,0,28,,,
HL,I5034 ,2,NL,64T2 ,MRN2,,,,721943,2018NL044,2018,W,126417,1,,5,,,2.64,,,0,29,,,
HL,I5034 ,2,NL,64T2 ,MRN2,,,,721943,2018NL044,2018,W,126417,1,,4,,,2.64,,,0,30,,,
HL,I5034 ,2,NL,64T2 ,MRN2,,,,721943,2018NL044,2018,W,126417,1,,2,,,2.64,,,0,31,,,
HL,I5034 ,2,NL,64T2 ,MRN2,,,,721943,2018NL044,2018,W,126417,1,,1,,,2.64,,,0,32,,,
HL,I5034 ,2,NL,64T2 ,MRN2,,,,721943,2018NL044,2018,W,126417,1,,1,,,2.64,,,0,38,,,
HL,I5034 ,2,NL,64T2 ,MRN2,,,,721943,2018NL044,2018,W,126417,1,,20,,,6.6,,,0,0,,,
HL,I5034 ,2,NL,64T2 ,MRN2,,,,721944,2018NL045,2018,W,126417,1,,2,,,1,,,0,21,,,
HL,I5034 ,2,NL,64T2 ,MRN2,,,,721944,2018NL045,2018,W,126417,1,,2,,,1,,,0,23,,,
HL,I5034 ,2,NL,64T2 ,MRN2,,,,721944,2018NL045,2018,W,126417,1,,2,,,1,,,0,24,,,
HL,I5034 ,2,NL,64T2 ,MRN2,,,,721944,2018NL045,2018,W,126417,1,,5,,,1,,,0,25,,,
HL,I5034 ,2,NL,64T2 ,MRN2,,,,721944,2018NL045,2018,W,126417,1,,2,,,1,,,0,26,,,
HL,I5034 ,2,NL,64T2 ,MRN2,,,,721944,2018NL045,2018,W,126417,1,,2,,,1,,,0,27,,,
HL,I5034 ,2,NL,64T2 ,MRN2,,,,721944,2018NL045,2018,W,126417,1,,1,,,1,,,0,28,,,
HL,I5034 ,2,NL,64T2 ,MRN2,,,,721944,2018NL045,2018,W,126417,1,,3,,,1,,,0,29,,,
HL,I5034 ,2,NL,64T2 ,MRN2,,,,721944,2018NL045,2018,W,126417,1,,1,,,1,,,0,31,,,
HL,I5034 ,2,NL,64T2 ,MRN2,,,,721944,2018NL045,2018,W,126417,1,,1,,,1,,,0,0,,,
HL,I5034 ,2,NL,64T2 ,MRN2,,,,721945,2018NL050,2018,W,126417,1,,1,,,1,,,0,15,,,
HL,I5034 ,2,NL,64T2 ,MRN2,,,,721945,2018NL050,2018,W,126417,1,,2,,,1,,,0,21,,,
HL,I5034 ,2,NL,64T2 ,MRN2,,,,721945,2018NL050,2018,W,126417,1,,2,,,1,,,0,22,,,
HL,I5034 ,2,NL,64T2 ,MRN2,,,,721945,2018NL050,2018,W,126417,1,,1,,,1,,,0,23,,,
HL,I5034 ,2,NL,64T2 ,MRN2,,,,721945,2018NL050,2018,W,126417,1,,2,,,1,,,0,24,,,
HL,I5034 ,2,NL,64T2 ,MRN2,,,,721945,2018NL050,2018,W,126417,1,,2,,,1,,,0,26,,,
HL,I5034 ,2,NL,64T2 ,MRN2,,,,721945,2018NL050,2018,W,126417,1,,4,,,1,,,0,27,,,
HL,I5034 ,2,NL,64T2 ,MRN2,,,,721945,2018NL050,2018,W,126417,1,,2,,,1,,,0,28,,,
HL,I5034 ,2,NL,64T2 ,MRN2,,,,721945,2018NL050,2018,W,126417,1,,23,,,1,,,0,0,,,
HL,I5034 ,2,NL,64T2 ,MRN2,,,,721946,2018NL051,2018,W,126417,1,,1,,,1.865384615,,,0,17,,,
HL,I5034 ,2,NL,64T2 ,MRN2,,,,721946,2018NL051,2018,W,126417,1,,1,,,1.865384615,,,0,18,,,
HL,I5034 ,2,NL,64T2 ,MRN2,,,,721946,2018NL051,2018,W,126417,1,,1,,,1.865384615,,,0,21,,,
HL,I5034 ,2,NL,64T2 ,MRN2,,,,721946,2018NL051,2018,W,126417,1,,4,,,1.865384615,,,0,22,,,
HL,I5034 ,2,NL,64T2 ,MRN2,,,,721946,2018NL051,2018,W,126417,1,,8,,,1.865384615,,,0,23,,,
HL,I5034 ,2,NL,64T2 ,MRN2,,,,721946,2018NL051,2018,W,126417,1,,4,,,1.865384615,,,0,24,,,
HL,I5034 ,2,NL,64T2 ,MRN2,,,,721946,2018NL051,2018,W,126417,1,,10,,,1.865384615,,,0,25,,,
HL,I5034 ,2,NL,64T2 ,MRN2,,,,721946,2018NL051,2018,W,126417,1,,10,,,1.865384615,,,0,26,,,
HL,I5034 ,2,NL,64T2 ,MRN2,,,,721946,2018NL051,2018,W,126417,1,,8,,,1.865384615,,,0,27,,,
HL,I5034 ,2,NL,64T2 ,MRN2,,,,721946,2018NL051,2018,W,126417,1,,1,,,1.865384615,,,0,28,,,
HL,I5034 ,2,NL,64T2 ,MRN2,,,,721946,2018NL051,2018,W,126417,1,,1,,,1.865384615,,,0,29,,,
HL,I5034 ,2,NL,64T2 ,MRN2,,,,721946,2018NL051,2018,W,126417,1,,1,,,1.865384615,,,0,30,,,
HL,I5034 ,2,NL,64T2 ,MRN2,,,,721946,2018NL051,2018,W,126417,1,,20,,,1,,,0,0,,,
HL,I5034 ,2,NL,64T2 ,MRN2,,,,721947,2018NL052,2018,W,126417,1,,1,,,1,,,0,20,,,
HL,I5034 ,2,NL,64T2 ,MRN2,,,,721947,2018NL052,2018,W,126417,1,,4,,,1,,,0,22,,,
HL,I5034 ,2,NL,64T2 ,MRN2,,,,721947,2018NL052,2018,W,126417,1,,5,,,1,,,0,23,,,
HL,I5034 ,2,NL,64T2 ,MRN2,,,,721947,2018NL052,2018,W,126417,1,,1,,,1,,,0,24,,,
HL,I5034 ,2,NL,64T2 ,MRN2,,,,721947,2018NL052,2018,W,126417,1,,7,,,1,,,0,25,,,
HL,I5034 ,2,NL,64T2 ,MRN2,,,,721947,2018NL052,2018,W,126417,1,,2,,,1,,,0,26,,,
HL,I5034 ,2,NL,64T2 ,MRN2,,,,721947,2018NL052,2018,W,126417,1,,1,,,1,,,0,27,,,
HL,I5034 ,2,NL,64T2 ,MRN2,,,,721947,2018NL052,2018,W,126417,1,,8,,,1,,,0,28,,,
HL,I5034 ,2,NL,64T2 ,MRN2,,,,721947,2018NL052,2018,W,126417,1,,2,,,1,,,0,29,,,
HL,I5034 ,2,NL,64T2 ,MRN2,,,,721947,2018NL052,2018,W,126417,1,,1,,,1,,,0,33,,,
HL,I5034 ,2,NL,64T2 ,MRN2,,,,721947,2018NL052,2018,W,126417,1,,2,,,1,,,0,0,,,
HL,I5034 ,2,NL,64T2 ,MRN2,,,,721948,2018NL053,2018,W,126417,1,,1,,,1,,,0,24,,,
HL,I5034 ,2,NL,64T2 ,MRN2,,,,721948,2018NL053,2018,W,126417,1,,1,,,1,,,0,25,,,
HL,I5034 ,2,NL,64T2 ,MRN2,,,,721949,2018NL054,2018,W,126417,1,,1,,,1,,,0,23,,,
HL,I5034 ,2,NL,64T2 ,MRN2,,,,721949,2018NL054,2018,W,126417,1,,1,,,1,,,0,24,,,
HL,I5034 ,2,NL,64T2 ,MRN2,,,,721949,2018NL054,2018,W,126417,1,,1,,,1,,,0,25,,,
HL,I5034 ,2,NL,64T2 ,MRN2,,,,721949,2018NL054,2018,W,126417,1,,2,,,1,,,0,0,,,
HL,I5034 ,2,NL,64T2 ,MRN2,,,,721950,2018NL055,2018,W,126417,1,,1,,,1,,,0,20,,,
HL,I5034 ,2,NL,64T2 ,MRN2,,,,721950,2018NL055,2018,W,126417,1,,3,,,1,,,0,22,,,
HL,I5034 ,2,NL,64T2 ,MRN2,,,,721950,2018NL055,2018,W,126417,1,,5,,,1,,,0,23,,,
HL,I5034 ,2,NL,64T2 ,MRN2,,,,721950,2018NL055,2018,W,126417,1,,7,,,1,,,0,24,,,
HL,I5034 ,2,NL,64T2 ,MRN2,,,,721950,2018NL055,2018,W,126417,1,,7,,,1,,,0,25,,,
HL,I5034 ,2,NL,64T2 ,MRN2,,,,721950,2018NL055,2018,W,126417,1,,5,,,1,,,0,26,,,
HL,I5034 ,2,NL,64T2 ,MRN2,,,,721950,2018NL055,2018,W,126417,1,,7,,,1,,,0,27,,,
HL,I5034 ,2,NL,64T2 ,MRN2,,,,721950,2018NL055,2018,W,126417,1,,6,,,1,,,0,28,,,
HL,I5034 ,2,NL,64T2 ,MRN2,,,,721950,2018NL055,2018,W,126417,1,,1,,,1,,,0,29,,,
HL,I5034 ,2,NL,64T2 ,MRN2,,,,721950,2018NL055,2018,W,126417,1,,1,,,1,,,0,33,,,
HL,I5034 ,2,NL,64T2 ,MRN2,,,,721951,2018NL056,2018,W,126417,1,,4,,,2.08,,,0,21,,,
HL,I5034 ,2,NL,64T2 ,MRN2,,,,721951,2018NL056,2018,W,126417,1,,7,,,2.08,,,0,22,,,
HL,I5034 ,2,NL,64T2 ,MRN2,,,,721951,2018NL056,2018,W,126417,1,,9,,,2.08,,,0,23,,,
HL,I5034 ,2,NL,64T2 ,MRN2,,,,721951,2018NL056,2018,W,126417,1,,12,,,2.08,,,0,24,,,
HL,I5034 ,2,NL,64T2 ,MRN2,,,,721951,2018NL056,2018,W,126417,1,,13,,,2.08,,,0,25,,,
HL,I5034 ,2,NL,64T2 ,MRN2,,,,721951,2018NL056,2018,W,126417,1,,1,,,2.08,,,0,26,,,
HL,I5034 ,2,NL,64T2 ,MRN2,,,,721951,2018NL056,2018,W,126417,1,,1,,,2.08,,,0,27,,,
HL,I5034 ,2,NL,64T2 ,MRN2,,,,721951,2018NL056,2018,W,126417,1,,2,,,2.08,,,0,28,,,
HL,I5034 ,2,NL,64T2 ,MRN2,,,,721951,2018NL056,2018,W,126417,1,,1,,,2.08,,,0,29,,,
HL,I5034 ,2,NL,64T2 ,MRN2,,,,721952,2018NL057,2018,W,126417,1,,1,,,23.16,,,0,24,,,
HL,I5034 ,2,NL,64T2 ,MRN2,,,,721952,2018NL057,2018,W,126417,1,,1,,,23.16,,,0,25,,,
HL,I5034 ,2,NL,64T2 ,MRN2,,,,721952,2018NL057,2018,W,126417,1,,1,,,23.16,,,0,26,,,
HL,I5034 ,2,NL,64T2 ,MRN2,,,,721952,2018NL057,2018,W,126417,1,,1,,,23.16,,,0,27,,,
HL,I5034 ,2,NL,64T2 ,MRN2,,,,721952,2018NL057,2018,W,126417,1,,1,,,23.16,,,0,28,,,
HL,I5034 ,2,NL,64T2 ,MRN2,,,,721952,2018NL057,2018,W,126417,1,,5,,,23.16,,,0,29,,,
HL,I5034 ,2,NL,64T2 ,MRN2,,,,721952,2018NL057,2018,W,126417,1,,7,,,23.16,,,0,30,,,
HL,I5034 ,2,NL,64T2 ,MRN2,,,,721952,2018NL057,2018,W,126417,1,,7,,,23.16,,,0,31,,,
HL,I5034 ,2,NL,64T2 ,MRN2,,,,721952,2018NL057,2018,W,126417,1,,13,,,23.16,,,0,32,,,
HL,I5034 ,2,NL,64T2 ,MRN2,,,,721952,2018NL057,2018,W,126417,1,,4,,,23.16,,,0,33,,,
HL,I5034 ,2,NL,64T2 ,MRN2,,,,721952,2018NL057,2018,W,126417,1,,6,,,23.16,,,0,34,,,
HL,I5034 ,2,NL,64T2 ,MRN2,,,,721952,2018NL057,2018,W,126417,1,,3,,,23.16,,,0,35,,,
HL,I5034 ,2,NL,64T2 ,MRN2,,,,721953,2018NL058,2018,W,126417,1,,1,,,1,,,0,18,,,
HL,I5034 ,2,NL,64T2 ,MRN2,,,,721953,2018NL058,2018,W,126417,1,,2,,,1,,,0,21,,,
HL,I5034 ,2,NL,64T2 ,MRN2,,,,721953,2018NL058,2018,W,126417,1,,1,,,1,,,0,24,,,
HL,I5034 ,2,NL,64T2 ,MRN2,,,,721953,2018NL058,2018,W,126417,1,,2,,,1,,,0,28,,,
HL,I5034 ,2,NL,64T2 ,MRN2,,,,721953,2018NL058,2018,W,126417,1,,2,,,1,,,0,31,,,
HL,I5034 ,2,NL,64T2 ,MRN2,,,,721953,2018NL058,2018,W,126417,1,,1,,,1,,,0,33,,,
HL,I5034 ,2,NL,64T2 ,MRN2,,,,721953,2018NL058,2018,W,126417,1,,1,,,1,,,0,38,,,
HL,I5034 ,2,NL,64T2 ,MRN2,,,,721953,2018NL058,2018,W,126417,1,,1,,,1,,,0,40,,,
HL,I5034 ,2,NL,64T2 ,MRN2,,,,721953,2018NL058,2018,W,126417,1,,14,,,1,,,0,0,,,
HL,I5034 ,2,NL,64T2 ,MRN2,,,,721954,2018NL059,2018,W,126417,1,,1,,,11.2,,,0,25,,,
HL,I5034 ,2,NL,64T2 ,MRN2,,,,721954,2018NL059,2018,W,126417,1,,1,,,11.2,,,0,26,,,
HL,I5034 ,2,NL,64T2 ,MRN2,,,,721954,2018NL059,2018,W,126417,1,,6,,,11.2,,,0,27,,,
HL,I5034 ,2,NL,64T2 ,MRN2,,,,721954,2018NL059,2018,W,126417,1,,2,,,11.2,,,0,28,,,
HL,I5034 ,2,NL,64T2 ,MRN2,,,,721954,2018NL059,2018,W,126417,1,,10,,,11.2,,,0,29,,,
HL,I5034 ,2,NL,64T2 ,MRN2,,,,721954,2018NL059,2018,W,126417,1,,14,,,11.2,,,0,30,,,
HL,I5034 ,2,NL,64T2 ,MRN2,,,,721954,2018NL059,2018,W,126417,1,,12,,,11.2,,,0,31,,,
HL,I5034 ,2,NL,64T2 ,MRN2,,,,721954,2018NL059,2018,W,126417,1,,2,,,11.2,,,0,32,,,
HL,I5034 ,2,NL,64T2 ,MRN2,,,,721954,2018NL059,2018,W,126417,1,,2,,,11.2,,,0,33,,,
HL,I5034 ,2,NL,64T2 ,MRN2,,,,721955,2018NL060,2018,W,126417,1,,1,,,11.66666667,,,0,25,,,
HL,I5034 ,2,NL,64T2 ,MRN2,,,,721955,2018NL060,2018,W,126417,1,,3,,,11.66666667,,,0,26,,,
HL,I5034 ,2,NL,64T2 ,MRN2,,,,721955,2018NL060,2018,W,126417,1,,7,,,11.66666667,,,0,27,,,
HL,I5034 ,2,NL,64T2 ,MRN2,,,,721955,2018NL060,2018,W,126417,1,,13,,,11.66666667,,,0,28,,,
HL,I5034 ,2,NL,64T2 ,MRN2,,,,721955,2018NL060,2018,W,126417,1,,8,,,11.66666667,,,0,29,,,
HL,I5034 ,2,NL,64T2 ,MRN2,,,,721955,2018NL060,2018,W,126417,1,,7,,,11.66666667,,,0,30,,,
HL,I5034 ,2,NL,64T2 ,MRN2,,,,721955,2018NL060,2018,W,126417,1,,5,,,11.66666667,,,0,31,,,
HL,I5034 ,2,NL,64T2 ,MRN2,,,,721955,2018NL060,2018,W,126417,1,,4,,,11.66666667,,,0,32,,,
HL,I5034 ,2,NL,64T2 ,MRN2,,,,721955,2018NL060,2018,W,126417,1,,1,,,11.66666667,,,0,33,,,
HL,I5034 ,2,NL,64T2 ,MRN2,,,,721955,2018NL060,2018,W,126417,1,,1,,,11.66666667,,,0,34,,,
HL,I5034 ,2,NL,64T2 ,MRN2,,,,721956,2018NL061,2018,W,126417,1,,1,,,3.58,,,0,22,,,
HL,I5034 ,2,NL,64T2 ,MRN2,,,,721956,2018NL061,2018,W,126417,1,,2,,,3.58,,,0,23,,,
HL,I5034 ,2,NL,64T2 ,MRN2,,,,721956,2018NL061,2018,W,126417,1,,4,,,3.58,,,0,24,,,
HL,I5034 ,2,NL,64T2 ,MRN2,,,,721956,2018NL061,2018,W,126417,1,,8,,,3.58,,,0,25,,,
HL,I5034 ,2,NL,64T2 ,MRN2,,,,721956,2018NL061,2018,W,126417,1,,10,,,3.58,,,0,26,,,
HL,I5034 ,2,NL,64T2 ,MRN2,,,,721956,2018NL061,2018,W,126417,1,,5,,,3.58,,,0,27,,,
HL,I5034 ,2,NL,64T2 ,MRN2,,,,721956,2018NL061,2018,W,126417,1,,10,,,3.58,,,0,28,,,
HL,I5034 ,2,NL,64T2 ,MRN2,,,,721956,2018NL061,2018,W,126417,1,,4,,,3.58,,,0,29,,,
HL,I5034 ,2,NL,64T2 ,MRN2,,,,721956,2018NL061,2018,W,126417,1,,4,,,3.58,,,0,30,,,
HL,I5034 ,2,NL,64T2 ,MRN2,,,,721956,2018NL061,2018,W,126417,1,,1,,,3.58,,,0,31,,,
HL,I5034 ,2,NL,64T2 ,MRN2,,,,721956,2018NL061,2018,W,126417,1,,1,,,3.58,,,0,33,,,
HL,I5034 ,2,NL,64T2 ,MRN2,,,,721908,2018NL062,2018,W,126417,1,,1,,,1,,,0,20,,,
HL,I5034 ,2,NL,64T2 ,MRN2,,,,721908,2018NL062,2018,W,126417,1,,1,,,1,,,0,21,,,
HL,I5034 ,2,NL,64T2 ,MRN2,,,,721908,2018NL062,2018,W,126417,1,,2,,,1,,,0,22,,,
HL,I5034 ,2,NL,64T2 ,MRN2,,,,721908,2018NL062,2018,W,126417,1,,1,,,1,,,0,23,,,
HL,I5034 ,2,NL,64T2 ,MRN2,,,,721908,2018NL062,2018,W,126417,1,,4,,,1,,,0,24,,,
HL,I5034 ,2,NL,64T2 ,MRN2,,,,721908,2018NL062,2018,W,126417,1,,5,,,1,,,0,25,,,
HL,I5034 ,2,NL,64T2 ,MRN2,,,,721908,2018NL062,2018,W,126417,1,,6,,,1,,,0,26,,,
HL,I5034 ,2,NL,64T2 ,MRN2,,,,721908,2018NL062,2018,W,126417,1,,2,,,1,,,0,27,,,
HL,I5034 ,2,NL,64T2 ,MRN2,,,,721908,2018NL062,2018,W,126417,1,,2,,,1,,,0,28,,,
HL,I5034 ,2,NL,64T2 ,MRN2,,,,721908,2018NL062,2018,W,126417,1,,2,,,1,,,0,29,,,
HL,I5034 ,2,NL,64T2 ,MRN2,,,,721908,2018NL062,2018,W,126417,1,,1,,,1,,,0,31,,,
HL,I5034 ,2,NL,64T2 ,MRN2,,,,721908,2018NL062,2018,W,126417,1,,1,,,1,,,0,32,,,
HL,I5034 ,2,NL,64T2 ,MRN2,,,,721908,2018NL062,2018,W,126417,1,,7,,,1,,,0,0,,,
HL,I5034 ,2,NL,64T2 ,MRN2,,,,748720,2019NL001,2019,W,126417,1,,1,,,1,,,0,21,,,
HL,I5034 ,2,NL,64T2 ,MRN2,,,,748720,2019NL001,2019,W,126417,1,,1,,,1,,,0,22,,,
HL,I5034 ,2,NL,64T2 ,MRN2,,,,748720,2019NL001,2019,W,126417,1,,2,,,1,,,0,23,,,
HL,I5034 ,2,NL,64T2 ,MRN2,,,,748720,2019NL001,2019,W,126417,1,,5,,,1,,,0,24,,,
HL,I5034 ,2,NL,64T2 ,MRN2,,,,748720,2019NL001,2019,W,126417,1,,2,,,1,,,0,26,,,
HL,I5034 ,2,NL,64T2 ,MRN2,,,,748720,2019NL001,2019,W,126417,1,,1,,,1,,,0,27,,,
HL,I5034 ,2,NL,64T2 ,MRN2,,,,748720,2019NL001,2019,W,126417,1,,1,,,1,,,0,28,,,
HL,I5034 ,2,NL,64T2 ,MRN2,,,,748721,2019NL002,2019,W,126417,1,,2,,,1,,,0,21,,,
HL,I5034 ,2,NL,64T2 ,MRN2,,,,748721,2019NL002,2019,W,126417,1,,2,,,1,,,0,22,,,
HL,I5034 ,2,NL,64T2 ,MRN2,,,,748721,2019NL002,2019,W,126417,1,,4,,,1,,,0,23,,,
HL,I5034 ,2,NL,64T2 ,MRN2,,,,748721,2019NL002,2019,W,126417,1,,1,,,1,,,0,24,,,
HL,I5034 ,2,NL,64T2 ,MRN2,,,,748721,2019NL002,2019,W,126417,1,,1,,,1,,,0,25,,,
HL,I5034 ,2,NL,64T2 ,MRN2,,,,748721,2019NL002,2019,W,126417,1,,2,,,1,,,0,26,,,
HL,I5034 ,2,NL,64T2 ,MRN2,,,,748722,2019NL003,2019,W,126417,1,,2,,,1,,,0,23,,,
HL,I5034 ,2,NL,64T2 ,MRN2,,,,748722,2019NL003,2019,W,126417,1,,1,,,1,,,0,27,,,
HL,I5034 ,2,NL,64T2 ,MRN2,,,,748722,2019NL003,2019,W,126417,1,,1,,,1,,,0,31,,,
HL,I5034 ,2,NL,64T2 ,MRN2,,,,748722,2019NL003,2019,W,126417,1,,4,,,1,,,0,0,,,
HL,I5034 ,2,NL,64T2 ,MRN2,,,,748789,2019NL004,2019,W,126417,1,,1,,,1,,,0,9,,,
HL,I5034 ,2,NL,64T2 ,MRN2,,,,748789,2019NL004,2019,W,126417,1,,2,,,1,,,0,10,,,
HL,I5034 ,2,NL,64T2 ,MRN2,,,,748789,2019NL004,2019,W,126417,1,,3,,,1,,,0,12,,,
HL,I5034 ,2,NL,64T2 ,MRN2,,,,748789,2019NL004,2019,W,126417,1,,2,,,1,,,0,21,,,
HL,I5034 ,2,NL,64T2 ,MRN2,,,,748789,2019NL004,2019,W,126417,1,,3,,,1,,,0,22,,,
HL,I5034 ,2,NL,64T2 ,MRN2,,,,748789,2019NL004,2019,W,126417,1,,2,,,1,,,0,23,,,
HL,I5034 ,2,NL,64T2 ,MRN2,,,,748789,2019NL004,2019,W,126417,1,,8,,,1,,,0,24,,,
HL,I5034 ,2,NL,64T2 ,MRN2,,,,748789,2019NL004,2019,W,126417,1,,4,,,1,,,0,25,,,
HL,I5034 ,2,NL,64T2 ,MRN2,,,,748789,2019NL004,2019,W,126417,1,,5,,,1,,,0,26,,,
HL,I5034 ,2,NL,64T2 ,MRN2,,,,748789,2019NL004,2019,W,126417,1,,2,,,1,,,0,27,,,
HL,I5034 ,2,NL,64T2 ,MRN2,,,,748789,2019NL004,2019,W,126417,1,,2,,,1,,,0,28,,,
HL,I5034 ,2,NL,64T2 ,MRN2,,,,748789,2019NL004,2019,W,126417,1,,1,,,1,,,0,29,,,
HL,I5034 ,2,NL,64T2 ,MRN2,,,,748789,2019NL004,2019,W,126417,1,,2,,,1,,,0,30,,,
HL,I5034 ,2,NL,64T2 ,MRN2,,,,748789,2019NL004,2019,W,126417,1,,1,,,1,,,0,32,,,
HL,I5034 ,2,NL,64T2 ,MRN2,,,,748789,2019NL004,2019,W,126417,1,,4,,,1,,,0,0,,,
HL,I5034 ,2,NL,64T2 ,MRN2,,,,748719,2019NL005,2019,W,126417,1,,1,,,1,,,0,11,,,
HL,I5034 ,2,NL,64T2 ,MRN2,,,,748719,2019NL005,2019,W,126417,1,,1,,,1,,,0,21,,,
HL,I5034 ,2,NL,64T2 ,MRN2,,,,748719,2019NL005,2019,W,126417,1,,1,,,1,,,0,23,,,
HL,I5034 ,2,NL,64T2 ,MRN2,,,,748719,2019NL005,2019,W,126417,1,,3,,,1,,,0,25,,,
HL,I5034 ,2,NL,64T2 ,MRN2,,,,748719,2019NL005,2019,W,126417,1,,1,,,1,,,0,26,,,
HL,I5034 ,2,NL,64T2 ,MRN2,,,,748719,2019NL005,2019,W,126417,1,,1,,,1,,,0,27,,,
HL,I5034 ,2,NL,64T2 ,MRN2,,,,748719,2019NL005,2019,W,126417,1,,1,,,1,,,0,28,,,
HL,I5034 ,2,NL,64T2 ,MRN2,,,,748719,2019NL005,2019,W,126417,1,,1,,,1,,,0,29,,,
HL,I5034 ,2,NL,64T2 ,MRN2,,,,748719,2019NL005,2019,W,126417,1,,4,,,1,,,0,0,,,
HL,I5034 ,2,NL,64T2 ,MRN2,,,,748725,2019NL006,2019,W,126417,1,,2,,,1,,,0,23,,,
HL,I5034 ,2,NL,64T2 ,MRN2,,,,748725,2019NL006,2019,W,126417,1,,2,,,1,,,0,24,,,
HL,I5034 ,2,NL,64T2 ,MRN2,,,,748725,2019NL006,2019,W,126417,1,,2,,,1,,,0,27,,,
HL,I5034 ,2,NL,64T2 ,MRN2,,,,748725,2019NL006,2019,W,126417,1,,1,,,1,,,0,28,,,
HL,I5034 ,2,NL,64T2 ,MRN2,,,,748726,2019NL007,2019,W,126417,1,,1,,,1.94,,,0,22,,,
HL,I5034 ,2,NL,64T2 ,MRN2,,,,748726,2019NL007,2019,W,126417,1,,1,,,1.94,,,0,26,,,
HL,I5034 ,2,NL,64T2 ,MRN2,,,,748726,2019NL007,2019,W,126417,1,,2,,,1.94,,,0,27,,,
HL,I5034 ,2,NL,64T2 ,MRN2,,,,748726,2019NL007,2019,W,126417,1,,2,,,1.94,,,0,28,,,
HL,I5034 ,2,NL,64T2 ,MRN2,,,,748726,2019NL007,2019,W,126417,1,,1,,,1.94,,,0,29,,,
HL,I5034 ,2,NL,64T2 ,MRN2,,,,748726,2019NL007,2019,W,126417,1,,6,,,1.94,,,0,30,,,
HL,I5034 ,2,NL,64T2 ,MRN2,,,,748726,2019NL007,2019,W,126417,1,,2,,,1.94,,,0,31,,,
HL,I5034 ,2,NL,64T2 ,MRN2,,,,748726,2019NL007,2019,W,126417,1,,7,,,1.94,,,0,32,,,
HL,I5034 ,2,NL,64T2 ,MRN2,,,,748726,2019NL007,2019,W,126417,1,,5,,,1.94,,,0,33,,,
HL,I5034 ,2,NL,64T2 ,MRN2,,,,748726,2019NL007,2019,W,126417,1,,5,,,1.94,,,0,34,,,
HL,I5034 ,2,NL,64T2 ,MRN2,,,,748726,2019NL007,2019,W,126417,1,,7,,,1.94,,,0,35,,,
HL,I5034 ,2,NL,64T2 ,MRN2,,,,748726,2019NL007,2019,W,126417,1,,1,,,1.94,,,0,36,,,
HL,I5034 ,2,NL,64T2 ,MRN2,,,,748726,2019NL007,2019,W,126417,1,,3,,,1.94,,,0,38,,,
HL,I5034 ,2,NL,64T2 ,MRN2,,,,748726,2019NL007,2019,W,126417,1,,1,,,1.94,,,0,40,,,
HL,I5034 ,2,NL,64T2 ,MRN2,,,,748726,2019NL007,2019,W,126417,1,,1,,,1.94,,,0,41,,,
HL,I5034 ,2,NL,64T2 ,MRN2,,,,748727,2019NL008,2019,W,126417,1,,1,,,1,,,0,31,,,
HL,I5034 ,2,NL,64T2 ,MRN2,,,,748727,2019NL008,2019,W,126417,1,,1,,,1,,,0,34,,,
HL,I5034 ,2,NL,64T2 ,MRN2,,,,748727,2019NL008,2019,W,126417,1,,3,,,1,,,0,35,,,
HL,I5034 ,2,NL,64T2 ,MRN2,,,,748727,2019NL008,2019,W,126417,1,,1,,,1,,,0,36,,,
HL,I5034 ,2,NL,64T2 ,MRN2,,,,748727,2019NL008,2019,W,126417,1,,1,,,1,,,0,37,,,
HL,I5034 ,2,NL,64T2 ,MRN2,,,,748727,2019NL008,2019,W,126417,1,,1,,,1,,,0,38,,,
HL,I5034 ,2,NL,64T2 ,MRN2,,,,748727,2019NL008,2019,W,126417,1,,1,,,1,,,0,40,,,
HL,I5034 ,2,NL,64T2 ,MRN2,,,,748727,2019NL008,2019,W,126417,1,,1,,,1,,,0,28,,,
HL,I5034 ,2,NL,64T2 ,MRN2,,,,748727,2019NL008,2019,W,126417,1,,2,,,1,,,0,0,,,
HL,I5034 ,2,NL,64T2 ,MRN2,,,,748729,2019NL010,2019,W,126417,1,,1,,,1,,,0,0,,,
HL,I5034 ,2,NL,64T2 ,MRN2,,,,748730,2019NL011,2019,W,126417,1,,1,,,1,,,0,31,,,
HL,I5034 ,2,NL,64T2 ,MRN2,,,,748730,2019NL011,2019,W,126417,1,,1,,,1,,,0,0,,,
HL,I5034 ,2,NL,64T2 ,MRN2,,,,748735,2019NL016,2019,W,126417,1,,1,,,1,,,0,30,,,
HL,I5034 ,2,NL,64T2 ,MRN2,,,,748735,2019NL016,2019,W,126417,1,,1,,,1,,,0,31,,,
HL,I5034 ,2,NL,64T2 ,MRN2,,,,748738,2019NL019,2019,W,126417,1,,1,,,1,,,0,34,,,
HL,I5034 ,2,NL,64T2 ,MRN2,,,,748741,2019NL022,2019,W,126417,1,,1,,,1,,,0,0,,,
HL,I5034 ,2,NL,64T2 ,MRN2,,,,748742,2019NL023,2019,W,126417,1,,1,,,1,,,0,33,,,
HL,I5034 ,2,NL,64T2 ,MRN2,,,,748743,2019NL024,2019,W,126417,1,,1,,,1,,,0,16,,,
HL,I5034 ,2,NL,64T2 ,MRN2,,,,748745,2019NL026,2019,W,126417,1,,1,,,1,,,0,35,,,
HL,I5034 ,2,NL,64T2 ,MRN2,,,,748750,2019NL031,2019,W,126417,1,,1,,,1,,,0,0,,,
HL,I5034 ,2,NL,64T2 ,MRN2,,,,748752,2019NL033,2019,W,126417,1,,1,,,1,,,0,32,,,
HL,I5034 ,2,NL,64T2 ,MRN2,,,,748752,2019NL033,2019,W,126417,1,,1,,,1,,,0,33,,,
HL,I5034 ,2,NL,64T2 ,MRN2,,,,748752,2019NL033,2019,W,126417,1,,2,,,1,,,0,28,,,
HL,I5034 ,2,NL,64T2 ,MRN2,,,,748752,2019NL033,2019,W,126417,1,,2,,,1,,,0,30,,,
HL,I5034 ,2,NL,64T2 ,MRN2,,,,748753,2019NL034,2019,W,126417,1,,1,,,1,,,0,0,,,
HL,I5034 ,2,NL,64T2 ,MRN2,,,,748754,2019NL035,2019,W,126417,1,,1,,,1,,,0,27,,,
HL,I5034 ,2,NL,64T2 ,MRN2,,,,748755,2019NL036,2019,W,126417,1,,1,,,1,,,0,22,,,
HL,I5034 ,2,NL,64T2 ,MRN2,,,,748755,2019NL036,2019,W,126417,1,,1,,,1,,,0,25,,,
HL,I5034 ,2,NL,64T2 ,MRN2,,,,748755,2019NL036,2019,W,126417,1,,2,,,1,,,0,26,,,
HL,I5034 ,2,NL,64T2 ,MRN2,,,,748755,2019NL036,2019,W,126417,1,,1,,,1,,,0,28,,,
HL,I5034 ,2,NL,64T2 ,MRN2,,,,748755,2019NL036,2019,W,126417,1,,1,,,1,,,0,29,,,
HL,I5034 ,2,NL,64T2 ,MRN2,,,,748755,2019NL036,2019,W,126417,1,,1,,,1,,,0,30,,,
HL,I5034 ,2,NL,64T2 ,MRN2,,,,748755,2019NL036,2019,W,126417,1,,1,,,1,,,0,0,,,
HL,I5034 ,2,NL,64T2 ,MRN2,,,,748757,2019NL038,2019,W,126417,1,,1,,,1,,,0,34,,,
HL,I5034 ,2,NL,64T2 ,MRN2,,,,748757,2019NL038,2019,W,126417,1,,1,,,1,,,0,36,,,
HL,I5034 ,2,NL,64T2 ,MRN2,,,,748757,2019NL038,2019,W,126417,1,,1,,,1,,,0,0,,,
HL,I5034 ,2,NL,64T2 ,MRN2,,,,748758,2019NL039,2019,W,126417,1,,1,,,1,,,0,26,,,
HL,I5034 ,2,NL,64T2 ,MRN2,,,,748758,2019NL039,2019,W,126417,1,,1,,,1,,,0,36,,,
HL,I5034 ,2,NL,64T2 ,MRN2,,,,748762,2019NL043,2019,W,126417,1,,1,,,1,,,0,0,,,
HL,I5034 ,2,NL,64T2 ,MRN2,,,,748768,2019NL048,2019,W,126417,1,,1,,,1,,,0,26,,,
HL,I5034 ,2,NL,64T2 ,MRN2,,,,748768,2019NL048,2019,W,126417,1,,1,,,1,,,0,27,,,
HL,I5034 ,2,NL,64T2 ,MRN2,,,,748768,2019NL048,2019,W,126417,1,,2,,,1,,,0,30,,,
HL,I5034 ,2,NL,64T2 ,MRN2,,,,748768,2019NL048,2019,W,126417,1,,4,,,1,,,0,0,,,
HL,I5034 ,2,NL,64T2 ,MRN2,,,,748769,2019NL049,2019,W,126417,1,,2,,,1,,,0,23,,,
HL,I5034 ,2,NL,64T2 ,MRN2,,,,748769,2019NL049,2019,W,126417,1,,1,,,1,,,0,25,,,
HL,I5034 ,2,NL,64T2 ,MRN2,,,,748769,2019NL049,2019,W,126417,1,,1,,,1,,,0,26,,,
HL,I5034 ,2,NL,64T2 ,MRN2,,,,748769,2019NL049,2019,W,126417,1,,4,,,1,,,0,27,,,
HL,I5034 ,2,NL,64T2 ,MRN2,,,,748769,2019NL049,2019,W,126417,1,,1,,,1,,,0,28,,,
HL,I5034 ,2,NL,64T2 ,MRN2,,,,748769,2019NL049,2019,W,126417,1,,1,,,1,,,0,21,,,
HL,I5034 ,2,NL,64T2 ,MRN2,,,,748769,2019NL049,2019,W,126417,1,,1,,,1,,,0,22,,,
HL,I5034 ,2,NL,64T2 ,MRN2,,,,748769,2019NL049,2019,W,126417,1,,6,,,1,,,0,24,,,
HL,I5034 ,2,NL,64T2 ,MRN2,,,,748769,2019NL049,2019,W,126417,1,,1,,,1,,,0,0,,,
HL,I5034 ,2,NL,64T2 ,MRN2,,,,748770,2019NL050,2019,W,126417,1,,1,,,1,,,0,22,,,
HL,I5034 ,2,NL,64T2 ,MRN2,,,,748770,2019NL050,2019,W,126417,1,,1,,,1,,,0,23,,,
HL,I5034 ,2,NL,64T2 ,MRN2,,,,748770,2019NL050,2019,W,126417,1,,2,,,1,,,0,24,,,
HL,I5034 ,2,NL,64T2 ,MRN2,,,,748770,2019NL050,2019,W,126417,1,,1,,,1,,,0,29,,,
HL,I5034 ,2,NL,64T2 ,MRN2,,,,748770,2019NL050,2019,W,126417,1,,1,,,1,,,0,30,,,
HL,I5034 ,2,NL,64T2 ,MRN2,,,,748770,2019NL050,2019,W,126417,1,,5,,,1,,,0,20,,,
HL,I5034 ,2,NL,64T2 ,MRN2,,,,748770,2019NL050,2019,W,126417,1,,3,,,1,,,0,21,,,
HL,I5034 ,2,NL,64T2 ,MRN2,,,,748770,2019NL050,2019,W,126417,1,,5,,,1,,,0,25,,,
HL,I5034 ,2,NL,64T2 ,MRN2,,,,748770,2019NL050,2019,W,126417,1,,3,,,1,,,0,26,,,
HL,I5034 ,2,NL,64T2 ,MRN2,,,,748771,2019NL051,2019,W,126417,1,,1,,,1,,,0,21,,,
HL,I5034 ,2,NL,64T2 ,MRN2,,,,748771,2019NL051,2019,W,126417,1,,3,,,1,,,0,22,,,
HL,I5034 ,2,NL,64T2 ,MRN2,,,,748771,2019NL051,2019,W,126417,1,,3,,,1,,,0,23,,,
HL,I5034 ,2,NL,64T2 ,MRN2,,,,748771,2019NL051,2019,W,126417,1,,5,,,1,,,0,24,,,
HL,I5034 ,2,NL,64T2 ,MRN2,,,,748771,2019NL051,2019,W,126417,1,,1,,,1,,,0,25,,,
HL,I5034 ,2,NL,64T2 ,MRN2,,,,748771,2019NL051,2019,W,126417,1,,3,,,1,,,0,26,,,
HL,I5034 ,2,NL,64T2 ,MRN2,,,,748771,2019NL051,2019,W,126417,1,,3,,,1,,,0,27,,,
HL,I5034 ,2,NL,64T2 ,MRN2,,,,748771,2019NL051,2019,W,126417,1,,1,,,1,,,0,29,,,
HL,I5034 ,2,NL,64T2 ,MRN2,,,,748771,2019NL051,2019,W,126417,1,,1,,,1,,,0,20,,,
HL,I5034 ,2,NL,64T2 ,MRN2,,,,748772,2019NL052,2019,W,126417,1,,1,,,1,,,0,25,,,
HL,I5034 ,2,NL,64T2 ,MRN2,,,,748772,2019NL052,2019,W,126417,1,,1,,,1,,,0,26,,,
HL,I5034 ,2,NL,64T2 ,MRN2,,,,748772,2019NL052,2019,W,126417,1,,1,,,1,,,0,27,,,
HL,I5034 ,2,NL,64T2 ,MRN2,,,,748772,2019NL052,2019,W,126417,1,,3,,,1,,,0,28,,,
HL,I5034 ,2,NL,64T2 ,MRN2,,,,748772,2019NL052,2019,W,126417,1,,1,,,1,,,0,19,,,
HL,I5034 ,2,NL,64T2 ,MRN2,,,,748772,2019NL052,2019,W,126417,1,,1,,,1,,,0,20,,,
HL,I5034 ,2,NL,64T2 ,MRN2,,,,748772,2019NL052,2019,W,126417,1,,2,,,1,,,0,21,,,
HL,I5034 ,2,NL,64T2 ,MRN2,,,,748772,2019NL052,2019,W,126417,1,,3,,,1,,,0,22,,,
HL,I5034 ,2,NL,64T2 ,MRN2,,,,748772,2019NL052,2019,W,126417,1,,1,,,1,,,0,23,,,
HL,I5034 ,2,NL,64T2 ,MRN2,,,,748772,2019NL052,2019,W,126417,1,,1,,,1,,,0,24,,,
HL,I5034 ,2,NL,64T2 ,MRN2,,,,748772,2019NL052,2019,W,126417,1,,1,,,1,,,0,0,,,
HL,I5034 ,2,NL,64T2 ,MRN2,,,,748773,2019NL053,2019,W,126417,1,,1,,,1,,,0,23,,,
HL,I5034 ,2,NL,64T2 ,MRN2,,,,748773,2019NL053,2019,W,126417,1,,1,,,1,,,0,25,,,
HL,I5034 ,2,NL,64T2 ,MRN2,,,,748773,2019NL053,2019,W,126417,1,,3,,,1,,,0,0,,,
HL,I5034 ,2,NL,64T2 ,MRN2,,,,748775,2019NL055,2019,W,126417,1,,2,,,14.74509804,,,0,21,,,
HL,I5034 ,2,NL,64T2 ,MRN2,,,,748775,2019NL055,2019,W,126417,1,,2,,,14.74509804,,,0,22,,,
HL,I5034 ,2,NL,64T2 ,MRN2,,,,748775,2019NL055,2019,W,126417,1,,7,,,14.74509804,,,0,23,,,
HL,I5034 ,2,NL,64T2 ,MRN2,,,,748775,2019NL055,2019,W,126417,1,,10,,,14.74509804,,,0,24,,,
HL,I5034 ,2,NL,64T2 ,MRN2,,,,748775,2019NL055,2019,W,126417,1,,13,,,14.74509804,,,0,25,,,
HL,I5034 ,2,NL,64T2 ,MRN2,,,,748775,2019NL055,2019,W,126417,1,,5,,,14.74509804,,,0,26,,,
HL,I5034 ,2,NL,64T2 ,MRN2,,,,748775,2019NL055,2019,W,126417,1,,2,,,14.74509804,,,0,27,,,
HL,I5034 ,2,NL,64T2 ,MRN2,,,,748775,2019NL055,2019,W,126417,1,,2,,,14.74509804,,,0,28,,,
HL,I5034 ,2,NL,64T2 ,MRN2,,,,748776,2019NL056,2019,W,126417,1,,1,,,1,,,0,22,,,
HL,I5034 ,2,NL,64T2 ,MRN2,,,,748776,2019NL056,2019,W,126417,1,,4,,,1,,,0,24,,,
HL,I5034 ,2,NL,64T2 ,MRN2,,,,748776,2019NL056,2019,W,126417,1,,10,,,1,,,0,25,,,
HL,I5034 ,2,NL,64T2 ,MRN2,,,,748776,2019NL056,2019,W,126417,1,,10,,,1,,,0,26,,,
HL,I5034 ,2,NL,64T2 ,MRN2,,,,748776,2019NL056,2019,W,126417,1,,10,,,1,,,0,27,,,
HL,I5034 ,2,NL,64T2 ,MRN2,,,,748776,2019NL056,2019,W,126417,1,,4,,,1,,,0,28,,,
HL,I5034 ,2,NL,64T2 ,MRN2,,,,748776,2019NL056,2019,W,126417,1,,5,,,1,,,0,29,,,
HL,I5034 ,2,NL,64T2 ,MRN2,,,,748776,2019NL056,2019,W,126417,1,,3,,,1,,,0,30,,,
HL,I5034 ,2,NL,64T2 ,MRN2,,,,748776,2019NL056,2019,W,126417,1,,1,,,1,,,0,31,,,
HL,I5034 ,2,NL,64T2 ,MRN2,,,,748776,2019NL056,2019,W,126417,1,,1,,,8.285714286,,,0,19,,,
HL,I5034 ,2,NL,64T2 ,MRN2,,,,748776,2019NL056,2019,W,126417,1,,1,,,8.285714286,,,0,21,,,
HL,I5034 ,2,NL,64T2 ,MRN2,,,,748776,2019NL056,2019,W,126417,1,,1,,,8.285714286,,,0,23,,,
HL,I5034 ,2,NL,64T2 ,MRN2,,,,748777,2019NL057,2019,W,126417,1,,1,,,1,,,0,23,,,
HL,I5034 ,2,NL,64T2 ,MRN2,,,,748777,2019NL057,2019,W,126417,1,,3,,,1,,,0,24,,,
HL,I5034 ,2,NL,64T2 ,MRN2,,,,748777,2019NL057,2019,W,126417,1,,5,,,1,,,0,25,,,
HL,I5034 ,2,NL,64T2 ,MRN2,,,,748777,2019NL057,2019,W,126417,1,,4,,,1,,,0,26,,,
HL,I5034 ,2,NL,64T2 ,MRN2,,,,748777,2019NL057,2019,W,126417,1,,7,,,1,,,0,27,,,
HL,I5034 ,2,NL,64T2 ,MRN2,,,,748777,2019NL057,2019,W,126417,1,,7,,,1,,,0,28,,,
HL,I5034 ,2,NL,64T2 ,MRN2,,,,748777,2019NL057,2019,W,126417,1,,3,,,1,,,0,29,,,
HL,I5034 ,2,NL,64T2 ,MRN2,,,,748777,2019NL057,2019,W,126417,1,,10,,,1,,,0,30,,,
HL,I5034 ,2,NL,64T2 ,MRN2,,,,748777,2019NL057,2019,W,126417,1,,3,,,1,,,0,31,,,
HL,I5034 ,2,NL,64T2 ,MRN2,,,,748777,2019NL057,2019,W,126417,1,,1,,,1,,,0,32,,,
HL,I5034 ,2,NL,64T2 ,MRN2,,,,748777,2019NL057,2019,W,126417,1,,1,,,1,,,0,33,,,
HL,I5034 ,2,NL,64T2 ,MRN2,,,,748777,2019NL057,2019,W,126417,1,,1,,,1,,,0,34,,,
HL,I5034 ,2,NL,64T2 ,MRN2,,,,748777,2019NL057,2019,W,126417,1,,1,,,3.6,,,0,22,,,
HL,I5034 ,2,NL,64T2 ,MRN2,,,,748778,2019NL058,2019,W,126417,1,,1,,,1,,,0,25,,,
HL,I5034 ,2,NL,64T2 ,MRN2,,,,748778,2019NL058,2019,W,126417,1,,2,,,1,,,0,26,,,
HL,I5034 ,2,NL,64T2 ,MRN2,,,,748778,2019NL058,2019,W,126417,1,,2,,,1,,,0,27,,,
HL,I5034 ,2,NL,64T2 ,MRN2,,,,748778,2019NL058,2019,W,126417,1,,3,,,1,,,0,28,,,
HL,I5034 ,2,NL,64T2 ,MRN2,,,,748778,2019NL058,2019,W,126417,1,,1,,,1,,,0,29,,,
HL,I5034 ,2,NL,64T2 ,MRN2,,,,748778,2019NL058,2019,W,126417,1,,8,,,1,,,0,30,,,
HL,I5034 ,2,NL,64T2 ,MRN2,,,,748778,2019NL058,2019,W,126417,1,,6,,,1,,,0,31,,,
HL,I5034 ,2,NL,64T2 ,MRN2,,,,748778,2019NL058,2019,W,126417,1,,4,,,1,,,0,32,,,
HL,I5034 ,2,NL,64T2 ,MRN2,,,,748778,2019NL058,2019,W,126417,1,,3,,,1,,,0,33,,,
HL,I5034 ,2,NL,64T2 ,MRN2,,,,748778,2019NL058,2019,W,126417,1,,4,,,1,,,0,34,,,
HL,I5034 ,2,NL,64T2 ,MRN2,,,,748778,2019NL058,2019,W,126417,1,,4,,,1,,,0,35,,,
HL,I5034 ,2,NL,64T2 ,MRN2,,,,748778,2019NL058,2019,W,126417,1,,4,,,1,,,0,0,,,
HL,I5034 ,2,NL,64T2 ,MRN2,,,,748779,2019NL059,2019,W,126417,1,,1,,,1,,,0,19,,,
HL,I5034 ,2,NL,64T2 ,MRN2,,,,748779,2019NL059,2019,W,126417,1,,1,,,1,,,0,24,,,
HL,I5034 ,2,NL,64T2 ,MRN2,,,,748779,2019NL059,2019,W,126417,1,,6,,,1,,,0,26,,,
HL,I5034 ,2,NL,64T2 ,MRN2,,,,748779,2019NL059,2019,W,126417,1,,4,,,1,,,0,27,,,
HL,I5034 ,2,NL,64T2 ,MRN2,,,,748779,2019NL059,2019,W,126417,1,,6,,,1,,,0,28,,,
HL,I5034 ,2,NL,64T2 ,MRN2,,,,748779,2019NL059,2019,W,126417,1,,6,,,1,,,0,29,,,
HL,I5034 ,2,NL,64T2 ,MRN2,,,,748779,2019NL059,2019,W,126417,1,,10,,,1,,,0,30,,,
HL,I5034 ,2,NL,64T2 ,MRN2,,,,748779,2019NL059,2019,W,126417,1,,7,,,1,,,0,31,,,
HL,I5034 ,2,NL,64T2 ,MRN2,,,,748779,2019NL059,2019,W,126417,1,,3,,,1,,,0,32,,,
HL,I5034 ,2,NL,64T2 ,MRN2,,,,748779,2019NL059,2019,W,126417,1,,2,,,15.64,,,0,25,,,
HL,I5034 ,2,NL,64T2 ,MRN2,,,,748780,2019NL060,2019,W,126417,1,,1,,,1,,,0,22,,,
HL,I5034 ,2,NL,64T2 ,MRN2,,,,748780,2019NL060,2019,W,126417,1,,4,,,1,,,0,24,,,
HL,I5034 ,2,NL,64T2 ,MRN2,,,,748780,2019NL060,2019,W,126417,1,,3,,,1,,,0,25,,,
HL,I5034 ,2,NL,64T2 ,MRN2,,,,748780,2019NL060,2019,W,126417,1,,11,,,1,,,0,26,,,
HL,I5034 ,2,NL,64T2 ,MRN2,,,,748780,2019NL060,2019,W,126417,1,,3,,,1,,,0,27,,,
HL,I5034 ,2,NL,64T2 ,MRN2,,,,748780,2019NL060,2019,W,126417,1,,6,,,1,,,0,28,,,
HL,I5034 ,2,NL,64T2 ,MRN2,,,,748780,2019NL060,2019,W,126417,1,,4,,,1,,,0,29,,,
HL,I5034 ,2,NL,64T2 ,MRN2,,,,748780,2019NL060,2019,W,126417,1,,3,,,1,,,0,30,,,
HL,I5034 ,2,NL,64T2 ,MRN2,,,,748780,2019NL060,2019,W,126417,1,,1,,,1,,,0,33,,,
HL,I5034 ,2,NL,64T2 ,MRN2,,,,748780,2019NL060,2019,W,126417,1,,1,,,8.08,,,0,32,,,
HL,I5034 ,2,NL,64T2 ,MRN2,,,,748780,2019NL060,2019,W,126417,1,,8,,,1,,,0,0,,,
HL,I5034 ,2,NL,64T2 ,MRN2,,,,748781,2019NL061,2019,W,126417,1,,1,,,5.38,,,0,22,,,
HL,I5034 ,2,NL,64T2 ,MRN2,,,,748781,2019NL061,2019,W,126417,1,,3,,,5.38,,,0,23,,,
HL,I5034 ,2,NL,64T2 ,MRN2,,,,748781,2019NL061,2019,W,126417,1,,7,,,5.38,,,0,24,,,
HL,I5034 ,2,NL,64T2 ,MRN2,,,,748781,2019NL061,2019,W,126417,1,,8,,,5.38,,,0,25,,,
HL,I5034 ,2,NL,64T2 ,MRN2,,,,748781,2019NL061,2019,W,126417,1,,6,,,5.38,,,0,26,,,
HL,I5034 ,2,NL,64T2 ,MRN2,,,,748781,2019NL061,2019,W,126417,1,,4,,,5.38,,,0,27,,,
HL,I5034 ,2,NL,64T2 ,MRN2,,,,748781,2019NL061,2019,W,126417,1,,6,,,5.38,,,0,28,,,
HL,I5034 ,2,NL,64T2 ,MRN2,,,,748781,2019NL061,2019,W,126417,1,,3,,,5.38,,,0,29,,,
HL,I5034 ,2,NL,64T2 ,MRN2,,,,748781,2019NL061,2019,W,126417,1,,6,,,5.38,,,0,30,,,
HL,I5034 ,2,NL,64T2 ,MRN2,,,,748781,2019NL061,2019,W,126417,1,,2,,,5.38,,,0,31,,,
HL,I5034 ,2,NL,64T2 ,MRN2,,,,748781,2019NL061,2019,W,126417,1,,1,,,5.38,,,0,32,,,
HL,I5034 ,2,NL,64T2 ,MRN2,,,,748781,2019NL061,2019,W,126417,1,,2,,,5.38,,,0,33,,,
HL,I5034 ,2,NL,64T2 ,MRN2,,,,748782,2019NL062,2019,W,126417,1,,3,,,1,,,0,24,,,
HL,I5034 ,2,NL,64T2 ,MRN2,,,,748782,2019NL062,2019,W,126417,1,,12,,,1,,,0,25,,,
HL,I5034 ,2,NL,64T2 ,MRN2,,,,748782,2019NL062,2019,W,126417,1,,5,,,1,,,0,26,,,
HL,I5034 ,2,NL,64T2 ,MRN2,,,,748782,2019NL062,2019,W,126417,1,,4,,,1,,,0,27,,,
HL,I5034 ,2,NL,64T2 ,MRN2,,,,748782,2019NL062,2019,W,126417,1,,3,,,1,,,0,28,,,
HL,I5034 ,2,NL,64T2 ,MRN2,,,,748782,2019NL062,2019,W,126417,1,,4,,,1,,,0,29,,,
HL,I5034 ,2,NL,64T2 ,MRN2,,,,748782,2019NL062,2019,W,126417,1,,4,,,1,,,0,30,,,
HL,I5034 ,2,NL,64T2 ,MRN2,,,,748782,2019NL062,2019,W,126417,1,,1,,,1,,,0,31,,,
HL,I5034 ,2,NL,64T2 ,MRN2,,,,748782,2019NL062,2019,W,126417,1,,1,,,1,,,0,34,,,
HL,I5034 ,2,NL,64T2 ,MRN2,,,,748782,2019NL062,2019,W,126417,1,,1,,,2.961538462,,,0,22,,,
HL,I5034 ,2,NL,64T2 ,MRN2,,,,748782,2019NL062,2019,W,126417,1,,4,,,2.961538462,,,0,23,,,
HL,I5034 ,2,NL,64T2 ,MRN2 ,,,,10033370,2021NL5400121,2021,W,126417,1,,1,,,3.846153846,,,0,23,,,
HL,I5034 ,2,NL,64T2 ,MRN2 ,,,,10033370,2021NL5400121,2021,W,126417,1,,2,,,3.846153846,,,0,24,,,
HL,I5034 ,2,NL,64T2 ,MRN2 ,,,,10033370,2021NL5400121,2021,W,126417,1,,4,,,3.846153846,,,0,26,,,
HL,I5034 ,2,NL,64T2 ,MRN2 ,,,,10033370,2021NL5400121,2021,W,126417,1,,3,,,3.846153846,,,0,27,,,
HL,I5034 ,2,NL,64T2 ,MRN2 ,,,,10033370,2021NL5400121,2021,W,126417,1,,13,,,3.846153846,,,0,28,,,
HL,I5034 ,2,NL,64T2 ,MRN2 ,,,,10033370,2021NL5400121,2021,W,126417,1,,3,,,3.846153846,,,0,29,,,
HL,I5034 ,2,NL,64T2 ,MRN2 ,,,,10033370,2021NL5400121,2021,W,126417,1,,9,,,3.846153846,,,0,30,,,
HL,I5034 ,2,NL,64T2 ,MRN2 ,,,,10033370,2021NL5400121,2021,W,126417,1,,6,,,3.846153846,,,0,31,,,
HL,I5034 ,2,NL,64T2 ,MRN2 ,,,,10033370,2021NL5400121,2021,W,126417,1,,3,,,3.846153846,,,0,32,,,
HL,I5034 ,2,NL,64T2 ,MRN2 ,,,,10033370,2021NL5400121,2021,W,126417,1,,1,,,3.846153846,,,0,33,,,
HL,I5034 ,2,NL,64T2 ,MRN2 ,,,,10033370,2021NL5400121,2021,W,126417,1,,2,,,3.846153846,,,0,34,,,
HL,I5034 ,2,NL,64T2 ,MRN2 ,,,,10033371,2021NL5400122,2021,W,126417,1,,2,,,5.48,,,0,22,,,
HL,I5034 ,2,NL,64T2 ,MRN2 ,,,,10033371,2021NL5400122,2021,W,126417,1,,3,,,5.48,,,0,23,,,
HL,I5034 ,2,NL,64T2 ,MRN2 ,,,,10033371,2021NL5400122,2021,W,126417,1,,6,,,5.48,,,0,24,,,
HL,I5034 ,2,NL,64T2 ,MRN2 ,,,,10033371,2021NL5400122,2021,W,126417,1,,19,,,5.48,,,0,25,,,
HL,I5034 ,2,NL,64T2 ,MRN2 ,,,,10033371,2021NL5400122,2021,W,126417,1,,6,,,5.48,,,0,26,,,
HL,I5034 ,2,NL,64T2 ,MRN2 ,,,,10033371,2021NL5400122,2021,W,126417,1,,4,,,5.48,,,0,27,,,
HL,I5034 ,2,NL,64T2 ,MRN2 ,,,,10033371,2021NL5400122,2021,W,126417,1,,2,,,5.48,,,0,28,,,
HL,I5034 ,2,NL,64T2 ,MRN2 ,,,,10033371,2021NL5400122,2021,W,126417,1,,4,,,5.48,,,0,29,,,
HL,I5034 ,2,NL,64T2 ,MRN2 ,,,,10033371,2021NL5400122,2021,W,126417,1,,2,,,5.48,,,0,30,,,
HL,I5034 ,2,NL,64T2 ,MRN2 ,,,,10033372,2021NL5400123,2021,W,126417,1,,1,,,1,,,0,22,,,
HL,I5034 ,2,NL,64T2 ,MRN2 ,,,,10033372,2021NL5400123,2021,W,126417,1,,2,,,1,,,0,23,,,
HL,I5034 ,2,NL,64T2 ,MRN2 ,,,,10033372,2021NL5400123,2021,W,126417,1,,4,,,1,,,0,24,,,
HL,I5034 ,2,NL,64T2 ,MRN2 ,,,,10033372,2021NL5400123,2021,W,126417,1,,3,,,1,,,0,25,,,
HL,I5034 ,2,NL,64T2 ,MRN2 ,,,,10033372,2021NL5400123,2021,W,126417,1,,3,,,1,,,0,26,,,
HL,I5034 ,2,NL,64T2 ,MRN2 ,,,,10033372,2021NL5400123,2021,W,126417,1,,2,,,1,,,0,28,,,
HL,I5034 ,2,NL,64T2 ,MRN2 ,,,,10033372,2021NL5400123,2021,W,126417,1,,1,,,1,,,0,31,,,
HL,I5034 ,2,NL,64T2 ,MRN2 ,,,,10033373,2021NL5400124,2021,W,126417,1,,2,,,3.38,,,0,21,,,
HL,I5034 ,2,NL,64T2 ,MRN2 ,,,,10033373,2021NL5400124,2021,W,126417,1,,4,,,3.38,,,0,22,,,
HL,I5034 ,2,NL,64T2 ,MRN2 ,,,,10033373,2021NL5400124,2021,W,126417,1,,11,,,3.38,,,0,23,,,
HL,I5034 ,2,NL,64T2 ,MRN2 ,,,,10033373,2021NL5400124,2021,W,126417,1,,10,,,3.38,,,0,24,,,
HL,I5034 ,2,NL,64T2 ,MRN2 ,,,,10033373,2021NL5400124,2021,W,126417,1,,4,,,3.38,,,0,25,,,
HL,I5034 ,2,NL,64T2 ,MRN2 ,,,,10033373,2021NL5400124,2021,W,126417,1,,10,,,3.38,,,0,26,,,
HL,I5034 ,2,NL,64T2 ,MRN2 ,,,,10033373,2021NL5400124,2021,W,126417,1,,7,,,3.38,,,0,27,,,
HL,I5034 ,2,NL,64T2 ,MRN2 ,,,,10033373,2021NL5400124,2021,W,126417,1,,1,,,3.38,,,0,28,,,
HL,I5034 ,2,NL,64T2 ,MRN2 ,,,,10033373,2021NL5400124,2021,W,126417,1,,1,,,3.38,,,0,29,,,
HL,I5034 ,2,NL,64T2 ,MRN2 ,,,,10033369,2021NL5400125,2021,W,126417,1,,1,,,1,,,0,14,,,
HL,I5034 ,2,NL,64T2 ,MRN2 ,,,,10033369,2021NL5400125,2021,W,126417,1,,1,,,1,,,0,21,,,
HL,I5034 ,2,NL,64T2 ,MRN2 ,,,,10033369,2021NL5400125,2021,W,126417,1,,1,,,1,,,0,22,,,
HL,I5034 ,2,NL,64T2 ,MRN2 ,,,,10033369,2021NL5400125,2021,W,126417,1,,1,,,1,,,0,23,,,
HL,I5034 ,2,NL,64T2 ,MRN2 ,,,,10033369,2021NL5400125,2021,W,126417,1,,2,,,1,,,0,24,,,
HL,I5034 ,2,NL,64T2 ,MRN2 ,,,,10033369,2021NL5400125,2021,W,126417,1,,1,,,1,,,0,25,,,
HL,I5034 ,2,NL,64T2 ,MRN2 ,,,,10033369,2021NL5400125,2021,W,126417,1,,1,,,1,,,0,26,,,
HL,I5034 ,2,NL,64T2 ,MRN2 ,,,,10033369,2021NL5400125,2021,W,126417,1,,1,,,1,,,0,9,,,
HL,I5034 ,2,NL,64T2 ,MRN2 ,,,,10033374,2021NL5400126,2021,W,126417,1,,1,,,18.42,,,0,21,,,
HL,I5034 ,2,NL,64T2 ,MRN2 ,,,,10033374,2021NL5400126,2021,W,126417,1,,3,,,18.42,,,0,24,,,
HL,I5034 ,2,NL,64T2 ,MRN2 ,,,,10033374,2021NL5400126,2021,W,126417,1,,6,,,18.42,,,0,25,,,
HL,I5034 ,2,NL,64T2 ,MRN2 ,,,,10033374,2021NL5400126,2021,W,126417,1,,12,,,18.42,,,0,26,,,
HL,I5034 ,2,NL,64T2 ,MRN2 ,,,,10033374,2021NL5400126,2021,W,126417,1,,9,,,18.42,,,0,27,,,
HL,I5034 ,2,NL,64T2 ,MRN2 ,,,,10033374,2021NL5400126,2021,W,126417,1,,8,,,18.42,,,0,28,,,
HL,I5034 ,2,NL,64T2 ,MRN2 ,,,,10033374,2021NL5400126,2021,W,126417,1,,6,,,18.42,,,0,29,,,
HL,I5034 ,2,NL,64T2 ,MRN2 ,,,,10033374,2021NL5400126,2021,W,126417,1,,3,,,18.42,,,0,30,,,
HL,I5034 ,2,NL,64T2 ,MRN2 ,,,,10033374,2021NL5400126,2021,W,126417,1,,1,,,18.42,,,0,31,,,
HL,I5034 ,2,NL,64T2 ,MRN2 ,,,,10033375,2021NL5400127,2021,W,126417,1,,3,,,29.3,,,0,25,,,
HL,I5034 ,2,NL,64T2 ,MRN2 ,,,,10033375,2021NL5400127,2021,W,126417,1,,7,,,29.3,,,0,26,,,
HL,I5034 ,2,NL,64T2 ,MRN2 ,,,,10033375,2021NL5400127,2021,W,126417,1,,8,,,29.3,,,0,27,,,
HL,I5034 ,2,NL,64T2 ,MRN2 ,,,,10033375,2021NL5400127,2021,W,126417,1,,12,,,29.3,,,0,28,,,
HL,I5034 ,2,NL,64T2 ,MRN2 ,,,,10033375,2021NL5400127,2021,W,126417,1,,4,,,29.3,,,0,29,,,
HL,I5034 ,2,NL,64T2 ,MRN2 ,,,,10033375,2021NL5400127,2021,W,126417,1,,6,,,29.3,,,0,30,,,
HL,I5034 ,2,NL,64T2 ,MRN2 ,,,,10033375,2021NL5400127,2021,W,126417,1,,3,,,29.3,,,0,31,,,
HL,I5034 ,2,NL,64T2 ,MRN2 ,,,,10033375,2021NL5400127,2021,W,126417,1,,2,,,29.3,,,0,32,,,
HL,I5034 ,2,NL,64T2 ,MRN2 ,,,,10033376,2021NL5400128,2021,W,126417,1,,1,,,17.1,,,0,19,,,
HL,I5034 ,2,NL,64T2 ,MRN2 ,,,,10033376,2021NL5400128,2021,W,126417,1,,1,,,17.1,,,0,21,,,
HL,I5034 ,2,NL,64T2 ,MRN2 ,,,,10033376,2021NL5400128,2021,W,126417,1,,3,,,17.1,,,0,22,,,
HL,I5034 ,2,NL,64T2 ,MRN2 ,,,,10033376,2021NL5400128,2021,W,126417,1,,11,,,17.1,,,0,23,,,
HL,I5034 ,2,NL,64T2 ,MRN2 ,,,,10033376,2021NL5400128,2021,W,126417,1,,19,,,17.1,,,0,24,,,
HL,I5034 ,2,NL,64T2 ,MRN2 ,,,,10033376,2021NL5400128,2021,W,126417,1,,9,,,17.1,,,0,25,,,
HL,I5034 ,2,NL,64T2 ,MRN2 ,,,,10033376,2021NL5400128,2021,W,126417,1,,4,,,17.1,,,0,26,,,
HL,I5034 ,2,NL,64T2 ,MRN2 ,,,,10033376,2021NL5400128,2021,W,126417,1,,1,,,17.1,,,0,28,,,
HL,I5034 ,2,NL,64T2 ,MRN2 ,,,,10033376,2021NL5400128,2021,W,126417,1,,1,,,17.1,,,0,31,,,
HL,I5034 ,2,NL,64T2 ,MRN2 ,,,,10033377,2021NL5400129,2021,W,126417,1,,2,,,3.2,,,0,24,,,
HL,I5034 ,2,NL,64T2 ,MRN2 ,,,,10033377,2021NL5400129,2021,W,126417,1,,3,,,3.2,,,0,25,,,
HL,I5034 ,2,NL,64T2 ,MRN2 ,,,,10033377,2021NL5400129,2021,W,126417,1,,5,,,3.2,,,0,26,,,
HL,I5034 ,2,NL,64T2 ,MRN2 ,,,,10033377,2021NL5400129,2021,W,126417,1,,10,,,3.2,,,0,27,,,
HL,I5034 ,2,NL,64T2 ,MRN2 ,,,,10033377,2021NL5400129,2021,W,126417,1,,12,,,3.2,,,0,28,,,
HL,I5034 ,2,NL,64T2 ,MRN2 ,,,,10033377,2021NL5400129,2021,W,126417,1,,6,,,3.2,,,0,29,,,
HL,I5034 ,2,NL,64T2 ,MRN2 ,,,,10033377,2021NL5400129,2021,W,126417,1,,7,,,3.2,,,0,30,,,
HL,I5034 ,2,NL,64T2 ,MRN2 ,,,,10033377,2021NL5400129,2021,W,126417,1,,1,,,3.2,,,0,31,,,
HL,I5034 ,2,NL,64T2 ,MRN2 ,,,,10033377,2021NL5400129,2021,W,126417,1,,3,,,3.2,,,0,32,,,
HL,I5034 ,2,NL,64T2 ,MRN2 ,,,,10033377,2021NL5400129,2021,W,126417,1,,1,,,3.2,,,0,36,,,
HL,I5034 ,2,NL,64T2 ,MRN2 ,,,,10033378,2021NL5400130,2021,W,126417,1,,5,,,14.74,,,0,23,,,
HL,I5034 ,2,NL,64T2 ,MRN2 ,,,,10033378,2021NL5400130,2021,W,126417,1,,6,,,14.74,,,0,24,,,
HL,I5034 ,2,NL,64T2 ,MRN2 ,,,,10033378,2021NL5400130,2021,W,126417,1,,8,,,14.74,,,0,25,,,
HL,I5034 ,2,NL,64T2 ,MRN2 ,,,,10033378,2021NL5400130,2021,W,126417,1,,8,,,14.74,,,0,26,,,
HL,I5034 ,2,NL,64T2 ,MRN2 ,,,,10033378,2021NL5400130,2021,W,126417,1,,10,,,14.74,,,0,27,,,
HL,I5034 ,2,NL,64T2 ,MRN2 ,,,,10033378,2021NL5400130,2021,W,126417,1,,4,,,14.74,,,0,28,,,
HL,I5034 ,2,NL,64T2 ,MRN2 ,,,,10033378,2021NL5400130,2021,W,126417,1,,3,,,14.74,,,0,29,,,
HL,I5034 ,2,NL,64T2 ,MRN2 ,,,,10033378,2021NL5400130,2021,W,126417,1,,3,,,14.74,,,0,30,,,
HL,I5034 ,2,NL,64T2 ,MRN2 ,,,,10033378,2021NL5400130,2021,W,126417,1,,3,,,14.74,,,0,31,,,
HL,I5034 ,2,NL,64T2 ,MRN2 ,,,,10033379,2021NL5400131,2021,W,126417,1,,1,,,3.34,,,0,26,,,
HL,I5034 ,2,NL,64T2 ,MRN2 ,,,,10033379,2021NL5400131,2021,W,126417,1,,2,,,3.34,,,0,27,,,
HL,I5034 ,2,NL,64T2 ,MRN2 ,,,,10033379,2021NL5400131,2021,W,126417,1,,1,,,3.34,,,0,28,,,
HL,I5034 ,2,NL,64T2 ,MRN2 ,,,,10033379,2021NL5400131,2021,W,126417,1,,5,,,3.34,,,0,29,,,
HL,I5034 ,2,NL,64T2 ,MRN2 ,,,,10033379,2021NL5400131,2021,W,126417,1,,5,,,3.34,,,0,30,,,
HL,I5034 ,2,NL,64T2 ,MRN2 ,,,,10033379,2021NL5400131,2021,W,126417,1,,5,,,3.34,,,0,31,,,
HL,I5034 ,2,NL,64T2 ,MRN2 ,,,,10033379,2021NL5400131,2021,W,126417,1,,13,,,3.34,,,0,32,,,
HL,I5034 ,2,NL,64T2 ,MRN2 ,,,,10033379,2021NL5400131,2021,W,126417,1,,5,,,3.34,,,0,33,,,
HL,I5034 ,2,NL,64T2 ,MRN2 ,,,,10033379,2021NL5400131,2021,W,126417,1,,4,,,3.34,,,0,34,,,
HL,I5034 ,2,NL,64T2 ,MRN2 ,,,,10033379,2021NL5400131,2021,W,126417,1,,2,,,3.34,,,0,35,,,
HL,I5034 ,2,NL,64T2 ,MRN2 ,,,,10033379,2021NL5400131,2021,W,126417,1,,4,,,3.34,,,0,36,,,
HL,I5034 ,2,NL,64T2 ,MRN2 ,,,,10033379,2021NL5400131,2021,W,126417,1,,2,,,3.34,,,0,37,,,
HL,I5034 ,2,NL,64T2 ,MRN2 ,,,,10033379,2021NL5400131,2021,W,126417,1,,1,,,3.34,,,0,40,,,
HL,I5034 ,2,NL,64T2 ,MRN2 ,,,,10033381,2021NL5400133,2021,W,126417,1,,2,,,1,,,0,28,,,
HL,I5034 ,2,NL,64T2 ,MRN2 ,,,,10033381,2021NL5400133,2021,W,126417,1,,3,,,1,,,0,29,,,
HL,I5034 ,2,NL,64T2 ,MRN2 ,,,,10033381,2021NL5400133,2021,W,126417,1,,1,,,1,,,0,30,,,
HL,I5034 ,2,NL,64T2 ,MRN2 ,,,,10033381,2021NL5400133,2021,W,126417,1,,2,,,1,,,0,31,,,
HL,I5034 ,2,NL,64T2 ,MRN2 ,,,,10033381,2021NL5400133,2021,W,126417,1,,1,,,1,,,0,33,,,
HL,I5034 ,2,NL,64T2 ,MRN2 ,,,,10033381,2021NL5400133,2021,W,126417,1,,1,,,1,,,0,36,,,
HL,I5034 ,2,NL,64T2 ,MRN2 ,,,,10033381,2021NL5400133,2021,W,126417,1,,1,,,1,,,0,38,,,
HL,I5034 ,2,NL,64T2 ,MRN2 ,,,,10033382,2021NL5400134,2021,W,126417,1,,1,,,1,,,0,26,,,
HL,I5034 ,2,NL,64T2 ,MRN2 ,,,,10033382,2021NL5400134,2021,W,126417,1,,1,,,1,,,0,29,,,
HL,I5034 ,2,NL,64T2 ,MRN2 ,,,,10033383,2021NL5400135,2021,W,126417,1,,1,,,1,,,0,33,,,
HL,I5034 ,2,NL,64T2 ,MRN2 ,,,,10033384,2021NL5400136,2021,W,126417,1,,5,,,1,,,0,24,,,
HL,I5034 ,2,NL,64T2 ,MRN2 ,,,,10033384,2021NL5400136,2021,W,126417,1,,3,,,1,,,0,25,,,
HL,I5034 ,2,NL,64T2 ,MRN2 ,,,,10033384,2021NL5400136,2021,W,126417,1,,1,,,1,,,0,26,,,
HL,I5034 ,2,NL,64T2 ,MRN2 ,,,,10033384,2021NL5400136,2021,W,126417,1,,2,,,1,,,0,27,,,
HL,I5034 ,2,NL,64T2 ,MRN2 ,,,,10033384,2021NL5400136,2021,W,126417,1,,1,,,1,,,0,30,,,
HL,I5034 ,2,NL,64T2 ,MRN2 ,,,,10033385,2021NL5400137,2021,W,126417,1,,1,,,1,,,0,23,,,
HL,I5034 ,2,NL,64T2 ,MRN2 ,,,,10033385,2021NL5400137,2021,W,126417,1,,1,,,1,,,0,24,,,
HL,I5034 ,2,NL,64T2 ,MRN2 ,,,,10033385,2021NL5400137,2021,W,126417,1,,1,,,1,,,0,28,,,
HL,I5034 ,2,NL,64T2 ,MRN2 ,,,,10033386,2021NL5400138,2021,W,126417,1,,1,,,1,,,0,24,,,
HL,I5034 ,2,NL,64T2 ,MRN2 ,,,,10033386,2021NL5400138,2021,W,126417,1,,1,,,1,,,0,25,,,
HL,I5034 ,2,NL,64T2 ,MRN2 ,,,,10033386,2021NL5400138,2021,W,126417,1,,1,,,1,,,0,26,,,
HL,I5034 ,2,NL,64T2 ,MRN2 ,,,,10033386,2021NL5400138,2021,W,126417,1,,1,,,1,,,0,27,,,
HL,I5034 ,2,NL,64T2 ,MRN2 ,,,,10033386,2021NL5400138,2021,W,126417,1,,1,,,1,,,0,28,,,
HL,I5034 ,2,NL,64T2 ,MRN2 ,,,,10033386,2021NL5400138,2021,W,126417,1,,2,,,1,,,0,29,,,
HL,I5034 ,2,NL,64T2 ,MRN2 ,,,,10033387,2021NL5400139,2021,W,126417,1,,1,,,1,,,0,28,,,
HL,I5034 ,2,NL,64T2 ,MRN2 ,,,,10033388,2021NL5400140,2021,W,126417,1,,1,,,1,,,0,0,,,
HL,I5034 ,2,NL,64T2 ,MRN2 ,,,,10033389,2021NL5400141,2021,W,126417,1,,1,,,1,,,0,40,,,
HL,I5034 ,2,NL,64T2 ,MRN2 ,,,,10033389,2021NL5400141,2021,W,126417,1,,2,,,1,,,0,42,,,
HL,I5034 ,2,NL,64T2 ,MRN2 ,,,,10033390,2021NL5400143,2021,W,126417,1,,2,,,1,,,0,23,,,
HL,I5034 ,2,NL,64T2 ,MRN2 ,,,,10033390,2021NL5400143,2021,W,126417,1,,1,,,1,,,0,25,,,
HL,I5034 ,2,NL,64T2 ,MRN2 ,,,,10033390,2021NL5400143,2021,W,126417,1,,1,,,1,,,0,26,,,
HL,I5034 ,2,NL,64T2 ,MRN2 ,,,,10033390,2021NL5400143,2021,W,126417,1,,1,,,1,,,0,27,,,
HL,I5034 ,2,NL,64T2 ,MRN2 ,,,,10033390,2021NL5400143,2021,W,126417,1,,1,,,1,,,0,28,,,
HL,I5034 ,2,NL,64T2 ,MRN2 ,,,,10033390,2021NL5400143,2021,W,126417,1,,1,,,1,,,0,29,,,
HL,I5034 ,2,NL,64T2 ,MRN2 ,,,,10033390,2021NL5400143,2021,W,126417,1,,1,,,1,,,0,0,,,
HL,I5034 ,2,NL,64T2 ,MRN2 ,,,,10033391,2021NL5400144,2021,W,126417,1,,1,,,1.36,,,0,25,,,
HL,I5034 ,2,NL,64T2 ,MRN2 ,,,,10033391,2021NL5400144,2021,W,126417,1,,3,,,1.36,,,0,26,,,
HL,I5034 ,2,NL,64T2 ,MRN2 ,,,,10033391,2021NL5400144,2021,W,126417,1,,2,,,1.36,,,0,27,,,
HL,I5034 ,2,NL,64T2 ,MRN2 ,,,,10033391,2021NL5400144,2021,W,126417,1,,6,,,1.36,,,0,28,,,
HL,I5034 ,2,NL,64T2 ,MRN2 ,,,,10033391,2021NL5400144,2021,W,126417,1,,6,,,1.36,,,0,29,,,
HL,I5034 ,2,NL,64T2 ,MRN2 ,,,,10033391,2021NL5400144,2021,W,126417,1,,4,,,1.36,,,0,30,,,
HL,I5034 ,2,NL,64T2 ,MRN2 ,,,,10033391,2021NL5400144,2021,W,126417,1,,1,,,1.36,,,0,31,,,
HL,I5034 ,2,NL,64T2 ,MRN2 ,,,,10033391,2021NL5400144,2021,W,126417,1,,1,,,1.36,,,0,33,,,
HL,I5034 ,2,NL,64T2 ,MRN2 ,,,,10033391,2021NL5400144,2021,W,126417,1,,1,,,1.36,,,0,34,,,
HL,I5034 ,2,NL,64T2 ,MRN2 ,,,,10033392,2021NL5400145,2021,W,126417,1,,1,,,1,,,0,30,,,
HL,I5034 ,2,NL,64T2 ,MRN2 ,,,,10033393,2021NL5400146,2021,W,126417,1,,2,,,1,,,0,28,,,
HL,I5034 ,2,NL,64T2 ,MRN2 ,,,,10033393,2021NL5400146,2021,W,126417,1,,2,,,1,,,0,29,,,
HL,I5034 ,2,NL,64T2 ,MRN2 ,,,,10033393,2021NL5400146,2021,W,126417,1,,2,,,1,,,0,30,,,
HL,I5034 ,2,NL,64T2 ,MRN2 ,,,,10033393,2021NL5400146,2021,W,126417,1,,1,,,1,,,0,31,,,
HL,I5034 ,2,NL,64T2 ,MRN2 ,,,,10033393,2021NL5400146,2021,W,126417,1,,1,,,1,,,0,32,,,
HL,I5034 ,2,NL,64T2 ,MRN2 ,,,,10033393,2021NL5400146,2021,W,126417,1,,1,,,1,,,0,34,,,
HL,I5034 ,2,NL,64T2 ,MRN2 ,,,,10033393,2021NL5400146,2021,W,126417,1,,5,,,1,,,0,0,,,
HL,I5034 ,2,NL,64T2 ,MRN2 ,,,,10033394,2021NL5400147,2021,W,126417,1,,1,,,1,,,0,25,,,
HL,I5034 ,2,NL,64T2 ,MRN2 ,,,,10033394,2021NL5400147,2021,W,126417,1,,1,,,1,,,0,26,,,
HL,I5034 ,2,NL,64T2 ,MRN2 ,,,,10033394,2021NL5400147,2021,W,126417,1,,1,,,1,,,0,27,,,
HL,I5034 ,2,NL,64T2 ,MRN2 ,,,,10033394,2021NL5400147,2021,W,126417,1,,1,,,1,,,0,28,,,
HL,I5034 ,2,NL,64T2 ,MRN2 ,,,,10033394,2021NL5400147,2021,W,126417,1,,1,,,1,,,0,30,,,
HL,I5034 ,2,NL,64T2 ,MRN2 ,,,,10033394,2021NL5400147,2021,W,126417,1,,1,,,1,,,0,31,,,
HL,I5034 ,2,NL,64T2 ,MRN2 ,,,,10033394,2021NL5400147,2021,W,126417,1,,2,,,1,,,0,32,,,
HL,I5034 ,2,NL,64T2 ,MRN2 ,,,,10033394,2021NL5400147,2021,W,126417,1,,2,,,1,,,0,0,,,
HL,I5034 ,2,NL,64T2 ,MRN2 ,,,,10033395,2021NL5400148,2021,W,126417,1,,1,,,1,,,0,29,,,
HL,I5034 ,2,NL,64T2 ,MRN2 ,,,,10033395,2021NL5400148,2021,W,126417,1,,1,,,1,,,0,32,,,
HL,I5034 ,2,NL,64T2 ,MRN2 ,,,,10033396,2021NL5400149,2021,W,126417,1,,1,,,1,,,0,25,,,
HL,I5034 ,2,NL,64T2 ,MRN2 ,,,,10033396,2021NL5400149,2021,W,126417,1,,2,,,1,,,0,26,,,
HL,I5034 ,2,NL,64T2 ,MRN2 ,,,,10033396,2021NL5400149,2021,W,126417,1,,1,,,1,,,0,27,,,
HL,I5034 ,2,NL,64T2 ,MRN2 ,,,,10033396,2021NL5400149,2021,W,126417,1,,4,,,1,,,0,28,,,
HL,I5034 ,2,NL,64T2 ,MRN2 ,,,,10033396,2021NL5400149,2021,W,126417,1,,8,,,1,,,0,29,,,
HL,I5034 ,2,NL,64T2 ,MRN2 ,,,,10033396,2021NL5400149,2021,W,126417,1,,5,,,1,,,0,30,,,
HL,I5034 ,2,NL,64T2 ,MRN2 ,,,,10033396,2021NL5400149,2021,W,126417,1,,2,,,1,,,0,31,,,
HL,I5034 ,2,NL,64T2 ,MRN2 ,,,,10033396,2021NL5400149,2021,W,126417,1,,1,,,1,,,0,32,,,
HL,I5034 ,2,NL,64T2 ,MRN2 ,,,,10033396,2021NL5400149,2021,W,126417,1,,1,,,1,,,0,33,,,
HL,I5034 ,2,NL,64T2 ,MRN2 ,,,,10033396,2021NL5400149,2021,W,126417,1,,1,,,1,,,0,34,,,
HL,I5034 ,2,NL,64T2 ,MRN2 ,,,,10033397,2021NL5400150,2021,W,126417,1,,2,,,1,,,0,31,,,
HL,I5034 ,2,NL,64T2 ,MRN2 ,,,,10033397,2021NL5400150,2021,W,126417,1,,1,,,1,,,0,32,,,
HL,I5034 ,2,NL,64T2 ,MRN2 ,,,,10033397,2021NL5400150,2021,W,126417,1,,2,,,1,,,0,0,,,
HL,I5034 ,2,NL,64T2 ,MRN2 ,,,,10033398,2021NL5400151,2021,W,126417,1,,1,,,1,,,0,30,,,
HL,I5034 ,2,NL,64T2 ,MRN2 ,,,,10033398,2021NL5400151,2021,W,126417,1,,3,,,1,,,0,31,,,
HL,I5034 ,2,NL,64T2 ,MRN2 ,,,,10033398,2021NL5400151,2021,W,126417,1,,2,,,1,,,0,33,,,
HL,I5034 ,2,NL,64T2 ,MRN2 ,,,,10033398,2021NL5400151,2021,W,126417,1,,2,,,1,,,0,34,,,
HL,I5034 ,2,NL,64T2 ,MRN2 ,,,,10033398,2021NL5400151,2021,W,126417,1,,1,,,1,,,0,0,,,
HL,I5034 ,2,NL,64T2 ,MRN2 ,,,,10033399,2021NL5400152,2021,W,126417,1,,1,,,1,,,0,18,,,
HL,I5034 ,2,NL,64T2 ,MRN2 ,,,,10033399,2021NL5400152,2021,W,126417,1,,1,,,1,,,0,24,,,
HL,I5034 ,2,NL,64T2 ,MRN2 ,,,,10033399,2021NL5400152,2021,W,126417,1,,1,,,1,,,0,25,,,
HL,I5034 ,2,NL,64T2 ,MRN2 ,,,,10033399,2021NL5400152,2021,W,126417,1,,2,,,1,,,0,27,,,
HL,I5034 ,2,NL,64T2 ,MRN2 ,,,,10033399,2021NL5400152,2021,W,126417,1,,3,,,1,,,0,28,,,
HL,I5034 ,2,NL,64T2 ,MRN2 ,,,,10033399,2021NL5400152,2021,W,126417,1,,6,,,1,,,0,29,,,
HL,I5034 ,2,NL,64T2 ,MRN2 ,,,,10033399,2021NL5400152,2021,W,126417,1,,4,,,1,,,0,32,,,
HL,I5034 ,2,NL,64T2 ,MRN2 ,,,,10033399,2021NL5400152,2021,W,126417,1,,1,,,1,,,0,34,,,
HL,I5034 ,2,NL,64T2 ,MRN2 ,,,,10033399,2021NL5400152,2021,W,126417,1,,1,,,1,,,0,35,,,
HL,I5034 ,2,NL,64T2 ,MRN2 ,,,,10033399,2021NL5400152,2021,W,126417,1,,1,,,1,,,0,36,,,
HL,I5034 ,2,NL,64T2 ,MRN2 ,,,,10033399,2021NL5400152,2021,W,126417,1,,2,,,1,,,0,0,,,
HL,I5034 ,2,NL,64T2 ,MRN2 ,,,,10033400,2021NL5400153,2021,W,126417,1,,1,,,1,,,0,22,,,
HL,I5034 ,2,NL,64T2 ,MRN2 ,,,,10033400,2021NL5400153,2021,W,126417,1,,1,,,1,,,0,23,,,
HL,I5034 ,2,NL,64T2 ,MRN2 ,,,,10033400,2021NL5400153,2021,W,126417,1,,1,,,1,,,0,25,,,
HL,I5034 ,2,NL,64T2 ,MRN2 ,,,,10033400,2021NL5400153,2021,W,126417,1,,1,,,1,,,0,26,,,
HL,I5034 ,2,NL,64T2 ,MRN2 ,,,,10033400,2021NL5400153,2021,W,126417,1,,2,,,1,,,0,27,,,
HL,I5034 ,2,NL,64T2 ,MRN2 ,,,,10033400,2021NL5400153,2021,W,126417,1,,1,,,1,,,0,28,,,
HL,I5034 ,2,NL,64T2 ,MRN2 ,,,,10033400,2021NL5400153,2021,W,126417,1,,1,,,1,,,0,0,,,
HL,I5034 ,2,NL,64T2 ,MRN2 ,,,,10033401,2021NL5400154,2021,W,126417,1,,1,,,1,,,0,29,,,
HL,I5034 ,2,NL,64T2 ,MRN2 ,,,,10033402,2021NL5400155,2021,W,126417,1,,1,,,1,,,0,23,,,
HL,I5034 ,2,NL,64T2 ,MRN2 ,,,,10033402,2021NL5400155,2021,W,126417,1,,3,,,1,,,0,27,,,
HL,I5034 ,2,NL,64T2 ,MRN2 ,,,,10033402,2021NL5400155,2021,W,126417,1,,3,,,1,,,0,28,,,
HL,I5034 ,2,NL,64T2 ,MRN2 ,,,,10033402,2021NL5400155,2021,W,126417,1,,4,,,1,,,0,29,,,
HL,I5034 ,2,NL,64T2 ,MRN2 ,,,,10033402,2021NL5400155,2021,W,126417,1,,5,,,1,,,0,30,,,
HL,I5034 ,2,NL,64T2 ,MRN2 ,,,,10033402,2021NL5400155,2021,W,126417,1,,6,,,1,,,0,31,,,
HL,I5034 ,2,NL,64T2 ,MRN2 ,,,,10033402,2021NL5400155,2021,W,126417,1,,1,,,1,,,0,32,,,
HL,I5034 ,2,NL,64T2 ,MRN2 ,,,,10033402,2021NL5400155,2021,W,126417,1,,2,,,1,,,0,33,,,
HL,I5034 ,2,NL,64T2 ,MRN2 ,,,,10033402,2021NL5400155,2021,W,126417,1,,1,,,1,,,0,34,,,
HL,I5034 ,2,NL,64T2 ,MRN2 ,,,,10033402,2021NL5400155,2021,W,126417,1,,3,,,1,,,0,35,,,
HL,I5034 ,2,NL,64T2 ,MRN2 ,,,,10033402,2021NL5400155,2021,W,126417,1,,1,,,1,,,0,36,,,
HL,I5034 ,2,NL,64T2 ,MRN2 ,,,,10033403,2021NL5400156,2021,W,126417,1,,1,,,12.26,,,0,27,,,
HL,I5034 ,2,NL,64T2 ,MRN2 ,,,,10033403,2021NL5400156,2021,W,126417,1,,4,,,12.26,,,0,28,,,
HL,I5034 ,2,NL,64T2 ,MRN2 ,,,,10033403,2021NL5400156,2021,W,126417,1,,5,,,12.26,,,0,29,,,
HL,I5034 ,2,NL,64T2 ,MRN2 ,,,,10033403,2021NL5400156,2021,W,126417,1,,12,,,12.26,,,0,30,,,
HL,I5034 ,2,NL,64T2 ,MRN2 ,,,,10033403,2021NL5400156,2021,W,126417,1,,9,,,12.26,,,0,31,,,
HL,I5034 ,2,NL,64T2 ,MRN2 ,,,,10033403,2021NL5400156,2021,W,126417,1,,9,,,12.26,,,0,32,,,
HL,I5034 ,2,NL,64T2 ,MRN2 ,,,,10033403,2021NL5400156,2021,W,126417,1,,7,,,12.26,,,0,33,,,
HL,I5034 ,2,NL,64T2 ,MRN2 ,,,,10033403,2021NL5400156,2021,W,126417,1,,2,,,12.26,,,0,34,,,
HL,I5034 ,2,NL,64T2 ,MRN2 ,,,,10033403,2021NL5400156,2021,W,126417,1,,1,,,12.26,,,0,35,,,
HL,I5034 ,2,NL,64T2 ,MRN2 ,,,,10033404,2021NL5400157,2021,W,126417,1,,2,,,4.96,,,0,24,,,
HL,I5034 ,2,NL,64T2 ,MRN2 ,,,,10033404,2021NL5400157,2021,W,126417,1,,3,,,4.96,,,0,25,,,
HL,I5034 ,2,NL,64T2 ,MRN2 ,,,,10033404,2021NL5400157,2021,W,126417,1,,5,,,4.96,,,0,26,,,
HL,I5034 ,2,NL,64T2 ,MRN2 ,,,,10033404,2021NL5400157,2021,W,126417,1,,16,,,4.96,,,0,27,,,
HL,I5034 ,2,NL,64T2 ,MRN2 ,,,,10033404,2021NL5400157,2021,W,126417,1,,6,,,4.96,,,0,28,,,
HL,I5034 ,2,NL,64T2 ,MRN2 ,,,,10033404,2021NL5400157,2021,W,126417,1,,4,,,4.96,,,0,29,,,
HL,I5034 ,2,NL,64T2 ,MRN2 ,,,,10033404,2021NL5400157,2021,W,126417,1,,4,,,4.96,,,0,30,,,
HL,I5034 ,2,NL,64T2 ,MRN2 ,,,,10033404,2021NL5400157,2021,W,126417,1,,6,,,4.96,,,0,31,,,
HL,I5034 ,2,NL,64T2 ,MRN2 ,,,,10033404,2021NL5400157,2021,W,126417,1,,4,,,4.96,,,0,32,,,
HL,I5034 ,2,NL,64T2 ,MRN2 ,,,,10033405,2021NL5400158,2021,W,126417,1,,2,,,1,,,0,26,,,
HL,I5034 ,2,NL,64T2 ,MRN2 ,,,,10033405,2021NL5400158,2021,W,126417,1,,1,,,1,,,0,27,,,
HL,I5034 ,2,NL,64T2 ,MRN2 ,,,,10033405,2021NL5400158,2021,W,126417,1,,2,,,1,,,0,28,,,
HL,I5034 ,2,NL,64T2 ,MRN2 ,,,,10033405,2021NL5400158,2021,W,126417,1,,2,,,1,,,0,29,,,
HL,I5034 ,2,NL,64T2 ,MRN2 ,,,,10033405,2021NL5400158,2021,W,126417,1,,1,,,1,,,0,30,,,
HL,I5034 ,2,NL,64T2 ,MRN2 ,,,,10033405,2021NL5400158,2021,W,126417,1,,20,,,1,,,0,0,,,
HL,I5034 ,2,NL,64T2 ,MRN2 ,,,,10033406,2021NL5400159,2021,W,126417,1,,1,,,3.92,,,0,24,,,
HL,I5034 ,2,NL,64T2 ,MRN2 ,,,,10033406,2021NL5400159,2021,W,126417,1,,3,,,3.92,,,0,25,,,
HL,I5034 ,2,NL,64T2 ,MRN2 ,,,,10033406,2021NL5400159,2021,W,126417,1,,1,,,3.92,,,0,27,,,
HL,I5034 ,2,NL,64T2 ,MRN2 ,,,,10033406,2021NL5400159,2021,W,126417,1,,2,,,3.92,,,0,29,,,
HL,I5034 ,2,NL,64T2 ,MRN2 ,,,,10033406,2021NL5400159,2021,W,126417,1,,4,,,3.92,,,0,30,,,
HL,I5034 ,2,NL,64T2 ,MRN2 ,,,,10033406,2021NL5400159,2021,W,126417,1,,2,,,3.92,,,0,31,,,
HL,I5034 ,2,NL,64T2 ,MRN2 ,,,,10033406,2021NL5400159,2021,W,126417,1,,1,,,3.92,,,0,33,,,
HL,I5034 ,2,NL,64T2 ,MRN2 ,,,,10033406,2021NL5400159,2021,W,126417,1,,1,,,3.92,,,0,35,,,
HL,I5034 ,2,NL,64T2 ,MRN2 ,,,,10033406,2021NL5400159,2021,W,126417,1,,1,,,3.92,,,0,38,,,
HL,I5034 ,2,NL,64T2 ,MRN2 ,,,,10033407,2021NL5400160,2021,W,126417,1,,1,,,2.44,,,0,24,,,
HL,I5034 ,2,NL,64T2 ,MRN2 ,,,,10033407,2021NL5400160,2021,W,126417,1,,1,,,2.44,,,0,28,,,
HL,I5034 ,2,NL,64T2 ,MRN2 ,,,,10033407,2021NL5400160,2021,W,126417,1,,1,,,2.44,,,0,31,,,
HL,I5034 ,2,NL,64T2 ,MRN2 ,,,,10033407,2021NL5400160,2021,W,126417,1,,2,,,2.44,,,0,33,,,
HL,I5034 ,2,NL,64T2 ,MRN2 ,,,,10033407,2021NL5400160,2021,W,126417,1,,1,,,2.44,,,0,37,,,
HL,I5034 ,2,NL,64T2 ,MRN2 ,,,,10033408,2021NL5400161,2021,W,126417,1,,2,,,1.346153846,,,0,24,,,
HL,I5034 ,2,NL,64T2 ,MRN2 ,,,,10033408,2021NL5400161,2021,W,126417,1,,1,,,1.346153846,,,0,25,,,
HL,I5034 ,2,NL,64T2 ,MRN2 ,,,,10033408,2021NL5400161,2021,W,126417,1,,4,,,1.346153846,,,0,27,,,
HL,I5034 ,2,NL,64T2 ,MRN2 ,,,,10033408,2021NL5400161,2021,W,126417,1,,3,,,1.346153846,,,0,28,,,
HL,I5034 ,2,NL,64T2 ,MRN2 ,,,,10033408,2021NL5400161,2021,W,126417,1,,3,,,1.346153846,,,0,29,,,
HL,I5034 ,2,NL,64T2 ,MRN2 ,,,,10033408,2021NL5400161,2021,W,126417,1,,4,,,1.346153846,,,0,30,,,
HL,I5034 ,2,NL,64T2 ,MRN2 ,,,,10033408,2021NL5400161,2021,W,126417,1,,3,,,1.346153846,,,0,31,,,
HL,I5034 ,2,NL,64T2 ,MRN2 ,,,,10033408,2021NL5400161,2021,W,126417,1,,1,,,1.346153846,,,0,32,,,
HL,I5034 ,2,NL,64T2 ,MRN2 ,,,,10033408,2021NL5400161,2021,W,126417,1,,1,,,1.346153846,,,0,33,,,
HL,I5034 ,2,NL,64T2 ,MRN2 ,,,,10033409,2021NL5400162,2021,W,126417,1,,1,,,1,,,0,24,,,
HL,I5034 ,2,NL,64T2 ,MRN2 ,,,,10033409,2021NL5400162,2021,W,126417,1,,2,,,1,,,0,28,,,
HL,I5034 ,2,NL,64T2 ,MRN2 ,,,,10033409,2021NL5400162,2021,W,126417,1,,1,,,1,,,0,34,,,
HL,I5034 ,2,NL,64T2 ,MRN2 ,,,,10033409,2021NL5400162,2021,W,126417,1,,1,,,1,,,0,0,,,
HL,I5034 ,2,NL,64T2 ,MRN2 ,,,,10033410,2021NL5400163,2021,W,126417,1,,1,,,1.148148148,,,0,28,,,
HL,I5034 ,2,NL,64T2 ,MRN2 ,,,,10033410,2021NL5400163,2021,W,126417,1,,2,,,1.148148148,,,0,0,,,
HL,I5034 ,2,NL,64T2 ,MRN2 ,,,,10033411,2021NL5400164,2021,W,126417,1,,2,,,6.54,,,0,23,,,
HL,I5034 ,2,NL,64T2 ,MRN2 ,,,,10033411,2021NL5400164,2021,W,126417,1,,2,,,6.54,,,0,24,,,
HL,I5034 ,2,NL,64T2 ,MRN2 ,,,,10033411,2021NL5400164,2021,W,126417,1,,4,,,6.54,,,0,25,,,
HL,I5034 ,2,NL,64T2 ,MRN2 ,,,,10033411,2021NL5400164,2021,W,126417,1,,9,,,6.54,,,0,26,,,
HL,I5034 ,2,NL,64T2 ,MRN2 ,,,,10033411,2021NL5400164,2021,W,126417,1,,1,,,1,,,0,27,,,
HL,I5034 ,2,NL,64T2 ,MRN2 ,,,,10033411,2021NL5400164,2021,W,126417,1,,1,,,1,,,0,28,,,
HL,I5034 ,2,NL,64T2 ,MRN2 ,,,,10033411,2021NL5400164,2021,W,126417,1,,1,,,1,,,0,29,,,
HL,I5034 ,2,NL,64T2 ,MRN2 ,,,,10033411,2021NL5400164,2021,W,126417,1,,2,,,1,,,0,30,,,
HL,I5034 ,2,NL,64T2 ,MRN2 ,,,,10033411,2021NL5400164,2021,W,126417,1,,2,,,6.54,,,0,31,,,
HL,I5034 ,2,NL,64T2 ,MRN2 ,,,,10033411,2021NL5400164,2021,W,126417,1,,1,,,6.54,,,0,33,,,
HL,I5034 ,2,NL,64T2 ,MRN2 ,,,,10033411,2021NL5400164,2021,W,126417,1,,1,,,6.54,,,0,34,,,
HL,I5034 ,2,NL,64T2 ,MRN2 ,,,,10033411,2021NL5400164,2021,W,126417,1,,2,,,1,,,0,0,,,
HL,I5034 ,2,NL,64T2 ,MRN2 ,,,,10033427,2021NL5400165,2021,W,126417,1,,2,,,6.54,,,0,23,,,
HL,I5034 ,2,NL,64T2 ,MRN2 ,,,,10033427,2021NL5400165,2021,W,126417,1,,2,,,6.54,,,0,24,,,
HL,I5034 ,2,NL,64T2 ,MRN2 ,,,,10033427,2021NL5400165,2021,W,126417,1,,4,,,6.54,,,0,25,,,
HL,I5034 ,2,NL,64T2 ,MRN2 ,,,,10033427,2021NL5400165,2021,W,126417,1,,9,,,6.54,,,0,26,,,
HL,I5034 ,2,NL,64T2 ,MRN2 ,,,,10033427,2021NL5400165,2021,W,126417,1,,7,,,6.54,,,0,27,,,
HL,I5034 ,2,NL,64T2 ,MRN2 ,,,,10033427,2021NL5400165,2021,W,126417,1,,12,,,6.54,,,0,28,,,
HL,I5034 ,2,NL,64T2 ,MRN2 ,,,,10033427,2021NL5400165,2021,W,126417,1,,1,,,6.54,,,0,29,,,
HL,I5034 ,2,NL,64T2 ,MRN2 ,,,,10033427,2021NL5400165,2021,W,126417,1,,9,,,6.54,,,0,30,,,
HL,I5034 ,2,NL,64T2 ,MRN2 ,,,,10033427,2021NL5400165,2021,W,126417,1,,2,,,6.54,,,0,31,,,
HL,I5034 ,2,NL,64T2 ,MRN2 ,,,,10033427,2021NL5400165,2021,W,126417,1,,1,,,6.54,,,0,33,,,
HL,I5034 ,2,NL,64T2 ,MRN2 ,,,,10033427,2021NL5400165,2021,W,126417,1,,1,,,6.54,,,0,34,,,
HL,I5034 ,2,NL,64T2 ,MRN2 ,,,,10033412,2021NL5400166,2021,W,126417,1,,4,,,1,,,0,24,,,
HL,I5034 ,2,NL,64T2 ,MRN2 ,,,,10033412,2021NL5400166,2021,W,126417,1,,3,,,1,,,0,26,,,
HL,I5034 ,2,NL,64T2 ,MRN2 ,,,,10033412,2021NL5400166,2021,W,126417,1,,3,,,1,,,0,27,,,
HL,I5034 ,2,NL,64T2 ,MRN2 ,,,,10033412,2021NL5400166,2021,W,126417,1,,1,,,1,,,0,28,,,
HL,I5034 ,2,NL,64T2 ,MRN2 ,,,,10033412,2021NL5400166,2021,W,126417,1,,1,,,1,,,0,30,,,
HL,I5034 ,2,NL,64T2 ,MRN2 ,,,,10033413,2021NL5400167,2021,W,126417,1,,2,,,3.711538462,,,0,22,,,
HL,I5034 ,2,NL,64T2 ,MRN2 ,,,,10033413,2021NL5400167,2021,W,126417,1,,2,,,3.711538462,,,0,23,,,
HL,I5034 ,2,NL,64T2 ,MRN2 ,,,,10033413,2021NL5400167,2021,W,126417,1,,14,,,3.711538462,,,0,24,,,
HL,I5034 ,2,NL,64T2 ,MRN2 ,,,,10033413,2021NL5400167,2021,W,126417,1,,14,,,3.711538462,,,0,25,,,
HL,I5034 ,2,NL,64T2 ,MRN2 ,,,,10033413,2021NL5400167,2021,W,126417,1,,6,,,3.711538462,,,0,26,,,
HL,I5034 ,2,NL,64T2 ,MRN2 ,,,,10033413,2021NL5400167,2021,W,126417,1,,9,,,3.711538462,,,0,27,,,
HL,I5034 ,2,NL,64T2 ,MRN2 ,,,,10033413,2021NL5400167,2021,W,126417,1,,9,,,3.711538462,,,0,28,,,
HL,I5034 ,2,NL,64T2 ,MRN2 ,,,,10033413,2021NL5400167,2021,W,126417,1,,5,,,3.711538462,,,0,29,,,
HL,I5034 ,2,NL,64T2 ,MRN2 ,,,,10033413,2021NL5400167,2021,W,126417,1,,3,,,3.711538462,,,0,30,,,
HL,I5034 ,2,NL,64T2 ,MRN2 ,,,,10033413,2021NL5400167,2021,W,126417,1,,5,,,3.711538462,,,0,31,,,
HL,I5034 ,2,NL,64T2 ,MRN2 ,,,,10033413,2021NL5400167,2021,W,126417,1,,1,,,3.711538462,,,0,32,,,
HL,I5034 ,2,NL,64T2 ,MRN2 ,,,,10033414,2021NL5400168,2021,W,126417,1,,4,,,2.5,,,0,22,,,
HL,I5034 ,2,NL,64T2 ,MRN2 ,,,,10033414,2021NL5400168,2021,W,126417,1,,6,,,2.5,,,0,23,,,
HL,I5034 ,2,NL,64T2 ,MRN2 ,,,,10033414,2021NL5400168,2021,W,126417,1,,15,,,2.5,,,0,24,,,
HL,I5034 ,2,NL,64T2 ,MRN2 ,,,,10033414,2021NL5400168,2021,W,126417,1,,7,,,2.5,,,0,25,,,
HL,I5034 ,2,NL,64T2 ,MRN2 ,,,,10033414,2021NL5400168,2021,W,126417,1,,3,,,2.5,,,0,26,,,
HL,I5034 ,2,NL,64T2 ,MRN2 ,,,,10033414,2021NL5400168,2021,W,126417,1,,2,,,2.5,,,0,27,,,
HL,I5034 ,2,NL,64T2 ,MRN2 ,,,,10033414,2021NL5400168,2021,W,126417,1,,3,,,2.5,,,0,28,,,
HL,I5034 ,2,NL,64T2 ,MRN2 ,,,,10033414,2021NL5400168,2021,W,126417,1,,6,,,2.5,,,0,29,,,
HL,I5034 ,2,NL,64T2 ,MRN2 ,,,,10033414,2021NL5400168,2021,W,126417,1,,3,,,2.5,,,0,30,,,
HL,I5034 ,2,NL,64T2 ,MRN2 ,,,,10033415,2021NL5400169,2021,W,126417,1,,3,,,1,,,0,22,,,
HL,I5034 ,2,NL,64T2 ,MRN2 ,,,,10033415,2021NL5400169,2021,W,126417,1,,1,,,1,,,0,23,,,
HL,I5034 ,2,NL,64T2 ,MRN2 ,,,,10033416,2021NL5400170,2021,W,126417,1,,1,,,1.24,,,0,20,,,
HL,I5034 ,2,NL,64T2 ,MRN2 ,,,,10033416,2021NL5400170,2021,W,126417,1,,4,,,1.24,,,0,21,,,
HL,I5034 ,2,NL,64T2 ,MRN2 ,,,,10033416,2021NL5400170,2021,W,126417,1,,3,,,1.24,,,0,22,,,
HL,I5034 ,2,NL,64T2 ,MRN2 ,,,,10033416,2021NL5400170,2021,W,126417,1,,8,,,1.24,,,0,23,,,
HL,I5034 ,2,NL,64T2 ,MRN2 ,,,,10033416,2021NL5400170,2021,W,126417,1,,6,,,1.24,,,0,24,,,
HL,I5034 ,2,NL,64T2 ,MRN2 ,,,,10033416,2021NL5400170,2021,W,126417,1,,2,,,1.24,,,0,25,,,
HL,I5034 ,2,NL,64T2 ,MRN2 ,,,,10033416,2021NL5400170,2021,W,126417,1,,1,,,1.24,,,0,33,,,
HL,I5034 ,2,NL,64T2 ,MRN2 ,,,,10033417,2021NL5400271,2021,W,126417,1,,1,,,2.32,,,0,20,,,
HL,I5034 ,2,NL,64T2 ,MRN2 ,,,,10033417,2021NL5400271,2021,W,126417,1,,4,,,2.32,,,0,21,,,
HL,I5034 ,2,NL,64T2 ,MRN2 ,,,,10033417,2021NL5400271,2021,W,126417,1,,7,,,2.32,,,0,22,,,
HL,I5034 ,2,NL,64T2 ,MRN2 ,,,,10033417,2021NL5400271,2021,W,126417,1,,1,,,2.32,,,0,23,,,
HL,I5034 ,2,NL,64T2 ,MRN2 ,,,,10033417,2021NL5400271,2021,W,126417,1,,8,,,2.32,,,0,24,,,
HL,I5034 ,2,NL,64T2 ,MRN2 ,,,,10033417,2021NL5400271,2021,W,126417,1,,3,,,2.32,,,0,25,,,
HL,I5034 ,2,NL,64T2 ,MRN2 ,,,,10033417,2021NL5400271,2021,W,126417,1,,1,,,2.32,,,0,26,,,
HL,I5034 ,2,NL,64T2 ,MRN2 ,,,,10033418,2021NL5400272,2021,W,126417,1,,1,,,1.64,,,0,18,,,
HL,I5034 ,2,NL,64T2 ,MRN2 ,,,,10033418,2021NL5400272,2021,W,126417,1,,2,,,1.64,,,0,21,,,
HL,I5034 ,2,NL,64T2 ,MRN2 ,,,,10033418,2021NL5400272,2021,W,126417,1,,3,,,1.64,,,0,22,,,
HL,I5034 ,2,NL,64T2 ,MRN2 ,,,,10033418,2021NL5400272,2021,W,126417,1,,6,,,1.64,,,0,23,,,
HL,I5034 ,2,NL,64T2 ,MRN2 ,,,,10033418,2021NL5400272,2021,W,126417,1,,7,,,1.64,,,0,24,,,
HL,I5034 ,2,NL,64T2 ,MRN2 ,,,,10033418,2021NL5400272,2021,W,126417,1,,2,,,1.64,,,0,25,,,
HL,I5034 ,2,NL,64T2 ,MRN2 ,,,,10033418,2021NL5400272,2021,W,126417,1,,1,,,1.64,,,0,26,,,
HL,I5034 ,2,NL,64T2 ,MRN2 ,,,,10033418,2021NL5400272,2021,W,126417,1,,2,,,1.64,,,0,27,,,
HL,I5034 ,2,NL,64T2 ,MRN2 ,,,,10033418,2021NL5400272,2021,W,126417,1,,1,,,1.64,,,0,28,,,
HL,I5034 ,2,NL,64T2 ,MRN2 ,,,,10033419,2021NL5400273,2021,W,126417,1,,1,,,3.84,,,0,19,,,
HL,I5034 ,2,NL,64T2 ,MRN2 ,,,,10033419,2021NL5400273,2021,W,126417,1,,2,,,3.84,,,0,21,,,
HL,I5034 ,2,NL,64T2 ,MRN2 ,,,,10033419,2021NL5400273,2021,W,126417,1,,2,,,3.84,,,0,22,,,
HL,I5034 ,2,NL,64T2 ,MRN2 ,,,,10033419,2021NL5400273,2021,W,126417,1,,9,,,3.84,,,0,23,,,
HL,I5034 ,2,NL,64T2 ,MRN2 ,,,,10033419,2021NL5400273,2021,W,126417,1,,19,,,3.84,,,0,24,,,
HL,I5034 ,2,NL,64T2 ,MRN2 ,,,,10033419,2021NL5400273,2021,W,126417,1,,6,,,3.84,,,0,25,,,
HL,I5034 ,2,NL,64T2 ,MRN2 ,,,,10033419,2021NL5400273,2021,W,126417,1,,6,,,3.84,,,0,26,,,
HL,I5034 ,2,NL,64T2 ,MRN2 ,,,,10033419,2021NL5400273,2021,W,126417,1,,3,,,3.84,,,0,27,,,
HL,I5034 ,2,NL,64T2 ,MRN2 ,,,,10033419,2021NL5400273,2021,W,126417,1,,2,,,3.84,,,0,29,,,
HL,I5034 ,2,NL,64T2 ,MRN2 ,,,,10033420,2021NL5400274,2021,W,126417,1,,1,,,5.1,,,0,20,,,
HL,I5034 ,2,NL,64T2 ,MRN2 ,,,,10033420,2021NL5400274,2021,W,126417,1,,2,,,5.1,,,0,22,,,
HL,I5034 ,2,NL,64T2 ,MRN2 ,,,,10033420,2021NL5400274,2021,W,126417,1,,6,,,5.1,,,0,23,,,
HL,I5034 ,2,NL,64T2 ,MRN2 ,,,,10033420,2021NL5400274,2021,W,126417,1,,15,,,5.1,,,0,24,,,
HL,I5034 ,2,NL,64T2 ,MRN2 ,,,,10033420,2021NL5400274,2021,W,126417,1,,15,,,5.1,,,0,25,,,
HL,I5034 ,2,NL,64T2 ,MRN2 ,,,,10033420,2021NL5400274,2021,W,126417,1,,7,,,5.1,,,0,26,,,
HL,I5034 ,2,NL,64T2 ,MRN2 ,,,,10033420,2021NL5400274,2021,W,126417,1,,3,,,5.1,,,0,27,,,
HL,I5034 ,2,NL,64T2 ,MRN2 ,,,,10033420,2021NL5400274,2021,W,126417,1,,1,,,5.1,,,0,28,,,
HL,I5034 ,2,NL,64T2 ,MRN2 ,,,,10033421,2021NL5400275,2021,W,126417,1,,1,,,2.48,,,0,20,,,
HL,I5034 ,2,NL,64T2 ,MRN2 ,,,,10033421,2021NL5400275,2021,W,126417,1,,1,,,2.48,,,0,21,,,
HL,I5034 ,2,NL,64T2 ,MRN2 ,,,,10033421,2021NL5400275,2021,W,126417,1,,2,,,2.48,,,0,22,,,
HL,I5034 ,2,NL,64T2 ,MRN2 ,,,,10033421,2021NL5400275,2021,W,126417,1,,4,,,2.48,,,0,23,,,
HL,I5034 ,2,NL,64T2 ,MRN2 ,,,,10033421,2021NL5400275,2021,W,126417,1,,2,,,2.48,,,0,24,,,
HL,I5034 ,2,NL,64T2 ,MRN2 ,,,,10033421,2021NL5400275,2021,W,126417,1,,1,,,2.48,,,0,25,,,
HL,I5034 ,2,NL,64T2 ,MRN2 ,,,,10033421,2021NL5400275,2021,W,126417,1,,1,,,2.48,,,0,26,,,
HL,I5034 ,2,NL,64T2 ,MRN2 ,,,,10033421,2021NL5400275,2021,W,126417,1,,1,,,2.48,,,0,27,,,
HL,I5034 ,2,NL,64T2 ,MRN2 ,,,,10033421,2021NL5400275,2021,W,126417,1,,4,,,2.48,,,0,29,,,
HL,I5034 ,2,NL,64T2 ,MRN2 ,,,,10033422,2021NL5400276,2021,W,126417,1,,2,,,26.82,,,0,26,,,
HL,I5034 ,2,NL,64T2 ,MRN2 ,,,,10033422,2021NL5400276,2021,W,126417,1,,7,,,26.82,,,0,27,,,
HL,I5034 ,2,NL,64T2 ,MRN2 ,,,,10033422,2021NL5400276,2021,W,126417,1,,6,,,26.82,,,0,28,,,
HL,I5034 ,2,NL,64T2 ,MRN2 ,,,,10033422,2021NL5400276,2021,W,126417,1,,5,,,26.82,,,0,29,,,
HL,I5034 ,2,NL,64T2 ,MRN2 ,,,,10033422,2021NL5400276,2021,W,126417,1,,13,,,26.82,,,0,30,,,
HL,I5034 ,2,NL,64T2 ,MRN2 ,,,,10033422,2021NL5400276,2021,W,126417,1,,7,,,26.82,,,0,31,,,
HL,I5034 ,2,NL,64T2 ,MRN2 ,,,,10033422,2021NL5400276,2021,W,126417,1,,3,,,26.82,,,0,32,,,
HL,I5034 ,2,NL,64T2 ,MRN2 ,,,,10033423,2021NL5400277,2021,W,126417,1,,2,,,27.48,,,0,27,,,
HL,I5034 ,2,NL,64T2 ,MRN2 ,,,,10033423,2021NL5400277,2021,W,126417,1,,4,,,27.48,,,0,28,,,
HL,I5034 ,2,NL,64T2 ,MRN2 ,,,,10033423,2021NL5400277,2021,W,126417,1,,4,,,27.48,,,0,29,,,
HL,I5034 ,2,NL,64T2 ,MRN2 ,,,,10033423,2021NL5400277,2021,W,126417,1,,3,,,27.48,,,0,30,,,
HL,I5034 ,2,NL,64T2 ,MRN2 ,,,,10033423,2021NL5400277,2021,W,126417,1,,8,,,27.48,,,0,31,,,
HL,I5034 ,2,NL,64T2 ,MRN2 ,,,,10033423,2021NL5400277,2021,W,126417,1,,8,,,27.48,,,0,32,,,
HL,I5034 ,2,NL,64T2 ,MRN2 ,,,,10033423,2021NL5400277,2021,W,126417,1,,9,,,27.48,,,0,33,,,
HL,I5034 ,2,NL,64T2 ,MRN2 ,,,,10033423,2021NL5400277,2021,W,126417,1,,7,,,27.48,,,0,34,,,
HL,I5034 ,2,NL,64T2 ,MRN2 ,,,,10033423,2021NL5400277,2021,W,126417,1,,3,,,27.48,,,0,35,,,
HL,I5034 ,2,NL,64T2 ,MRN2 ,,,,10033423,2021NL5400277,2021,W,126417,1,,2,,,27.48,,,0,36,,,
HL,I5034 ,2,NL,64T2 ,MRN2 ,,,,10033424,2021NL5400278,2021,W,126417,1,,1,,,14.54901961,,,0,17,,,
HL,I5034 ,2,NL,64T2 ,MRN2 ,,,,10033424,2021NL5400278,2021,W,126417,1,,6,,,14.54901961,,,0,24,,,
HL,I5034 ,2,NL,64T2 ,MRN2 ,,,,10033424,2021NL5400278,2021,W,126417,1,,10,,,14.54901961,,,0,25,,,
HL,I5034 ,2,NL,64T2 ,MRN2 ,,,,10033424,2021NL5400278,2021,W,126417,1,,6,,,14.54901961,,,0,26,,,
HL,I5034 ,2,NL,64T2 ,MRN2 ,,,,10033424,2021NL5400278,2021,W,126417,1,,8,,,14.54901961,,,0,27,,,
HL,I5034 ,2,NL,64T2 ,MRN2 ,,,,10033424,2021NL5400278,2021,W,126417,1,,9,,,14.54901961,,,0,28,,,
HL,I5034 ,2,NL,64T2 ,MRN2 ,,,,10033424,2021NL5400278,2021,W,126417,1,,6,,,14.54901961,,,0,29,,,
HL,I5034 ,2,NL,64T2 ,MRN2 ,,,,10033424,2021NL5400278,2021,W,126417,1,,5,,,14.54901961,,,0,30,,,
HL,I5034 ,2,NL,64T2 ,MRN2 ,,,,10033425,2021NL5400279,2021,W,126417,1,,1,,,6,,,0,15,,,
HL,I5034 ,2,NL,64T2 ,MRN2 ,,,,10033425,2021NL5400279,2021,W,126417,1,,1,,,6,,,0,19,,,
HL,I5034 ,2,NL,64T2 ,MRN2 ,,,,10033425,2021NL5400279,2021,W,126417,1,,1,,,6,,,0,24,,,
HL,I5034 ,2,NL,64T2 ,MRN2 ,,,,10033425,2021NL5400279,2021,W,126417,1,,4,,,6,,,0,25,,,
HL,I5034 ,2,NL,64T2 ,MRN2 ,,,,10033425,2021NL5400279,2021,W,126417,1,,3,,,6,,,0,26,,,
HL,I5034 ,2,NL,64T2 ,MRN2 ,,,,10033425,2021NL5400279,2021,W,126417,1,,5,,,6,,,0,27,,,
HL,I5034 ,2,NL,64T2 ,MRN2 ,,,,10033425,2021NL5400279,2021,W,126417,1,,5,,,6,,,0,28,,,
HL,I5034 ,2,NL,64T2 ,MRN2 ,,,,10033425,2021NL5400279,2021,W,126417,1,,8,,,6,,,0,29,,,
HL,I5034 ,2,NL,64T2 ,MRN2 ,,,,10033425,2021NL5400279,2021,W,126417,1,,13,,,6,,,0,30,,,
HL,I5034 ,2,NL,64T2 ,MRN2 ,,,,10033425,2021NL5400279,2021,W,126417,1,,3,,,6,,,0,31,,,
HL,I5034 ,2,NL,64T2 ,MRN2 ,,,,10033425,2021NL5400279,2021,W,126417,1,,1,,,6,,,0,33,,,
HL,I5034 ,2,NL,64T2 ,MRN2 ,,,,10033425,2021NL5400279,2021,W,126417,1,,2,,,6,,,0,34,,,
HL,I5034 ,2,NL,64T2 ,MRN2 ,,,,10033425,2021NL5400279,2021,W,126417,1,,1,,,6,,,0,35,,,
HL,I5034 ,2,NL,64T2 ,MRN2 ,,,,10033425,2021NL5400279,2021,W,126417,1,,2,,,6,,,0,36,,,
HL,I5034 ,2,NO,58D4,MRN2 ,,,,242,MIK221,2021,W,126417,1,,1,,,2,,,0,7,,,
HL,I5034 ,2,NO,58D4,MRN2 ,,,,242,MIK221,2021,W,126417,1,,1,,,2,,,0,13,,,
HL,I5034 ,2,NO,58D4,MRN2 ,,,,242,MIK221,2021,W,126417,1,,3,,,2,,,0,,,,
HL,I5034 ,2,NO,58D4,MRN2 ,,,,248,MIK230,2021,W,126417,1,,2,,,4,,,0,20,,,
HL,I5034 ,2,NO,58D4,MRN2 ,,,,248,MIK230,2021,W,126417,1,,11,,,4,,,0,21,,,
HL,I5034 ,2,NO,58D4,MRN2 ,,,,248,MIK230,2021,W,126417,1,,12,,,4,,,0,22,,,
HL,I5034 ,2,NO,58D4,MRN2 ,,,,248,MIK230,2021,W,126417,1,,8,,,4,,,0,23,,,
HL,I5034 ,2,NO,58D4,MRN2 ,,,,248,MIK230,2021,W,126417,1,,5,,,4,,,0,25,,,
HL,I5034 ,2,NO,58D4,MRN2 ,,,,248,MIK230,2021,W,126417,1,,2,,,4,,,0,27,,,
HL,I5034 ,2,NO,58D4,MRN2 ,,,,248,MIK230,2021,W,126417,1,,2,,,4,,,0,29,,,
HL,I5034 ,2,NO,58D4,MRN2 ,,,,248,MIK230,2021,W,126417,1,,3,,,4,,,0,30,,,
HL,I5034 ,2,NO,58D4,MRN2 ,,,,248,MIK230,2021,W,126417,1,,1,,,4,,,0,31,,,
HL,I5034 ,2,NO,58D4,MRN2 ,,,,248,MIK230,2021,W,126417,1,,2,,,4,,,0,32,,,
HL,I5034 ,2,NO,58D4,MRN2 ,,,,258,MIK241,2021,W,126417,1,,1,,,2,,,0,29,,,
HL,I5034 ,2,NO,58D4,MRN2 ,,,,261,MIK243,2021,W,126417,1,,1,,,2,,,0,25,,,
HL,I5034 ,2,NO,58D4,MRN2 ,,,,261,MIK243,2021,W,126417,1,,3,,,2,,,0,27,,,
HL,I5034 ,2,NO,58D4,MRN2 ,,,,261,MIK243,2021,W,126417,1,,8,,,2,,,0,28,,,
HL,I5034 ,2,NO,58D4,MRN2 ,,,,261,MIK243,2021,W,126417,1,,11,,,2,,,0,29,,,
HL,I5034 ,2,NO,58D4,MRN2 ,,,,261,MIK243,2021,W,126417,1,,12,,,2,,,0,30,,,
HL,I5034 ,2,NO,58D4,MRN2 ,,,,261,MIK243,2021,W,126417,1,,8,,,2,,,0,31,,,
HL,I5034 ,2,NO,58D4,MRN2 ,,,,261,MIK243,2021,W,126417,1,,1,,,2,,,0,32,,,
HL,I5034 ,2,NO,58D4,MRN2 ,,,,261,MIK243,2021,W,126417,1,,4,,,2,,,0,33,,,
HL,I5034 ,2,NO,58D4,MRN2 ,,,,261,MIK243,2021,W,126417,1,,2,,,2,,,0,34,,,
HL,I5034 ,2,NL,64T2 ,MRN2 ,,,,10057754,2022NL5400151,2022,W,126417,1,,1,,,1,,,0,18,,,
HL,I5034 ,2,NL,64T2 ,MRN2 ,,,,10057754,2022NL5400151,2022,W,126417,1,,3,,,1,,,0,20,,,
HL,I5034 ,2,NL,64T2 ,MRN2 ,,,,10057754,2022NL5400151,2022,W,126417,1,,4,,,1,,,0,22,,,
HL,I5034 ,2,NL,64T2 ,MRN2 ,,,,10057754,2022NL5400151,2022,W,126417,1,,3,,,1,,,0,23,,,
HL,I5034 ,2,NL,64T2 ,MRN2 ,,,,10057754,2022NL5400151,2022,W,126417,1,,5,,,1,,,0,24,,,
HL,I5034 ,2,NL,64T2 ,MRN2 ,,,,10057754,2022NL5400151,2022,W,126417,1,,2,,,1,,,0,25,,,
HL,I5034 ,2,NL,64T2 ,MRN2 ,,,,10057754,2022NL5400151,2022,W,126417,1,,5,,,1,,,0,26,,,
HL,I5034 ,2,NL,64T2 ,MRN2 ,,,,10057754,2022NL5400151,2022,W,126417,1,,4,,,1,,,0,27,,,
HL,I5034 ,2,NL,64T2 ,MRN2 ,,,,10057754,2022NL5400151,2022,W,126417,1,,6,,,1,,,0,0,,,
HL,I5034 ,2,NL,64T2 ,MRN2 ,,,,10057755,2022NL5400152,2022,W,126417,1,,1,,,1,,,0,23,,,
HL,I5034 ,2,NL,64T2 ,MRN2 ,,,,10057755,2022NL5400152,2022,W,126417,1,,4,,,1,,,0,0,,,
HL,I5034 ,2,NL,64T2 ,MRN2 ,,,,10057756,2022NL5400153,2022,W,126417,1,,3,,,1,,,0,0,,,
HL,I5034 ,2,NL,64T2 ,MRN2 ,,,,10057757,2022NL5400154,2022,W,126417,1,,1,,,1.84,,,0,20,,,
HL,I5034 ,2,NL,64T2 ,MRN2 ,,,,10057757,2022NL5400154,2022,W,126417,1,,4,,,1.84,,,0,21,,,
HL,I5034 ,2,NL,64T2 ,MRN2 ,,,,10057757,2022NL5400154,2022,W,126417,1,,2,,,1.84,,,0,22,,,
HL,I5034 ,2,NL,64T2 ,MRN2 ,,,,10057757,2022NL5400154,2022,W,126417,1,,2,,,1.84,,,0,23,,,
HL,I5034 ,2,NL,64T2 ,MRN2 ,,,,10057757,2022NL5400154,2022,W,126417,1,,1,,,1.84,,,0,24,,,
HL,I5034 ,2,NL,64T2 ,MRN2 ,,,,10057757,2022NL5400154,2022,W,126417,1,,3,,,1.84,,,0,25,,,
HL,I5034 ,2,NL,64T2 ,MRN2 ,,,,10057757,2022NL5400154,2022,W,126417,1,,2,,,1.84,,,0,26,,,
HL,I5034 ,2,NL,64T2 ,MRN2 ,,,,10057757,2022NL5400154,2022,W,126417,1,,5,,,1.84,,,0,27,,,
HL,I5034 ,2,NL,64T2 ,MRN2 ,,,,10057757,2022NL5400154,2022,W,126417,1,,3,,,1.84,,,0,28,,,
HL,I5034 ,2,NL,64T2 ,MRN2 ,,,,10057757,2022NL5400154,2022,W,126417,1,,1,,,1.84,,,0,29,,,
HL,I5034 ,2,NL,64T2 ,MRN2 ,,,,10057757,2022NL5400154,2022,W,126417,1,,1,,,1.84,,,0,0,,,
HL,I5034 ,2,NL,64T2 ,MRN2 ,,,,10057753,2022NL5400155,2022,W,126417,1,,1,,,2.96,,,0,17,,,
HL,I5034 ,2,NL,64T2 ,MRN2 ,,,,10057753,2022NL5400155,2022,W,126417,1,,1,,,2.96,,,0,21,,,
HL,I5034 ,2,NL,64T2 ,MRN2 ,,,,10057759,2022NL5400156,2022,W,126417,1,,1,,,1.959183674,,,0,16,,,
HL,I5034 ,2,NL,64T2 ,MRN2 ,,,,10057760,2022NL5400157,2022,W,126417,1,,1,,,1,,,0,27,,,
HL,I5034 ,2,NL,64T2 ,MRN2 ,,,,10057760,2022NL5400157,2022,W,126417,1,,1,,,1,,,0,28,,,
HL,I5034 ,2,NL,64T2 ,MRN2 ,,,,10057760,2022NL5400157,2022,W,126417,1,,2,,,1,,,0,0,,,
HL,I5034 ,2,NL,64T2 ,MRN2 ,,,,10057761,2022NL5400158,2022,W,126417,1,,1,,,1,,,0,26,,,
HL,I5034 ,2,NL,64T2 ,MRN2 ,,,,10057761,2022NL5400158,2022,W,126417,1,,2,,,1,,,0,27,,,
HL,I5034 ,2,NL,64T2 ,MRN2 ,,,,10057761,2022NL5400158,2022,W,126417,1,,2,,,1,,,0,28,,,
HL,I5034 ,2,NL,64T2 ,MRN2 ,,,,10057761,2022NL5400158,2022,W,126417,1,,1,,,1,,,0,29,,,
HL,I5034 ,2,NL,64T2 ,MRN2 ,,,,10057761,2022NL5400158,2022,W,126417,1,,1,,,1,,,0,30,,,
HL,I5034 ,2,NL,64T2 ,MRN2 ,,,,10057761,2022NL5400158,2022,W,126417,1,,1,,,1,,,0,33,,,
HL,I5034 ,2,NL,64T2 ,MRN2 ,,,,10057761,2022NL5400158,2022,W,126417,1,,1,,,1,,,0,34,,,
HL,I5034 ,2,NL,64T2 ,MRN2 ,,,,10057761,2022NL5400158,2022,W,126417,1,,1,,,1,,,0,35,,,
HL,I5034 ,2,NL,64T2 ,MRN2 ,,,,10057761,2022NL5400158,2022,W,126417,1,,1,,,1,,,0,0,,,
HL,I5034 ,2,NL,64T2 ,MRN2 ,,,,10057762,2022NL5400159,2022,W,126417,1,,1,,,22.36,,,0,24,,,
HL,I5034 ,2,NL,64T2 ,MRN2 ,,,,10057762,2022NL5400159,2022,W,126417,1,,1,,,22.36,,,0,25,,,
HL,I5034 ,2,NL,64T2 ,MRN2 ,,,,10057762,2022NL5400159,2022,W,126417,1,,2,,,22.36,,,0,27,,,
HL,I5034 ,2,NL,64T2 ,MRN2 ,,,,10057762,2022NL5400159,2022,W,126417,1,,2,,,22.36,,,0,28,,,
HL,I5034 ,2,NL,64T2 ,MRN2 ,,,,10057762,2022NL5400159,2022,W,126417,1,,1,,,22.36,,,0,29,,,
HL,I5034 ,2,NL,64T2 ,MRN2 ,,,,10057762,2022NL5400159,2022,W,126417,1,,1,,,22.36,,,0,30,,,
HL,I5034 ,2,NL,64T2 ,MRN2 ,,,,10057762,2022NL5400159,2022,W,126417,1,,4,,,22.36,,,0,31,,,
HL,I5034 ,2,NL,64T2 ,MRN2 ,,,,10057762,2022NL5400159,2022,W,126417,1,,7,,,22.36,,,0,32,,,
HL,I5034 ,2,NL,64T2 ,MRN2 ,,,,10057762,2022NL5400159,2022,W,126417,1,,7,,,22.36,,,0,33,,,
HL,I5034 ,2,NL,64T2 ,MRN2 ,,,,10057762,2022NL5400159,2022,W,126417,1,,4,,,22.36,,,0,34,,,
HL,I5034 ,2,NL,64T2 ,MRN2 ,,,,10057762,2022NL5400159,2022,W,126417,1,,3,,,22.36,,,0,35,,,
HL,I5034 ,2,NL,64T2 ,MRN2 ,,,,10057762,2022NL5400159,2022,W,126417,1,,4,,,22.36,,,0,36,,,
HL,I5034 ,2,NL,64T2 ,MRN2 ,,,,10057762,2022NL5400159,2022,W,126417,1,,3,,,22.36,,,0,37,,,
HL,I5034 ,2,NL,64T2 ,MRN2 ,,,,10057762,2022NL5400159,2022,W,126417,1,,2,,,22.36,,,0,38,,,
HL,I5034 ,2,NL,64T2 ,MRN2 ,,,,10057762,2022NL5400159,2022,W,126417,1,,6,,,22.36,,,0,39,,,
HL,I5034 ,2,NL,64T2 ,MRN2 ,,,,10057762,2022NL5400159,2022,W,126417,1,,1,,,22.36,,,0,40,,,
HL,I5034 ,2,NL,64T2 ,MRN2 ,,,,10057762,2022NL5400159,2022,W,126417,1,,1,,,22.36,,,0,41,,,
HL,I5034 ,2,NL,64T2 ,MRN2 ,,,,10057763,2022NL5400162,2022,W,126417,1,,1,,,1,,,0,24,,,
HL,I5034 ,2,NL,64T2 ,MRN2 ,,,,10057764,2022NL5400163,2022,W,126417,1,,2,,,3.36,,,0,22,,,
HL,I5034 ,2,NL,64T2 ,MRN2 ,,,,10057764,2022NL5400163,2022,W,126417,1,,4,,,3.36,,,0,23,,,
HL,I5034 ,2,NL,64T2 ,MRN2 ,,,,10057764,2022NL5400163,2022,W,126417,1,,7,,,3.36,,,0,24,,,
HL,I5034 ,2,NL,64T2 ,MRN2 ,,,,10057764,2022NL5400163,2022,W,126417,1,,7,,,3.36,,,0,25,,,
HL,I5034 ,2,NL,64T2 ,MRN2 ,,,,10057764,2022NL5400163,2022,W,126417,1,,5,,,3.36,,,0,26,,,
HL,I5034 ,2,NL,64T2 ,MRN2 ,,,,10057764,2022NL5400163,2022,W,126417,1,,4,,,3.36,,,0,27,,,
HL,I5034 ,2,NL,64T2 ,MRN2 ,,,,10057764,2022NL5400163,2022,W,126417,1,,4,,,3.36,,,0,28,,,
HL,I5034 ,2,NL,64T2 ,MRN2 ,,,,10057764,2022NL5400163,2022,W,126417,1,,1,,,3.36,,,0,29,,,
HL,I5034 ,2,NL,64T2 ,MRN2 ,,,,10057764,2022NL5400163,2022,W,126417,1,,2,,,3.36,,,0,30,,,
HL,I5034 ,2,NL,64T2 ,MRN2 ,,,,10057764,2022NL5400163,2022,W,126417,1,,2,,,3.36,,,0,31,,,
HL,I5034 ,2,NL,64T2 ,MRN2 ,,,,10057764,2022NL5400163,2022,W,126417,1,,1,,,3.36,,,0,32,,,
HL,I5034 ,2,NL,64T2 ,MRN2 ,,,,10057764,2022NL5400163,2022,W,126417,1,,2,,,3.36,,,0,33,,,
HL,I5034 ,2,NL,64T2 ,MRN2 ,,,,10057764,2022NL5400163,2022,W,126417,1,,1,,,3.36,,,0,34,,,
HL,I5034 ,2,NL,64T2 ,MRN2 ,,,,10057764,2022NL5400163,2022,W,126417,1,,1,,,3.36,,,0,35,,,
HL,I5034 ,2,NL,64T2 ,MRN2 ,,,,10057765,2022NL5400164,2022,W,126417,1,,1,,,1,,,0,21,,,
HL,I5034 ,2,NL,64T2 ,MRN2 ,,,,10057765,2022NL5400164,2022,W,126417,1,,1,,,1,,,0,23,,,
HL,I5034 ,2,NL,64T2 ,MRN2 ,,,,10057765,2022NL5400164,2022,W,126417,1,,2,,,1,,,0,24,,,
HL,I5034 ,2,NL,64T2 ,MRN2 ,,,,10057765,2022NL5400164,2022,W,126417,1,,1,,,1,,,0,25,,,
HL,I5034 ,2,NL,64T2 ,MRN2 ,,,,10057765,2022NL5400164,2022,W,126417,1,,4,,,1,,,0,26,,,
HL,I5034 ,2,NL,64T2 ,MRN2 ,,,,10057765,2022NL5400164,2022,W,126417,1,,1,,,1,,,0,28,,,
HL,I5034 ,2,NL,64T2 ,MRN2 ,,,,10057765,2022NL5400164,2022,W,126417,1,,4,,,1,,,0,0,,,
HL,I5034 ,2,NL,64T2 ,MRN2 ,,,,10057766,2022NL5400165,2022,W,126417,1,,4,,,13.96078431,,,0,24,,,
HL,I5034 ,2,NL,64T2 ,MRN2 ,,,,10057766,2022NL5400165,2022,W,126417,1,,6,,,13.96078431,,,0,25,,,
HL,I5034 ,2,NL,64T2 ,MRN2 ,,,,10057766,2022NL5400165,2022,W,126417,1,,7,,,13.96078431,,,0,26,,,
HL,I5034 ,2,NL,64T2 ,MRN2 ,,,,10057766,2022NL5400165,2022,W,126417,1,,5,,,13.96078431,,,0,27,,,
HL,I5034 ,2,NL,64T2 ,MRN2 ,,,,10057766,2022NL5400165,2022,W,126417,1,,5,,,13.96078431,,,0,28,,,
HL,I5034 ,2,NL,64T2 ,MRN2 ,,,,10057766,2022NL5400165,2022,W,126417,1,,5,,,13.96078431,,,0,29,,,
HL,I5034 ,2,NL,64T2 ,MRN2 ,,,,10057766,2022NL5400165,2022,W,126417,1,,10,,,13.96078431,,,0,30,,,
HL,I5034 ,2,NL,64T2 ,MRN2 ,,,,10057766,2022NL5400165,2022,W,126417,1,,6,,,13.96078431,,,0,31,,,
HL,I5034 ,2,NL,64T2 ,MRN2 ,,,,10057766,2022NL5400165,2022,W,126417,1,,1,,,13.96078431,,,0,32,,,
HL,I5034 ,2,NL,64T2 ,MRN2 ,,,,10057766,2022NL5400165,2022,W,126417,1,,1,,,13.96078431,,,0,33,,,
HL,I5034 ,2,NL,64T2 ,MRN2 ,,,,10057767,2022NL5400166,2022,W,126417,1,,1,,,9.38,,,0,26,,,
HL,I5034 ,2,NL,64T2 ,MRN2 ,,,,10057767,2022NL5400166,2022,W,126417,1,,4,,,9.38,,,0,27,,,
HL,I5034 ,2,NL,64T2 ,MRN2 ,,,,10057767,2022NL5400166,2022,W,126417,1,,4,,,9.38,,,0,28,,,
HL,I5034 ,2,NL,64T2 ,MRN2 ,,,,10057767,2022NL5400166,2022,W,126417,1,,3,,,9.38,,,0,29,,,
HL,I5034 ,2,NL,64T2 ,MRN2 ,,,,10057767,2022NL5400166,2022,W,126417,1,,5,,,9.38,,,0,30,,,
HL,I5034 ,2,NL,64T2 ,MRN2 ,,,,10057767,2022NL5400166,2022,W,126417,1,,6,,,9.38,,,0,31,,,
HL,I5034 ,2,NL,64T2 ,MRN2 ,,,,10057767,2022NL5400166,2022,W,126417,1,,6,,,9.38,,,0,32,,,
HL,I5034 ,2,NL,64T2 ,MRN2 ,,,,10057767,2022NL5400166,2022,W,126417,1,,6,,,9.38,,,0,33,,,
HL,I5034 ,2,NL,64T2 ,MRN2 ,,,,10057767,2022NL5400166,2022,W,126417,1,,6,,,9.38,,,0,34,,,
HL,I5034 ,2,NL,64T2 ,MRN2 ,,,,10057767,2022NL5400166,2022,W,126417,1,,3,,,9.38,,,0,35,,,
HL,I5034 ,2,NL,64T2 ,MRN2 ,,,,10057767,2022NL5400166,2022,W,126417,1,,3,,,9.38,,,0,36,,,
HL,I5034 ,2,NL,64T2 ,MRN2 ,,,,10057768,2022NL5400167,2022,W,126417,1,,1,,,13.64,,,0,26,,,
HL,I5034 ,2,NL,64T2 ,MRN2 ,,,,10057768,2022NL5400167,2022,W,126417,1,,2,,,13.64,,,0,28,,,
HL,I5034 ,2,NL,64T2 ,MRN2 ,,,,10057768,2022NL5400167,2022,W,126417,1,,1,,,13.64,,,0,29,,,
HL,I5034 ,2,NL,64T2 ,MRN2 ,,,,10057768,2022NL5400167,2022,W,126417,1,,1,,,13.64,,,0,30,,,
HL,I5034 ,2,NL,64T2 ,MRN2 ,,,,10057768,2022NL5400167,2022,W,126417,1,,6,,,13.64,,,0,31,,,
HL,I5034 ,2,NL,64T2 ,MRN2 ,,,,10057768,2022NL5400167,2022,W,126417,1,,5,,,13.64,,,0,32,,,
HL,I5034 ,2,NL,64T2 ,MRN2 ,,,,10057768,2022NL5400167,2022,W,126417,1,,3,,,13.64,,,0,33,,,
HL,I5034 ,2,NL,64T2 ,MRN2 ,,,,10057768,2022NL5400167,2022,W,126417,1,,9,,,13.64,,,0,34,,,
HL,I5034 ,2,NL,64T2 ,MRN2 ,,,,10057768,2022NL5400167,2022,W,126417,1,,7,,,13.64,,,0,35,,,
HL,I5034 ,2,NL,64T2 ,MRN2 ,,,,10057768,2022NL5400167,2022,W,126417,1,,7,,,13.64,,,0,36,,,
HL,I5034 ,2,NL,64T2 ,MRN2 ,,,,10057768,2022NL5400167,2022,W,126417,1,,4,,,13.64,,,0,37,,,
HL,I5034 ,2,NL,64T2 ,MRN2 ,,,,10057768,2022NL5400167,2022,W,126417,1,,1,,,13.64,,,0,39,,,
HL,I5034 ,2,NL,64T2 ,MRN2 ,,,,10057768,2022NL5400167,2022,W,126417,1,,1,,,13.64,,,0,40,,,
HL,I5034 ,2,NL,64T2 ,MRN2 ,,,,10057768,2022NL5400167,2022,W,126417,1,,1,,,13.64,,,0,44,,,
HL,I5034 ,2,NL,64T2 ,MRN2 ,,,,10057769,2022NL5400168,2022,W,126417,1,,1,,,1.2,,,0,25,,,
HL,I5034 ,2,NL,64T2 ,MRN2 ,,,,10057769,2022NL5400168,2022,W,126417,1,,2,,,1.2,,,0,26,,,
HL,I5034 ,2,NL,64T2 ,MRN2 ,,,,10057769,2022NL5400168,2022,W,126417,1,,2,,,1.2,,,0,27,,,
HL,I5034 ,2,NL,64T2 ,MRN2 ,,,,10057769,2022NL5400168,2022,W,126417,1,,5,,,1.2,,,0,28,,,
HL,I5034 ,2,NL,64T2 ,MRN2 ,,,,10057769,2022NL5400168,2022,W,126417,1,,5,,,1.2,,,0,29,,,
HL,I5034 ,2,NL,64T2 ,MRN2 ,,,,10057769,2022NL5400168,2022,W,126417,1,,4,,,1.2,,,0,30,,,
HL,I5034 ,2,NL,64T2 ,MRN2 ,,,,10057769,2022NL5400168,2022,W,126417,1,,3,,,1.2,,,0,31,,,
HL,I5034 ,2,NL,64T2 ,MRN2 ,,,,10057769,2022NL5400168,2022,W,126417,1,,1,,,1.2,,,0,35,,,
HL,I5034 ,2,NL,64T2 ,MRN2 ,,,,10057769,2022NL5400168,2022,W,126417,1,,2,,,1.2,,,0,0,,,
HL,I5034 ,2,NL,64T2 ,MRN2 ,,,,10057770,2022NL5400169,2022,W,126417,1,,1,,,1,,,0,0,,,
HL,I5034 ,2,NL,64T2 ,MRN2 ,,,,10057772,2022NL5400171,2022,W,126417,1,,2,,,1.2,,,0,26,,,
HL,I5034 ,2,NL,64T2 ,MRN2 ,,,,10057772,2022NL5400171,2022,W,126417,1,,3,,,1.2,,,0,27,,,
HL,I5034 ,2,NL,64T2 ,MRN2 ,,,,10057772,2022NL5400171,2022,W,126417,1,,1,,,1.2,,,0,28,,,
HL,I5034 ,2,NL,64T2 ,MRN2 ,,,,10057772,2022NL5400171,2022,W,126417,1,,4,,,1.2,,,0,29,,,
HL,I5034 ,2,NL,64T2 ,MRN2 ,,,,10057772,2022NL5400171,2022,W,126417,1,,4,,,1.2,,,0,30,,,
HL,I5034 ,2,NL,64T2 ,MRN2 ,,,,10057772,2022NL5400171,2022,W,126417,1,,3,,,1.2,,,0,31,,,
HL,I5034 ,2,NL,64T2 ,MRN2 ,,,,10057772,2022NL5400171,2022,W,126417,1,,2,,,1.2,,,0,32,,,
HL,I5034 ,2,NL,64T2 ,MRN2 ,,,,10057772,2022NL5400171,2022,W,126417,1,,1,,,1.2,,,0,0,,,
HL,I5034 ,2,NL,64T2 ,MRN2 ,,,,10057773,2022NL5400172,2022,W,126417,1,,1,,,1,,,0,23,,,
HL,I5034 ,2,NL,64T2 ,MRN2 ,,,,10057773,2022NL5400172,2022,W,126417,1,,1,,,1,,,0,24,,,
HL,I5034 ,2,NL,64T2 ,MRN2 ,,,,10057773,2022NL5400172,2022,W,126417,1,,1,,,1,,,0,26,,,
HL,I5034 ,2,NL,64T2 ,MRN2 ,,,,10057773,2022NL5400172,2022,W,126417,1,,2,,,1,,,0,27,,,
HL,I5034 ,2,NL,64T2 ,MRN2 ,,,,10057777,2022NL5400176,2022,W,126417,1,,1,,,1,,,0,36,,,
HL,I5034 ,2,NL,64T2 ,MRN2 ,,,,10057777,2022NL5400176,2022,W,126417,1,,2,,,1,,,0,0,,,
HL,I5034 ,2,NL,64T2 ,MRN2 ,,,,10057778,2022NL5400177,2022,W,126417,1,,1,,,1,,,0,33,,,
HL,I5034 ,2,NL,64T2 ,MRN2 ,,,,10057778,2022NL5400177,2022,W,126417,1,,2,,,1,,,0,34,,,
HL,I5034 ,2,NL,64T2 ,MRN2 ,,,,10057778,2022NL5400177,2022,W,126417,1,,1,,,1,,,0,41,,,
HL,I5034 ,2,NL,64T2 ,MRN2 ,,,,10057781,2022NL5400180,2022,W,126417,1,,1,,,1,,,0,43,,,
HL,I5034 ,2,NL,64T2 ,MRN2 ,,,,10057782,2022NL5400181,2022,W,126417,1,,2,,,1,,,0,0,,,
HL,I5034 ,2,NL,64T2 ,MRN2 ,,,,10057785,2022NL5400184,2022,W,126417,1,,1,,,1,,,0,0,,,
HL,I5034 ,2,NL,64T2 ,MRN2 ,,,,10057786,2022NL5400185,2022,W,126417,1,,2,,,1,,,0,0,,,
HL,I5034 ,2,NL,64T2 ,MRN2 ,,,,10057789,2022NL5400188,2022,W,126417,1,,1,,,1,,,0,0,,,
HL,I5034 ,2,NL,64T2 ,MRN2 ,,,,10057791,2022NL5400190,2022,W,126417,1,,1,,,1,,,0,28,,,
HL,I5034 ,2,NL,64T2 ,MRN2 ,,,,10057792,2022NL5400191,2022,W,126417,1,,1,,,1,,,0,28,,,
HL,I5034 ,2,NL,64T2 ,MRN2 ,,,,10057793,2022NL5400192,2022,W,126417,1,,1,,,1,,,0,26,,,
HL,I5034 ,2,NL,64T2 ,MRN2 ,,,,10057793,2022NL5400192,2022,W,126417,1,,1,,,1,,,0,28,,,
HL,I5034 ,2,NL,64T2 ,MRN2 ,,,,10057793,2022NL5400192,2022,W,126417,1,,1,,,1,,,0,30,,,
HL,I5034 ,2,NL,64T2 ,MRN2 ,,,,10057794,2022NL5400193,2022,W,126417,1,,1,,,1,,,0,27,,,
HL,I5034 ,2,NL,64T2 ,MRN2 ,,,,10057794,2022NL5400193,2022,W,126417,1,,3,,,1,,,0,30,,,
HL,I5034 ,2,NL,64T2 ,MRN2 ,,,,10057794,2022NL5400193,2022,W,126417,1,,1,,,1,,,0,31,,,
HL,I5034 ,2,NL,64T2 ,MRN2 ,,,,10057794,2022NL5400193,2022,W,126417,1,,1,,,1,,,0,33,,,
HL,I5034 ,2,NL,64T2 ,MRN2 ,,,,10057795,2022NL5400194,2022,W,126417,1,,2,,,1,,,0,26,,,
HL,I5034 ,2,NL,64T2 ,MRN2 ,,,,10057795,2022NL5400194,2022,W,126417,1,,1,,,1,,,0,27,,,
HL,I5034 ,2,NL,64T2 ,MRN2 ,,,,10057795,2022NL5400194,2022,W,126417,1,,3,,,1,,,0,28,,,
HL,I5034 ,2,NL,64T2 ,MRN2 ,,,,10057795,2022NL5400194,2022,W,126417,1,,6,,,1,,,0,29,,,
HL,I5034 ,2,NL,64T2 ,MRN2 ,,,,10057795,2022NL5400194,2022,W,126417,1,,3,,,1,,,0,30,,,
HL,I5034 ,2,NL,64T2 ,MRN2 ,,,,10057795,2022NL5400194,2022,W,126417,1,,7,,,1,,,0,31,,,
HL,I5034 ,2,NL,64T2 ,MRN2 ,,,,10057795,2022NL5400194,2022,W,126417,1,,2,,,1,,,0,32,,,
HL,I5034 ,2,NL,64T2 ,MRN2 ,,,,10057795,2022NL5400194,2022,W,126417,1,,2,,,1,,,0,0,,,
HL,I5034 ,2,NL,64T2 ,MRN2 ,,,,10057796,2022NL5400195,2022,W,126417,1,,1,,,1,,,0,25,,,
HL,I5034 ,2,NL,64T2 ,MRN2 ,,,,10057796,2022NL5400195,2022,W,126417,1,,3,,,1,,,0,27,,,
HL,I5034 ,2,NL,64T2 ,MRN2 ,,,,10057796,2022NL5400195,2022,W,126417,1,,2,,,1,,,0,28,,,
HL,I5034 ,2,NL,64T2 ,MRN2 ,,,,10057796,2022NL5400195,2022,W,126417,1,,2,,,1,,,0,29,,,
HL,I5034 ,2,NL,64T2 ,MRN2 ,,,,10057796,2022NL5400195,2022,W,126417,1,,3,,,1,,,0,30,,,
HL,I5034 ,2,NL,64T2 ,MRN2 ,,,,10057796,2022NL5400195,2022,W,126417,1,,1,,,1,,,0,0,,,
HL,I5034 ,2,NL,64T2 ,MRN2 ,,,,10057797,2022NL5400196,2022,W,126417,1,,1,,,1,,,0,29,,,
HL,I5034 ,2,NL,64T2 ,MRN2 ,,,,10057797,2022NL5400196,2022,W,126417,1,,2,,,1,,,0,33,,,
HL,I5034 ,2,NL,64T2 ,MRN2 ,,,,10057797,2022NL5400196,2022,W,126417,1,,1,,,1,,,0,34,,,
HL,I5034 ,2,NL,64T2 ,MRN2 ,,,,10057797,2022NL5400196,2022,W,126417,1,,1,,,1,,,0,0,,,
HL,I5034 ,2,NL,64T2 ,MRN2 ,,,,10057798,2022NL5400197,2022,W,126417,1,,1,,,1,,,0,35,,,
HL,I5034 ,2,NL,64T2 ,MRN2 ,,,,10057799,2022NL5400198,2022,W,126417,1,,1,,,1,,,0,0,,,
HL,I5034 ,2,NL,64T2 ,MRN2 ,,,,10057803,2022NL5400202,2022,W,126417,1,,3,,,1,,,0,0,,,
HL,I5034 ,2,NL,64T2 ,MRN2 ,,,,10057805,2022NL5400204,2022,W,126417,1,,2,,,1,,,0,0,,,
HL,I5034 ,2,NL,64T2 ,MRN2 ,,,,10057807,2022NL5400206,2022,W,126417,1,,2,,,1.4,,,0,0,,,
HL,I5034 ,2,NL,64T2 ,MRN2 ,,,,10057808,2022NL5400207,2022,W,126417,1,,4,,,1.88,,,0,0,,,
HL,I5034 ,2,NL,64T2 ,MRN2 ,,,,10057809,2022NL5400208,2022,W,126417,1,,12,,,1.2,,,0,0,,,
HL,I5034 ,2,NL,64T2 ,MRN2 ,,,,10057811,2022NL5400210,2022,W,126417,1,,1,,,4.84,,,0,25,,,
HL,I5034 ,2,NL,64T2 ,MRN2 ,,,,10057811,2022NL5400210,2022,W,126417,1,,3,,,4.84,,,0,26,,,
HL,I5034 ,2,NL,64T2 ,MRN2 ,,,,10057811,2022NL5400210,2022,W,126417,1,,1,,,4.84,,,0,27,,,
HL,I5034 ,2,NL,64T2 ,MRN2 ,,,,10057811,2022NL5400210,2022,W,126417,1,,5,,,4.84,,,0,28,,,
HL,I5034 ,2,NL,64T2 ,MRN2 ,,,,10057811,2022NL5400210,2022,W,126417,1,,7,,,4.84,,,0,29,,,
HL,I5034 ,2,NL,64T2 ,MRN2 ,,,,10057811,2022NL5400210,2022,W,126417,1,,8,,,4.84,,,0,30,,,
HL,I5034 ,2,NL,64T2 ,MRN2 ,,,,10057811,2022NL5400210,2022,W,126417,1,,5,,,4.84,,,0,31,,,
HL,I5034 ,2,NL,64T2 ,MRN2 ,,,,10057811,2022NL5400210,2022,W,126417,1,,3,,,4.84,,,0,32,,,
HL,I5034 ,2,NL,64T2 ,MRN2 ,,,,10057811,2022NL5400210,2022,W,126417,1,,3,,,4.84,,,0,33,,,
HL,I5034 ,2,NL,64T2 ,MRN2 ,,,,10057811,2022NL5400210,2022,W,126417,1,,6,,,4.84,,,0,34,,,
HL,I5034 ,2,NL,64T2 ,MRN2 ,,,,10057811,2022NL5400210,2022,W,126417,1,,4,,,4.84,,,0,35,,,
HL,I5034 ,2,NL,64T2 ,MRN2 ,,,,10057811,2022NL5400210,2022,W,126417,1,,1,,,4.84,,,0,36,,,
HL,I5034 ,2,NL,64T2 ,MRN2 ,,,,10057811,2022NL5400210,2022,W,126417,1,,2,,,4.84,,,0,37,,,
HL,I5034 ,2,NL,64T2 ,MRN2 ,,,,10057812,2022NL5400211,2022,W,126417,1,,1,,,4.02,,,0,22,,,
HL,I5034 ,2,NL,64T2 ,MRN2 ,,,,10057812,2022NL5400211,2022,W,126417,1,,3,,,4.02,,,0,23,,,
HL,I5034 ,2,NL,64T2 ,MRN2 ,,,,10057812,2022NL5400211,2022,W,126417,1,,11,,,4.02,,,0,24,,,
HL,I5034 ,2,NL,64T2 ,MRN2 ,,,,10057812,2022NL5400211,2022,W,126417,1,,8,,,4.02,,,0,25,,,
HL,I5034 ,2,NL,64T2 ,MRN2 ,,,,10057812,2022NL5400211,2022,W,126417,1,,3,,,4.02,,,0,26,,,
HL,I5034 ,2,NL,64T2 ,MRN2 ,,,,10057812,2022NL5400211,2022,W,126417,1,,9,,,4.02,,,0,28,,,
HL,I5034 ,2,NL,64T2 ,MRN2 ,,,,10057812,2022NL5400211,2022,W,126417,1,,7,,,4.02,,,0,29,,,
HL,I5034 ,2,NL,64T2 ,MRN2 ,,,,10057812,2022NL5400211,2022,W,126417,1,,4,,,4.02,,,0,30,,,
HL,I5034 ,2,NL,64T2 ,MRN2 ,,,,10057812,2022NL5400211,2022,W,126417,1,,2,,,4.02,,,0,32,,,
HL,I5034 ,2,NL,64T2 ,MRN2 ,,,,10057812,2022NL5400211,2022,W,126417,1,,1,,,4.02,,,0,33,,,
HL,I5034 ,2,NL,64T2 ,MRN2 ,,,,10057813,2022NL5400212,2022,W,126417,1,,1,,,30.76,,,0,22,,,
HL,I5034 ,2,NL,64T2 ,MRN2 ,,,,10057813,2022NL5400212,2022,W,126417,1,,2,,,30.76,,,0,24,,,
HL,I5034 ,2,NL,64T2 ,MRN2 ,,,,10057813,2022NL5400212,2022,W,126417,1,,8,,,30.76,,,0,25,,,
HL,I5034 ,2,NL,64T2 ,MRN2 ,,,,10057813,2022NL5400212,2022,W,126417,1,,3,,,30.76,,,0,26,,,
HL,I5034 ,2,NL,64T2 ,MRN2 ,,,,10057813,2022NL5400212,2022,W,126417,1,,3,,,30.76,,,0,27,,,
HL,I5034 ,2,NL,64T2 ,MRN2 ,,,,10057813,2022NL5400212,2022,W,126417,1,,10,,,30.76,,,0,28,,,
HL,I5034 ,2,NL,64T2 ,MRN2 ,,,,10057813,2022NL5400212,2022,W,126417,1,,4,,,30.76,,,0,29,,,
HL,I5034 ,2,NL,64T2 ,MRN2 ,,,,10057813,2022NL5400212,2022,W,126417,1,,5,,,30.76,,,0,30,,,
HL,I5034 ,2,NL,64T2 ,MRN2 ,,,,10057813,2022NL5400212,2022,W,126417,1,,5,,,30.76,,,0,31,,,
HL,I5034 ,2,NL,64T2 ,MRN2 ,,,,10057813,2022NL5400212,2022,W,126417,1,,4,,,30.76,,,0,32,,,
HL,I5034 ,2,NL,64T2 ,MRN2 ,,,,10057813,2022NL5400212,2022,W,126417,1,,2,,,30.76,,,0,33,,,
HL,I5034 ,2,NL,64T2 ,MRN2 ,,,,10057813,2022NL5400212,2022,W,126417,1,,2,,,30.76,,,0,34,,,
HL,I5034 ,2,NL,64T2 ,MRN2 ,,,,10057813,2022NL5400212,2022,W,126417,1,,1,,,30.76,,,0,35,,,
HL,I5034 ,2,NL,64T2 ,MRN2 ,,,,10057814,2022NL5400213,2022,W,126417,1,,1,,,1.72,,,0,17,,,
HL,I5034 ,2,NL,64T2 ,MRN2 ,,,,10057814,2022NL5400213,2022,W,126417,1,,2,,,1.72,,,0,20,,,
HL,I5034 ,2,NL,64T2 ,MRN2 ,,,,10057814,2022NL5400213,2022,W,126417,1,,1,,,1.72,,,0,22,,,
HL,I5034 ,2,NL,64T2 ,MRN2 ,,,,10057814,2022NL5400213,2022,W,126417,1,,3,,,1.72,,,0,23,,,
HL,I5034 ,2,NL,64T2 ,MRN2 ,,,,10057814,2022NL5400213,2022,W,126417,1,,6,,,1.72,,,0,24,,,
HL,I5034 ,2,NL,64T2 ,MRN2 ,,,,10057814,2022NL5400213,2022,W,126417,1,,7,,,1.72,,,0,25,,,
HL,I5034 ,2,NL,64T2 ,MRN2 ,,,,10057814,2022NL5400213,2022,W,126417,1,,6,,,1.72,,,0,26,,,
HL,I5034 ,2,NL,64T2 ,MRN2 ,,,,10057814,2022NL5400213,2022,W,126417,1,,10,,,1.72,,,0,27,,,
HL,I5034 ,2,NL,64T2 ,MRN2 ,,,,10057814,2022NL5400213,2022,W,126417,1,,3,,,1.72,,,0,28,,,
HL,I5034 ,2,NL,64T2 ,MRN2 ,,,,10057814,2022NL5400213,2022,W,126417,1,,5,,,1.72,,,0,29,,,
HL,I5034 ,2,NL,64T2 ,MRN2 ,,,,10057814,2022NL5400213,2022,W,126417,1,,1,,,1.72,,,0,30,,,
HL,I5034 ,2,NL,64T2 ,MRN2 ,,,,10057814,2022NL5400213,2022,W,126417,1,,4,,,1.72,,,0,0,,,
HL,I5034 ,2,NL,64T2 ,MRN2 ,,,,10057815,2022NL5400214,2022,W,126417,1,,1,,,10.05882353,,,0,21,,,
HL,I5034 ,2,NL,64T2 ,MRN2 ,,,,10057815,2022NL5400214,2022,W,126417,1,,6,,,10.05882353,,,0,24,,,
HL,I5034 ,2,NL,64T2 ,MRN2 ,,,,10057815,2022NL5400214,2022,W,126417,1,,2,,,10.05882353,,,0,25,,,
HL,I5034 ,2,NL,64T2 ,MRN2 ,,,,10057815,2022NL5400214,2022,W,126417,1,,5,,,10.05882353,,,0,26,,,
HL,I5034 ,2,NL,64T2 ,MRN2 ,,,,10057815,2022NL5400214,2022,W,126417,1,,10,,,10.05882353,,,0,27,,,
HL,I5034 ,2,NL,64T2 ,MRN2 ,,,,10057815,2022NL5400214,2022,W,126417,1,,9,,,10.05882353,,,0,28,,,
HL,I5034 ,2,NL,64T2 ,MRN2 ,,,,10057815,2022NL5400214,2022,W,126417,1,,3,,,10.05882353,,,0,29,,,
HL,I5034 ,2,NL,64T2 ,MRN2 ,,,,10057815,2022NL5400214,2022,W,126417,1,,6,,,10.05882353,,,0,30,,,
HL,I5034 ,2,NL,64T2 ,MRN2 ,,,,10057815,2022NL5400214,2022,W,126417,1,,7,,,10.05882353,,,0,31,,,
HL,I5034 ,2,NL,64T2 ,MRN2 ,,,,10057815,2022NL5400214,2022,W,126417,1,,1,,,10.05882353,,,0,32,,,
HL,I5034 ,2,NL,64T2 ,MRN2 ,,,,10057815,2022NL5400214,2022,W,126417,1,,1,,,10.05882353,,,0,34,,,
HL,I5034 ,2,NL,64T2 ,MRN2 ,,,,10057758,2022NL5400215,2022,W,126417,1,,3,,,1,,,0,24,,,
HL,I5034 ,2,NL,64T2 ,MRN2 ,,,,10057758,2022NL5400215,2022,W,126417,1,,4,,,1,,,0,25,,,
HL,I5034 ,2,NL,64T2 ,MRN2 ,,,,10057758,2022NL5400215,2022,W,126417,1,,1,,,1,,,0,26,,,
HL,I5034 ,2,NL,64T2 ,MRN2 ,,,,10057758,2022NL5400215,2022,W,126417,1,,3,,,1,,,0,28,,,
HL,I5034 ,2,NL,64T2 ,MRN2 ,,,,10057758,2022NL5400215,2022,W,126417,1,,1,,,1,,,0,29,,,
HL,I5034 ,2,NL,64T2 ,MRN2 ,,,,10057758,2022NL5400215,2022,W,126417,1,,7,,,1,,,0,0,,,
HL,I5034 ,2,NL,64T2 ,MRN2 ,,,,10093670,2023NL5400055,2023,W,126417,1,,2,,,1,,,0,,,,
HL,I5034 ,2,NL,64T2 ,MRN2 ,,,,10093672,2023NL5400057,2023,W,126417,1,,1,,,41.14,,,0,22,,,
HL,I5034 ,2,NL,64T2 ,MRN2 ,,,,10093672,2023NL5400057,2023,W,126417,1,,3,,,41.14,,,0,24,,,
HL,I5034 ,2,NL,64T2 ,MRN2 ,,,,10093672,2023NL5400057,2023,W,126417,1,,1,,,41.14,,,0,25,,,
HL,I5034 ,2,NL,64T2 ,MRN2 ,,,,10093672,2023NL5400057,2023,W,126417,1,,2,,,41.14,,,0,26,,,
HL,I5034 ,2,NL,64T2 ,MRN2 ,,,,10093672,2023NL5400057,2023,W,126417,1,,1,,,41.14,,,0,27,,,
HL,I5034 ,2,NL,64T2 ,MRN2 ,,,,10093672,2023NL5400057,2023,W,126417,1,,2,,,41.14,,,0,28,,,
HL,I5034 ,2,NL,64T2 ,MRN2 ,,,,10093672,2023NL5400057,2023,W,126417,1,,2,,,41.14,,,0,29,,,
HL,I5034 ,2,NL,64T2 ,MRN2 ,,,,10093672,2023NL5400057,2023,W,126417,1,,1,,,41.14,,,0,33,,,
HL,I5034 ,2,NL,64T2 ,MRN2 ,,,,10093672,2023NL5400057,2023,W,126417,1,,1,,,41.14,,,0,34,,,
HL,I5034 ,2,NL,64T2 ,MRN2 ,,,,10093672,2023NL5400057,2023,W,126417,1,,1,,,41.14,,,0,37,,,
HL,I5034 ,2,NL,64T2 ,MRN2 ,,,,10093673,2023NL5400058,2023,W,126417,1,,3,,,17.3,,,0,21,,,
HL,I5034 ,2,NL,64T2 ,MRN2 ,,,,10093673,2023NL5400058,2023,W,126417,1,,1,,,17.3,,,0,22,,,
HL,I5034 ,2,NL,64T2 ,MRN2 ,,,,10093673,2023NL5400058,2023,W,126417,1,,1,,,17.3,,,0,23,,,
HL,I5034 ,2,NL,64T2 ,MRN2 ,,,,10093673,2023NL5400058,2023,W,126417,1,,2,,,17.3,,,0,26,,,
HL,I5034 ,2,NL,64T2 ,MRN2 ,,,,10093818,2023NL5400059,2023,W,126417,1,,1,,,45.44,,,0,18,,,
HL,I5034 ,2,NL,64T2 ,MRN2 ,,,,10093818,2023NL5400059,2023,W,126417,1,,1,,,45.44,,,0,19,,,
HL,I5034 ,2,NL,64T2 ,MRN2 ,,,,10093818,2023NL5400059,2023,W,126417,1,,1,,,45.44,,,0,22,,,
HL,I5034 ,2,NL,64T2 ,MRN2 ,,,,10093818,2023NL5400059,2023,W,126417,1,,1,,,45.44,,,0,23,,,
HL,I5034 ,2,NL,64T2 ,MRN2 ,,,,10093818,2023NL5400059,2023,W,126417,1,,1,,,45.44,,,0,24,,,
HL,I5034 ,2,NL,64T2 ,MRN2 ,,,,10093818,2023NL5400059,2023,W,126417,1,,1,,,45.44,,,0,25,,,
HL,I5034 ,2,NL,64T2 ,MRN2 ,,,,10093818,2023NL5400059,2023,W,126417,1,,1,,,45.44,,,0,26,,,
HL,I5034 ,2,NL,64T2 ,MRN2 ,,,,10093818,2023NL5400059,2023,W,126417,1,,1,,,45.44,,,0,28,,,
HL,I5034 ,2,NL,64T2 ,MRN2 ,,,,10093818,2023NL5400059,2023,W,126417,1,,3,,,45.44,,,0,30,,,
HL,I5034 ,2,NL,64T2 ,MRN2 ,,,,10093818,2023NL5400059,2023,W,126417,1,,1,,,45.44,,,0,33,,,
HL,I5034 ,2,NL,64T2 ,MRN2 ,,,,10093818,2023NL5400059,2023,W,126417,1,,2,,,45.44,,,0,35,,,
HL,I5034 ,2,NL,64T2 ,MRN2 ,,,,10093818,2023NL5400059,2023,W,126417,1,,1,,,45.44,,,0,38,,,
HL,I5034 ,2,NL,64T2 ,MRN2 ,,,,10093817,2023NL5400060,2023,W,126417,1,,1,,,22.72,,,0,16,,,
HL,I5034 ,2,NL,64T2 ,MRN2 ,,,,10093817,2023NL5400060,2023,W,126417,1,,1,,,22.72,,,0,18,,,
HL,I5034 ,2,NL,64T2 ,MRN2 ,,,,10093817,2023NL5400060,2023,W,126417,1,,1,,,22.72,,,0,20,,,
HL,I5034 ,2,NL,64T2 ,MRN2 ,,,,10093817,2023NL5400060,2023,W,126417,1,,1,,,22.72,,,0,21,,,
HL,I5034 ,2,NL,64T2 ,MRN2 ,,,,10093817,2023NL5400060,2023,W,126417,1,,1,,,22.72,,,0,22,,,
HL,I5034 ,2,NL,64T2 ,MRN2 ,,,,10093817,2023NL5400060,2023,W,126417,1,,1,,,22.72,,,0,23,,,
HL,I5034 ,2,NL,64T2 ,MRN2 ,,,,10093817,2023NL5400060,2023,W,126417,1,,2,,,22.72,,,0,24,,,
HL,I5034 ,2,NL,64T2 ,MRN2 ,,,,10093817,2023NL5400060,2023,W,126417,1,,2,,,22.72,,,0,25,,,
HL,I5034 ,2,NL,64T2 ,MRN2 ,,,,10093817,2023NL5400060,2023,W,126417,1,,1,,,22.72,,,0,26,,,
HL,I5034 ,2,NL,64T2 ,MRN2 ,,,,10093817,2023NL5400060,2023,W,126417,1,,3,,,22.72,,,0,27,,,
HL,I5034 ,2,NL,64T2 ,MRN2 ,,,,10093817,2023NL5400060,2023,W,126417,1,,4,,,22.72,,,0,28,,,
HL,I5034 ,2,NL,64T2 ,MRN2 ,,,,10093817,2023NL5400060,2023,W,126417,1,,2,,,22.72,,,0,29,,,
HL,I5034 ,2,NL,64T2 ,MRN2 ,,,,10093817,2023NL5400060,2023,W,126417,1,,2,,,22.72,,,0,30,,,
HL,I5034 ,2,NL,64T2 ,MRN2 ,,,,10093816,2023NL5400061,2023,W,126417,1,,1,,,46.72,,,0,16,,,
HL,I5034 ,2,NL,64T2 ,MRN2 ,,,,10093816,2023NL5400061,2023,W,126417,1,,1,,,46.72,,,0,24,,,
HL,I5034 ,2,NL,64T2 ,MRN2 ,,,,10093816,2023NL5400061,2023,W,126417,1,,1,,,46.72,,,0,29,,,
HL,I5034 ,2,NL,64T2 ,MRN2 ,,,,10093677,2023NL5400062,2023,W,126417,1,,1,,,14.7,,,0,28,,,
HL,I5034 ,2,NL,64T2 ,MRN2 ,,,,10093682,2023NL5400067,2023,W,126417,1,,1,,,3.46,,,0,28,,,
HL,I5034 ,2,NL,64T2 ,MRN2 ,,,,10093683,2023NL5400068,2023,W,126417,1,,1,,,4.5,,,0,30,,,
HL,I5034 ,2,NL,64T2 ,MRN2 ,,,,10093683,2023NL5400068,2023,W,126417,1,,1,,,4.5,,,0,39,,,
HL,I5034 ,2,NL,64T2 ,MRN2 ,,,,10093685,2023NL5400070,2023,W,126417,1,,1,,,15.74,,,0,29,,,
HL,I5034 ,2,NL,64T2 ,MRN2 ,,,,10093815,2023NL5400071,2023,W,126417,1,,1,,,17.44,,,0,27,,,
HL,I5034 ,2,NL,64T2 ,MRN2 ,,,,10093815,2023NL5400071,2023,W,126417,1,,5,,,17.44,,,0,32,,,
HL,I5034 ,2,NL,64T2 ,MRN2 ,,,,10093815,2023NL5400071,2023,W,126417,1,,3,,,17.44,,,0,33,,,
HL,I5034 ,2,NL,64T2 ,MRN2 ,,,,10093815,2023NL5400071,2023,W,126417,1,,2,,,17.44,,,0,34,,,
HL,I5034 ,2,NL,64T2 ,MRN2 ,,,,10093815,2023NL5400071,2023,W,126417,1,,1,,,17.44,,,0,35,,,
HL,I5034 ,2,NL,64T2 ,MRN2 ,,,,10093815,2023NL5400071,2023,W,126417,1,,2,,,17.44,,,0,36,,,
HL,I5034 ,2,NL,64T2 ,MRN2 ,,,,10093687,2023NL5400072,2023,W,126417,1,,1,,,15.58,,,0,21,,,
HL,I5034 ,2,NL,64T2 ,MRN2 ,,,,10093687,2023NL5400072,2023,W,126417,1,,1,,,15.58,,,0,24,,,
HL,I5034 ,2,NL,64T2 ,MRN2 ,,,,10093687,2023NL5400072,2023,W,126417,1,,1,,,15.58,,,0,27,,,
HL,I5034 ,2,NL,64T2 ,MRN2 ,,,,10093687,2023NL5400072,2023,W,126417,1,,1,,,15.58,,,0,29,,,
HL,I5034 ,2,NL,64T2 ,MRN2 ,,,,10093687,2023NL5400072,2023,W,126417,1,,1,,,15.58,,,0,34,,,
HL,I5034 ,2,NL,64T2 ,MRN2 ,,,,10093687,2023NL5400072,2023,W,126417,1,,3,,,15.58,,,0,36,,,
HL,I5034 ,2,NL,64T2 ,MRN2 ,,,,10093687,2023NL5400072,2023,W,126417,1,,1,,,15.58,,,0,37,,,
HL,I5034 ,2,NL,64T2 ,MRN2 ,,,,10093687,2023NL5400072,2023,W,126417,1,,1,,,15.58,,,0,39,,,
HL,I5034 ,2,NL,64T2 ,MRN2 ,,,,10093687,2023NL5400072,2023,W,126417,1,,4,,,15.58,,,0,40,,,
HL,I5034 ,2,NL,64T2 ,MRN2 ,,,,10093687,2023NL5400072,2023,W,126417,1,,3,,,15.58,,,0,41,,,
HL,I5034 ,2,NL,64T2 ,MRN2 ,,,,10093687,2023NL5400072,2023,W,126417,1,,1,,,15.58,,,0,43,,,
HL,I5034 ,2,NL,64T2 ,MRN2 ,,,,10093687,2023NL5400072,2023,W,126417,1,,1,,,15.58,,,0,44,,,
HL,I5034 ,2,NL,64T2 ,MRN2 ,,,,10093687,2023NL5400072,2023,W,126417,1,,2,,,15.58,,,0,45,,,
HL,I5034 ,2,NL,64T2 ,MRN2 ,,,,10093688,2023NL5400073,2023,W,126417,1,,1,,,2.36,,,0,25,,,
HL,I5034 ,2,NL,64T2 ,MRN2 ,,,,10093688,2023NL5400073,2023,W,126417,1,,1,,,2.36,,,0,32,,,
HL,I5034 ,2,NL,64T2 ,MRN2 ,,,,10093688,2023NL5400073,2023,W,126417,1,,1,,,2.36,,,0,33,,,
HL,I5034 ,2,NL,64T2 ,MRN2 ,,,,10093688,2023NL5400073,2023,W,126417,1,,1,,,2.36,,,0,34,,,
HL,I5034 ,2,NL,64T2 ,MRN2 ,,,,10093688,2023NL5400073,2023,W,126417,1,,2,,,2.36,,,0,35,,,
HL,I5034 ,2,NL,64T2 ,MRN2 ,,,,10093688,2023NL5400073,2023,W,126417,1,,3,,,2.36,,,0,36,,,
HL,I5034 ,2,NL,64T2 ,MRN2 ,,,,10093689,2023NL5400074,2023,W,126417,1,,1,,,14,,,0,40,,,
HL,I5034 ,2,NL,64T2 ,MRN2 ,,,,10093690,2023NL5400075,2023,W,126417,1,,1,,,1.5,,,0,7,,,
HL,I5034 ,2,NL,64T2 ,MRN2 ,,,,10093690,2023NL5400075,2023,W,126417,1,,1,,,1.5,,,0,16,,,
HL,I5034 ,2,NL,64T2 ,MRN2 ,,,,10093690,2023NL5400075,2023,W,126417,1,,1,,,1.5,,,0,17,,,
HL,I5034 ,2,NL,64T2 ,MRN2 ,,,,10093690,2023NL5400075,2023,W,126417,1,,1,,,1.5,,,0,18,,,
HL,I5034 ,2,NL,64T2 ,MRN2 ,,,,10093814,2023NL5400076,2023,W,126417,1,,1,,,11,,,0,30,,,
HL,I5034 ,2,NL,64T2 ,MRN2 ,,,,10093692,2023NL5400077,2023,W,126417,1,,2,,,2.26,,,0,30,,,
HL,I5034 ,2,NL,64T2 ,MRN2 ,,,,10093692,2023NL5400077,2023,W,126417,1,,1,,,2.26,,,0,31,,,
HL,I5034 ,2,NL,64T2 ,MRN2 ,,,,10093692,2023NL5400077,2023,W,126417,1,,1,,,2.26,,,0,32,,,
HL,I5034 ,2,NL,64T2 ,MRN2 ,,,,10093692,2023NL5400077,2023,W,126417,1,,1,,,2.26,,,0,34,,,
HL,I5034 ,2,NL,64T2 ,MRN2 ,,,,10093694,2023NL5400079,2023,W,126417,1,,11,,,1,,,0,,,,
HL,I5034 ,2,NL,64T2 ,MRN2 ,,,,10093695,2023NL5400080,2023,W,126417,1,,1,,,1,,,0,20,,,
HL,I5034 ,2,NL,64T2 ,MRN2 ,,,,10093695,2023NL5400080,2023,W,126417,1,,3,,,1,,,0,22,,,
HL,I5034 ,2,NL,64T2 ,MRN2 ,,,,10093695,2023NL5400080,2023,W,126417,1,,1,,,1,,,0,30,,,
HL,I5034 ,2,NL,64T2 ,MRN2 ,,,,10093695,2023NL5400080,2023,W,126417,1,,1,,,1,,,0,34,,,
HL,I5034 ,2,NL,64T2 ,MRN2 ,,,,10093695,2023NL5400080,2023,W,126417,1,,1,,,1,,,0,35,,,
HL,I5034 ,2,NL,64T2 ,MRN2 ,,,,10093697,2023NL5400082,2023,W,126417,1,,1,,,1,,,0,14,,,
HL,I5034 ,2,NL,64T2 ,MRN2 ,,,,10093697,2023NL5400082,2023,W,126417,1,,1,,,1,,,0,19,,,
HL,I5034 ,2,NL,64T2 ,MRN2 ,,,,10093698,2023NL5400083,2023,W,126417,1,,1,,,1,,,0,,,,
HL,I5034 ,2,NL,64T2 ,MRN2 ,,,,10093699,2023NL5400084,2023,W,126417,1,,3,,,1,,,0,,,,
HL,I5034 ,2,NL,64T2 ,MRN2 ,,,,10093700,2023NL5400085,2023,W,126417,1,,7,,,1,,,0,,,,
HL,I5034 ,2,NL,64T2 ,MRN2 ,,,,10093701,2023NL5400086,2023,W,126417,1,,5,,,1,,,0,,,,
HL,I5034 ,2,NL,64T2 ,MRN2 ,,,,10093702,2023NL5400087,2023,W,126417,1,,1,,,1,,,0,,,,
HL,I5034 ,2,NL,64T2 ,MRN2 ,,,,10093703,2023NL5400088,2023,W,126417,1,,14,,,1,,,0,,,,
HL,I5034 ,2,NL,64T2 ,MRN2 ,,,,10093707,2023NL5400092,2023,W,126417,1,,1,,,1.5,,,0,34,,,
HL,I5034 ,2,NL,64T2 ,MRN2 ,,,,10093707,2023NL5400092,2023,W,126417,1,,1,,,1.5,,,0,25,,,
HL,I5034 ,2,NL,64T2 ,MRN2 ,,,,10093708,2023NL5400093,2023,W,126417,1,,1,,,1,,,0,,,,
HL,I5034 ,2,NL,64T2 ,MRN2 ,,,,10093710,2023NL5400095,2023,W,126417,1,,3,,,1,,,0,,,,
HL,I5034 ,2,NL,64T2 ,MRN2 ,,,,10093711,2023NL5400096,2023,W,126417,1,,4,,,1,,,0,,,,
HL,I5034 ,2,NL,64T2 ,MRN2 ,,,,10093714,2023NL5400099,2023,W,126417,1,,1,,,2.34,,,0,28,,,
HL,I5034 ,2,NL,64T2 ,MRN2 ,,,,10093714,2023NL5400099,2023,W,126417,1,,1,,,2.34,,,0,39,,,
HL,I5034 ,2,NL,64T2 ,MRN2 ,,,,10093714,2023NL5400099,2023,W,126417,1,,2,,,2.34,,,0,40,,,
HL,I5034 ,2,NL,64T2 ,MRN2 ,,,,10093715,2023NL5400100,2023,W,126417,1,,2,,,2.75,,,0,28,,,
HL,I5034 ,2,NL,64T2 ,MRN2 ,,,,10093715,2023NL5400100,2023,W,126417,1,,1,,,2.75,,,0,29,,,
HL,I5034 ,2,NL,64T2 ,MRN2 ,,,,10093715,2023NL5400100,2023,W,126417,1,,1,,,2.75,,,0,35,,,
HL,I5034 ,2,NL,64T2 ,MRN2 ,,,,10093716,2023NL5400101,2023,W,126417,1,,4,,,2.02,,,0,30,,,
HL,I5034 ,2,NL,64T2 ,MRN2 ,,,,10093716,2023NL5400101,2023,W,126417,1,,1,,,2.02,,,0,32,,,
HL,I5034 ,2,NL,64T2 ,MRN2 ,,,,10093716,2023NL5400101,2023,W,126417,1,,1,,,2.02,,,0,34,,,
HL,I5034 ,2,NL,64T2 ,MRN2 ,,,,10093716,2023NL5400101,2023,W,126417,1,,1,,,2.02,,,0,35,,,
HL,I5034 ,2,NL,64T2 ,MRN2 ,,,,10093716,2023NL5400101,2023,W,126417,1,,1,,,2.02,,,0,38,,,
HL,I5034 ,2,NL,64T2 ,MRN2 ,,,,10093716,2023NL5400101,2023,W,126417,1,,1,,,2.02,,,0,39,,,
HL,I5034 ,2,NL,64T2 ,MRN2 ,,,,10093716,2023NL5400101,2023,W,126417,1,,3,,,2.02,,,0,40,,,
HL,I5034 ,2,NL,64T2 ,MRN2 ,,,,10093716,2023NL5400101,2023,W,126417,1,,3,,,2.02,,,0,41,,,
HL,I5034 ,2,NL,64T2 ,MRN2 ,,,,10093716,2023NL5400101,2023,W,126417,1,,2,,,2.02,,,0,42,,,
HL,I5034 ,2,NL,64T2 ,MRN2 ,,,,10093716,2023NL5400101,2023,W,126417,1,,3,,,2.02,,,0,44,,,
HL,I5034 ,2,NL,64T2 ,MRN2 ,,,,10093716,2023NL5400101,2023,W,126417,1,,1,,,2.02,,,0,45,,,
HL,I5034 ,2,NL,64T2 ,MRN2 ,,,,10093716,2023NL5400101,2023,W,126417,1,,2,,,2.02,,,0,46,,,
HL,I5034 ,2,NL,64T2 ,MRN2 ,,,,10093716,2023NL5400101,2023,W,126417,1,,4,,,2.02,,,0,47,,,
HL,I5034 ,2,NL,64T2 ,MRN2 ,,,,10093716,2023NL5400101,2023,W,126417,1,,2,,,2.02,,,0,48,,,
HL,I5034 ,2,NL,64T2 ,MRN2 ,,,,10093716,2023NL5400101,2023,W,126417,1,,1,,,2.02,,,0,49,,,
HL,I5034 ,2,NL,64T2 ,MRN2 ,,,,10093717,2023NL5400102,2023,W,126417,1,,3,,,1.56,,,0,33,,,
HL,I5034 ,2,NL,64T2 ,MRN2 ,,,,10093717,2023NL5400102,2023,W,126417,1,,2,,,1.56,,,0,34,,,
HL,I5034 ,2,NL,64T2 ,MRN2 ,,,,10093717,2023NL5400102,2023,W,126417,1,,1,,,1.56,,,0,35,,,
HL,I5034 ,2,NL,64T2 ,MRN2 ,,,,10093717,2023NL5400102,2023,W,126417,1,,1,,,1.56,,,0,37,,,
HL,I5034 ,2,NL,64T2 ,MRN2 ,,,,10093717,2023NL5400102,2023,W,126417,1,,1,,,1.56,,,0,39,,,
HL,I5034 ,2,NL,64T2 ,MRN2 ,,,,10093717,2023NL5400102,2023,W,126417,1,,1,,,1.56,,,0,41,,,
HL,I5034 ,2,NL,64T2 ,MRN2 ,,,,10093717,2023NL5400102,2023,W,126417,1,,1,,,1.56,,,0,42,,,
HL,I5034 ,2,NL,64T2 ,MRN2 ,,,,10093717,2023NL5400102,2023,W,126417,1,,1,,,1.56,,,0,43,,,
HL,I5034 ,2,NL,64T2 ,MRN2 ,,,,10093717,2023NL5400102,2023,W,126417,1,,1,,,1.56,,,0,45,,,
HL,I5034 ,2,NL,64T2 ,MRN2 ,,,,10093717,2023NL5400102,2023,W,126417,1,,1,,,1.56,,,0,46,,,
HL,I5034 ,2,NL,64T2 ,MRN2 ,,,,10093717,2023NL5400102,2023,W,126417,1,,1,,,1.56,,,0,47,,,
HL,I5034 ,2,NL,64T2 ,MRN2 ,,,,10093718,2023NL5400103,2023,W,126417,1,,1,,,1,,,0,29,,,
HL,I5034 ,2,NL,64T2 ,MRN2 ,,,,10093718,2023NL5400103,2023,W,126417,1,,1,,,1,,,0,32,,,
HL,I5034 ,2,NL,64T2 ,MRN2 ,,,,10093719,2023NL5400104,2023,W,126417,1,,1,,,1,,,0,35,,,
HL,I5034 ,2,NL,64T2 ,MRN2 ,,,,10093720,2023NL5400105,2023,W,126417,1,,1,,,1,,,0,28,,,
HL,I5034 ,2,NL,64T2 ,MRN2 ,,,,10093720,2023NL5400105,2023,W,126417,1,,1,,,1,,,0,48,,,
HL,I5034 ,2,NL,64T2 ,MRN2 ,,,,10093721,2023NL5400106,2023,W,126417,1,,1,,,2.02,,,0,30,,,
HL,I5034 ,2,NL,64T2 ,MRN2 ,,,,10093722,2023NL5400107,2023,W,126417,1,,1,,,1.72,,,0,31,,,
HL,I5034 ,2,NL,64T2 ,MRN2 ,,,,10093724,2023NL5400109,2023,W,126417,1,,1,,,1,,,0,15,,,
HL,I5034 ,2,NL,64T2 ,MRN2 ,,,,10093725,2023NL5400110,2023,W,126417,1,,2,,,1,,,0,,,,
HL,I5034 ,2,NL,64T2 ,MRN2 ,,,,10093726,2023NL5400111,2023,W,126417,1,,1,,,1,,,0,32,,,
HL,I5034 ,2,NL,64T2 ,MRN2 ,,,,10093726,2023NL5400111,2023,W,126417,1,,1,,,1,,,0,41,,,
HL,I5034 ,2,NL,64T2 ,MRN2 ,,,,10093727,2023NL5400112,2023,W,126417,1,,2,,,1.2,,,0,39,,,
HL,I5034 ,2,NL,64T2 ,MRN2 ,,,,10093727,2023NL5400112,2023,W,126417,1,,1,,,1.2,,,0,40,,,
HL,I5034 ,2,NL,64T2 ,MRN2 ,,,,10093727,2023NL5400112,2023,W,126417,1,,2,,,1.2,,,0,41,,,
HL,I5034 ,2,NL,64T2 ,MRN2 ,,,,10093727,2023NL5400112,2023,W,126417,1,,3,,,1.2,,,0,42,,,
HL,I5034 ,2,NL,64T2 ,MRN2 ,,,,10093727,2023NL5400112,2023,W,126417,1,,1,,,1.2,,,0,22,,,
HL,I5034 ,2,NL,64T2 ,MRN2 ,,,,10093727,2023NL5400112,2023,W,126417,1,,1,,,1.2,,,0,20,,,
HL,I5034 ,2,NL,64T2 ,MRN2 ,,,,10093728,2023NL5400113,2023,W,126417,1,,1,,,1.7,,,0,,,,
HL,I5034 ,2,NL,64T2 ,MRN2 ,,,,10093729,2023NL5400114,2023,W,126417,1,,1,,,1,,,0,41,,,
HL,I5034 ,2,NL ,64T2 ,MRN2 ,,,,10117867,2024NL5400047,2024,W,126417,1,,1,,,3.88,,,0,23,,,
HL,I5034 ,2,NL ,64T2 ,MRN2 ,,,,10117867,2024NL5400047,2024,W,126417,1,,1,,,3.88,,,0,24,,,
HL,I5034 ,2,NL ,64T2 ,MRN2 ,,,,10117867,2024NL5400047,2024,W,126417,1,,3,,,3.88,,,0,25,,,
HL,I5034 ,2,NL ,64T2 ,MRN2 ,,,,10117867,2024NL5400047,2024,W,126417,1,,5,,,3.88,,,0,26,,,
HL,I5034 ,2,NL ,64T2 ,MRN2 ,,,,10117867,2024NL5400047,2024,W,126417,1,,3,,,3.88,,,0,27,,,
HL,I5034 ,2,NL ,64T2 ,MRN2 ,,,,10117867,2024NL5400047,2024,W,126417,1,,4,,,3.88,,,0,28,,,
HL,I5034 ,2,NL ,64T2 ,MRN2 ,,,,10117867,2024NL5400047,2024,W,126417,1,,3,,,3.88,,,0,29,,,
HL,I5034 ,2,NL ,64T2 ,MRN2 ,,,,10117867,2024NL5400047,2024,W,126417,1,,5,,,3.88,,,0,30,,,
HL,I5034 ,2,NL ,64T2 ,MRN2 ,,,,10117867,2024NL5400047,2024,W,126417,1,,5,,,3.88,,,0,31,,,
HL,I5034 ,2,NL ,64T2 ,MRN2 ,,,,10117867,2024NL5400047,2024,W,126417,1,,4,,,3.88,,,0,32,,,
HL,I5034 ,2,NL ,64T2 ,MRN2 ,,,,10117867,2024NL5400047,2024,W,126417,1,,2,,,3.88,,,0,33,,,
HL,I5034 ,2,NL ,64T2 ,MRN2 ,,,,10117868,2024NL5400048,2024,W,126417,1,,1,,,1.28,,,0,25,,,
HL,I5034 ,2,NL ,64T2 ,MRN2 ,,,,10117868,2024NL5400048,2024,W,126417,1,,4,,,1.28,,,0,26,,,
HL,I5034 ,2,NL ,64T2 ,MRN2 ,,,,10117868,2024NL5400048,2024,W,126417,1,,3,,,1.28,,,0,27,,,
HL,I5034 ,2,NL ,64T2 ,MRN2 ,,,,10117868,2024NL5400048,2024,W,126417,1,,3,,,1.28,,,0,28,,,
HL,I5034 ,2,NL ,64T2 ,MRN2 ,,,,10117868,2024NL5400048,2024,W,126417,1,,5,,,1.28,,,0,29,,,
HL,I5034 ,2,NL ,64T2 ,MRN2 ,,,,10117868,2024NL5400048,2024,W,126417,1,,6,,,1.28,,,0,30,,,
HL,I5034 ,2,NL ,64T2 ,MRN2 ,,,,10117868,2024NL5400048,2024,W,126417,1,,6,,,1.28,,,0,31,,,
HL,I5034 ,2,NL ,64T2 ,MRN2 ,,,,10117870,2024NL5400050,2024,W,126417,1,,1,,,9,,,0,31,,,
HL,I5034 ,2,NL ,64T2 ,MRN2 ,,,,10117866,2024NL5400051,2024,W,126417,1,,1,,,5.705882353,,,0,26,,,
HL,I5034 ,2,NL ,64T2 ,MRN2 ,,,,10117866,2024NL5400051,2024,W,126417,1,,3,,,5.705882353,,,0,27,,,
HL,I5034 ,2,NL ,64T2 ,MRN2 ,,,,10117866,2024NL5400051,2024,W,126417,1,,6,,,5.705882353,,,0,28,,,
HL,I5034 ,2,NL ,64T2 ,MRN2 ,,,,10117866,2024NL5400051,2024,W,126417,1,,2,,,5.705882353,,,0,29,,,
HL,I5034 ,2,NL ,64T2 ,MRN2 ,,,,10117866,2024NL5400051,2024,W,126417,1,,7,,,5.705882353,,,0,30,,,
HL,I5034 ,2,NL ,64T2 ,MRN2 ,,,,10117866,2024NL5400051,2024,W,126417,1,,5,,,5.705882353,,,0,31,,,
HL,I5034 ,2,NL ,64T2 ,MRN2 ,,,,10117866,2024NL5400051,2024,W,126417,1,,2,,,5.705882353,,,0,32,,,
HL,I5034 ,2,NL ,64T2 ,MRN2 ,,,,10117866,2024NL5400051,2024,W,126417,1,,3,,,5.705882353,,,0,33,,,
HL,I5034 ,2,NL ,64T2 ,MRN2 ,,,,10117866,2024NL5400051,2024,W,126417,1,,1,,,5.705882353,,,0,36,,,
HL,I5034 ,2,NL ,64T2 ,MRN2 ,,,,10117872,2024NL5400052,2024,W,126417,1,,1,,,15.5,,,0,25,,,
HL,I5034 ,2,NL ,64T2 ,MRN2 ,,,,10117872,2024NL5400052,2024,W,126417,1,,1,,,15.5,,,0,27,,,
HL,I5034 ,2,NL ,64T2 ,MRN2 ,,,,10117872,2024NL5400052,2024,W,126417,1,,2,,,15.5,,,0,28,,,
HL,I5034 ,2,NL ,64T2 ,MRN2 ,,,,10117872,2024NL5400052,2024,W,126417,1,,2,,,15.5,,,0,29,,,
HL,I5034 ,2,NL ,64T2 ,MRN2 ,,,,10117872,2024NL5400052,2024,W,126417,1,,1,,,15.5,,,0,30,,,
HL,I5034 ,2,NL ,64T2 ,MRN2 ,,,,10117872,2024NL5400052,2024,W,126417,1,,7,,,15.5,,,0,31,,,
HL,I5034 ,2,NL ,64T2 ,MRN2 ,,,,10117872,2024NL5400052,2024,W,126417,1,,7,,,15.5,,,0,32,,,
HL,I5034 ,2,NL ,64T2 ,MRN2 ,,,,10117872,2024NL5400052,2024,W,126417,1,,4,,,15.5,,,0,33,,,
HL,I5034 ,2,NL ,64T2 ,MRN2 ,,,,10117872,2024NL5400052,2024,W,126417,1,,3,,,15.5,,,0,34,,,
HL,I5034 ,2,NL ,64T2 ,MRN2 ,,,,10117872,2024NL5400052,2024,W,126417,1,,1,,,15.5,,,0,35,,,
HL,I5034 ,2,NL ,64T2 ,MRN2 ,,,,10117872,2024NL5400052,2024,W,126417,1,,5,,,15.5,,,0,36,,,
HL,I5034 ,2,NL ,64T2 ,MRN2 ,,,,10117873,2024NL5400053,2024,W,126417,1,,2,,,14.58,,,0,28,,,
HL,I5034 ,2,NL ,64T2 ,MRN2 ,,,,10117873,2024NL5400053,2024,W,126417,1,,4,,,14.58,,,0,30,,,
HL,I5034 ,2,NL ,64T2 ,MRN2 ,,,,10117873,2024NL5400053,2024,W,126417,1,,3,,,14.58,,,0,31,,,
HL,I5034 ,2,NL ,64T2 ,MRN2 ,,,,10117873,2024NL5400053,2024,W,126417,1,,6,,,14.58,,,0,32,,,
HL,I5034 ,2,NL ,64T2 ,MRN2 ,,,,10117873,2024NL5400053,2024,W,126417,1,,9,,,14.58,,,0,33,,,
HL,I5034 ,2,NL ,64T2 ,MRN2 ,,,,10117873,2024NL5400053,2024,W,126417,1,,4,,,14.58,,,0,34,,,
HL,I5034 ,2,NL ,64T2 ,MRN2 ,,,,10117873,2024NL5400053,2024,W,126417,1,,6,,,14.58,,,0,35,,,
HL,I5034 ,2,NL ,64T2 ,MRN2 ,,,,10117873,2024NL5400053,2024,W,126417,1,,3,,,14.58,,,0,36,,,
HL,I5034 ,2,NL ,64T2 ,MRN2 ,,,,10117873,2024NL5400053,2024,W,126417,1,,1,,,14.58,,,0,37,,,
HL,I5034 ,2,NL ,64T2 ,MRN2 ,,,,10117874,2024NL5400054,2024,W,126417,1,,1,,,7.1,,,0,23,,,
HL,I5034 ,2,NL ,64T2 ,MRN2 ,,,,10117874,2024NL5400054,2024,W,126417,1,,1,,,7.1,,,0,25,,,
HL,I5034 ,2,NL ,64T2 ,MRN2 ,,,,10117874,2024NL5400054,2024,W,126417,1,,4,,,7.1,,,0,27,,,
HL,I5034 ,2,NL ,64T2 ,MRN2 ,,,,10117874,2024NL5400054,2024,W,126417,1,,1,,,7.1,,,0,28,,,
HL,I5034 ,2,NL ,64T2 ,MRN2 ,,,,10117874,2024NL5400054,2024,W,126417,1,,1,,,7.1,,,0,29,,,
HL,I5034 ,2,NL ,64T2 ,MRN2 ,,,,10117874,2024NL5400054,2024,W,126417,1,,3,,,7.1,,,0,30,,,
HL,I5034 ,2,NL ,64T2 ,MRN2 ,,,,10117874,2024NL5400054,2024,W,126417,1,,11,,,7.1,,,0,31,,,
HL,I5034 ,2,NL ,64T2 ,MRN2 ,,,,10117874,2024NL5400054,2024,W,126417,1,,4,,,7.1,,,0,32,,,
HL,I5034 ,2,NL ,64T2 ,MRN2 ,,,,10117874,2024NL5400054,2024,W,126417,1,,4,,,7.1,,,0,33,,,
HL,I5034 ,2,NL ,64T2 ,MRN2 ,,,,10117874,2024NL5400054,2024,W,126417,1,,2,,,7.1,,,0,34,,,
HL,I5034 ,2,NL ,64T2 ,MRN2 ,,,,10117874,2024NL5400054,2024,W,126417,1,,3,,,7.1,,,0,35,,,
HL,I5034 ,2,NL ,64T2 ,MRN2 ,,,,10117874,2024NL5400054,2024,W,126417,1,,6,,,7.1,,,0,36,,,
HL,I5034 ,2,NL ,64T2 ,MRN2 ,,,,10117874,2024NL5400054,2024,W,126417,1,,4,,,7.1,,,0,37,,,
HL,I5034 ,2,NL ,64T2 ,MRN2 ,,,,10117874,2024NL5400054,2024,W,126417,1,,2,,,7.1,,,0,38,,,
HL,I5034 ,2,NL ,64T2 ,MRN2 ,,,,10117875,2024NL5400055,2024,W,126417,1,,4,,,8.4,,,0,28,,,
HL,I5034 ,2,NL ,64T2 ,MRN2 ,,,,10117875,2024NL5400055,2024,W,126417,1,,1,,,8.4,,,0,29,,,
HL,I5034 ,2,NL ,64T2 ,MRN2 ,,,,10117875,2024NL5400055,2024,W,126417,1,,6,,,8.4,,,0,30,,,
HL,I5034 ,2,NL ,64T2 ,MRN2 ,,,,10117875,2024NL5400055,2024,W,126417,1,,5,,,8.4,,,0,31,,,
HL,I5034 ,2,NL ,64T2 ,MRN2 ,,,,10117875,2024NL5400055,2024,W,126417,1,,8,,,8.4,,,0,32,,,
HL,I5034 ,2,NL ,64T2 ,MRN2 ,,,,10117875,2024NL5400055,2024,W,126417,1,,6,,,8.4,,,0,33,,,
HL,I5034 ,2,NL ,64T2 ,MRN2 ,,,,10117875,2024NL5400055,2024,W,126417,1,,8,,,8.4,,,0,34,,,
HL,I5034 ,2,NL ,64T2 ,MRN2 ,,,,10117875,2024NL5400055,2024,W,126417,1,,6,,,8.4,,,0,35,,,
HL,I5034 ,2,NL ,64T2 ,MRN2 ,,,,10117875,2024NL5400055,2024,W,126417,1,,4,,,8.4,,,0,36,,,
HL,I5034 ,2,NL ,64T2 ,MRN2 ,,,,10117875,2024NL5400055,2024,W,126417,1,,1,,,8.4,,,0,37,,,
HL,I5034 ,2,NL ,64T2 ,MRN2 ,,,,10117875,2024NL5400055,2024,W,126417,1,,1,,,8.4,,,0,42,,,
HL,I5034 ,2,NL ,64T2 ,MRN2 ,,,,10117876,2024NL5400056,2024,W,126417,1,,1,,,1,,,0,29,,,
HL,I5034 ,2,NL ,64T2 ,MRN2 ,,,,10117876,2024NL5400056,2024,W,126417,1,,1,,,1,,,0,30,,,
HL,I5034 ,2,NL ,64T2 ,MRN2 ,,,,10117876,2024NL5400056,2024,W,126417,1,,1,,,1,,,0,32,,,
HL,I5034 ,2,NL ,64T2 ,MRN2 ,,,,10117876,2024NL5400056,2024,W,126417,1,,2,,,1,,,0,33,,,
HL,I5034 ,2,NL ,64T2 ,MRN2 ,,,,10117876,2024NL5400056,2024,W,126417,1,,2,,,1,,,0,34,,,
HL,I5034 ,2,NL ,64T2 ,MRN2 ,,,,10117876,2024NL5400056,2024,W,126417,1,,1,,,1,,,0,37,,,
HL,I5034 ,2,NL ,64T2 ,MRN2 ,,,,10117876,2024NL5400056,2024,W,126417,1,,1,,,1,,,0,38,,,
HL,I5034 ,2,NL ,64T2 ,MRN2 ,,,,10117876,2024NL5400056,2024,W,126417,1,,1,,,1,,,0,39,,,
HL,I5034 ,2,NL ,64T2 ,MRN2 ,,,,10117876,2024NL5400056,2024,W,126417,1,,1,,,1,,,0,40,,,
HL,I5034 ,2,NL ,64T2 ,MRN2 ,,,,10117877,2024NL5400057,2024,W,126417,1,,1,,,1,,,0,35,,,
HL,I5034 ,2,NL ,64T2 ,MRN2 ,,,,10117879,2024NL5400059,2024,W,126417,1,,1,,,1,,,0,33,,,
HL,I5034 ,2,NL ,64T2 ,MRN2 ,,,,10117879,2024NL5400059,2024,W,126417,1,,1,,,1,,,0,35,,,
HL,I5034 ,2,NL ,64T2 ,MRN2 ,,,,10117880,2024NL5400060,2024,W,126417,1,,1,,,1.403846154,,,0,32,,,
HL,I5034 ,2,NL ,64T2 ,MRN2 ,,,,10117880,2024NL5400060,2024,W,126417,1,,1,,,1.403846154,,,0,41,,,
HL,I5034 ,2,NL ,64T2 ,MRN2 ,,,,10117880,2024NL5400060,2024,W,126417,1,,1,,,1.403846154,,,0,40,,,
HL,I5034 ,2,NL ,64T2 ,MRN2 ,,,,10117881,2024NL5400061,2024,W,126417,1,,1,,,4.68,,,0,27,,,
HL,I5034 ,2,NL ,64T2 ,MRN2 ,,,,10117881,2024NL5400061,2024,W,126417,1,,1,,,4.68,,,0,29,,,
HL,I5034 ,2,NL ,64T2 ,MRN2 ,,,,10117881,2024NL5400061,2024,W,126417,1,,2,,,4.68,,,0,30,,,
HL,I5034 ,2,NL ,64T2 ,MRN2 ,,,,10117881,2024NL5400061,2024,W,126417,1,,4,,,4.68,,,0,31,,,
HL,I5034 ,2,NL ,64T2 ,MRN2 ,,,,10117881,2024NL5400061,2024,W,126417,1,,5,,,4.68,,,0,32,,,
HL,I5034 ,2,NL ,64T2 ,MRN2 ,,,,10117881,2024NL5400061,2024,W,126417,1,,4,,,4.68,,,0,33,,,
HL,I5034 ,2,NL ,64T2 ,MRN2 ,,,,10117881,2024NL5400061,2024,W,126417,1,,1,,,4.68,,,0,34,,,
HL,I5034 ,2,NL ,64T2 ,MRN2 ,,,,10117881,2024NL5400061,2024,W,126417,1,,1,,,4.68,,,0,36,,,
HL,I5034 ,2,NL ,64T2 ,MRN2 ,,,,10117882,2024NL5400062,2024,W,126417,1,,1,,,8,,,0,32,,,
HL,I5034 ,2,NL ,64T2 ,MRN2 ,,,,10117883,2024NL5400063,2024,W,126417,1,,1,,,2,,,0,32,,,
HL,I5034 ,2,NL ,64T2 ,MRN2 ,,,,10117885,2024NL5400065,2024,W,126417,1,,1,,,1,,,0,33,,,
HL,I5034 ,2,NL ,64T2 ,MRN2 ,,,,10117885,2024NL5400065,2024,W,126417,1,,1,,,1,,,0,34,,,
HL,I5034 ,2,NL ,64T2 ,MRN2 ,,,,10117885,2024NL5400065,2024,W,126417,1,,1,,,1,,,0,35,,,
HL,I5034 ,2,NL ,64T2 ,MRN2 ,,,,10117886,2024NL5400066,2024,W,126417,1,,2,,,4.134615385,,,0,31,,,
HL,I5034 ,2,NL ,64T2 ,MRN2 ,,,,10117891,2024NL5400071,2024,W,126417,1,,1,,,10,,,0,39,,,
HL,I5034 ,2,NL ,64T2 ,MRN2 ,,,,10117892,2024NL5400072,2024,W,126417,1,,1,,,8,,,0,30,,,
HL,I5034 ,2,NL ,64T2 ,MRN2 ,,,,10117892,2024NL5400072,2024,W,126417,1,,1,,,8,,,0,33,,,
HL,I5034 ,2,NL ,64T2 ,MRN2 ,,,,10117893,2024NL5400073,2024,W,126417,1,,4,,,15.86,,,0,33,,,
HL,I5034 ,2,NL ,64T2 ,MRN2 ,,,,10117893,2024NL5400073,2024,W,126417,1,,3,,,15.86,,,0,34,,,
HL,I5034 ,2,NL ,64T2 ,MRN2 ,,,,10117893,2024NL5400073,2024,W,126417,1,,2,,,15.86,,,0,35,,,
HL,I5034 ,2,NL ,64T2 ,MRN2 ,,,,10117893,2024NL5400073,2024,W,126417,1,,2,,,15.86,,,0,36,,,
HL,I5034 ,2,NL ,64T2 ,MRN2 ,,,,10117894,2024NL5400074,2024,W,126417,1,,1,,,1,,,0,29,,,
HL,I5034 ,2,NL ,64T2 ,MRN2 ,,,,10117894,2024NL5400074,2024,W,126417,1,,1,,,1,,,0,32,,,
HL,I5034 ,2,NL ,64T2 ,MRN2 ,,,,10117896,2024NL5400076,2024,W,126417,1,,1,,,1,,,0,34,,,
HL,I5034 ,2,NL ,64T2 ,MRN2 ,,,,10117896,2024NL5400076,2024,W,126417,1,,1,,,1,,,0,35,,,
HL,I5034 ,2,NL ,64T2 ,MRN2 ,,,,10117896,2024NL5400076,2024,W,126417,1,,3,,,1,,,0,37,,,
HL,I5034 ,2,NL ,64T2 ,MRN2 ,,,,10117897,2024NL5400081,2024,W,126417,1,,1,,,3,,,0,21,,,
HL,I5034 ,2,NL ,64T2 ,MRN2 ,,,,10117899,2024NL5400083,2024,W,126417,1,,1,,,3,,,0,34,,,
HL,I5034 ,2,NL ,64T2 ,MRN2 ,,,,10117900,2024NL5400084,2024,W,126417,1,,1,,,1,,,0,26,,,
HL,I5034 ,2,NL ,64T2 ,MRN2 ,,,,10117901,2024NL5400085,2024,W,126417,1,,1,,,9.32,,,0,27,,,
HL,I5034 ,2,NL ,64T2 ,MRN2 ,,,,10117901,2024NL5400085,2024,W,126417,1,,2,,,9.32,,,0,29,,,
HL,I5034 ,2,NL ,64T2 ,MRN2 ,,,,10117901,2024NL5400085,2024,W,126417,1,,13,,,9.32,,,0,30,,,
HL,I5034 ,2,NL ,64T2 ,MRN2 ,,,,10117901,2024NL5400085,2024,W,126417,1,,3,,,9.32,,,0,31,,,
HL,I5034 ,2,NL ,64T2 ,MRN2 ,,,,10117901,2024NL5400085,2024,W,126417,1,,5,,,9.32,,,0,32,,,
HL,I5034 ,2,NL ,64T2 ,MRN2 ,,,,10117901,2024NL5400085,2024,W,126417,1,,10,,,9.32,,,0,33,,,
HL,I5034 ,2,NL ,64T2 ,MRN2 ,,,,10117901,2024NL5400085,2024,W,126417,1,,5,,,9.32,,,0,34,,,
HL,I5034 ,2,NL ,64T2 ,MRN2 ,,,,10117901,2024NL5400085,2024,W,126417,1,,7,,,9.32,,,0,35,,,
HL,I5034 ,2,NL ,64T2 ,MRN2 ,,,,10117901,2024NL5400085,2024,W,126417,1,,2,,,9.32,,,0,36,,,
HL,I5034 ,2,NL ,64T2 ,MRN2 ,,,,10117902,2024NL5400086,2024,W,126417,1,,2,,,7.74,,,0,26,,,
HL,I5034 ,2,NL ,64T2 ,MRN2 ,,,,10117902,2024NL5400086,2024,W,126417,1,,2,,,7.74,,,0,27,,,
HL,I5034 ,2,NL ,64T2 ,MRN2 ,,,,10117902,2024NL5400086,2024,W,126417,1,,3,,,7.74,,,0,29,,,
HL,I5034 ,2,NL ,64T2 ,MRN2 ,,,,10117902,2024NL5400086,2024,W,126417,1,,2,,,7.74,,,0,30,,,
HL,I5034 ,2,NL ,64T2 ,MRN2 ,,,,10117902,2024NL5400086,2024,W,126417,1,,2,,,7.74,,,0,31,,,
HL,I5034 ,2,NL ,64T2 ,MRN2 ,,,,10117902,2024NL5400086,2024,W,126417,1,,2,,,7.74,,,0,32,,,
HL,I5034 ,2,NL ,64T2 ,MRN2 ,,,,10117902,2024NL5400086,2024,W,126417,1,,5,,,7.74,,,0,33,,,
HL,I5034 ,2,NL ,64T2 ,MRN2 ,,,,10117902,2024NL5400086,2024,W,126417,1,,2,,,7.74,,,0,34,,,
HL,I5034 ,2,NL ,64T2 ,MRN2 ,,,,10117902,2024NL5400086,2024,W,126417,1,,1,,,7.74,,,0,35,,,
HL,I5034 ,2,NL ,64T2 ,MRN2 ,,,,10117902,2024NL5400086,2024,W,126417,1,,2,,,7.74,,,0,36,,,
HL,I5034 ,2,NL ,64T2 ,MRN2 ,,,,10117902,2024NL5400086,2024,W,126417,1,,1,,,7.74,,,0,37,,,
HL,I5034 ,2,NL ,64T2 ,MRN2 ,,,,10117904,2024NL5400088,2024,W,126417,1,,1,,,2.491111111,,,0,35,,,
HL,I5034 ,2,NL ,64T2 ,MRN2 ,,,,10117904,2024NL5400088,2024,W,126417,1,,1,,,2.491111111,,,0,31,,,
HL,I5034 ,2,NL ,64T2 ,MRN2 ,,,,10117904,2024NL5400088,2024,W,126417,1,,1,,,2.491111111,,,0,34,,,
HL,I5034 ,2,NL ,64T2 ,MRN2 ,,,,10117904,2024NL5400088,2024,W,126417,1,,3,,,2.491111111,,,0,30,,,
HL,I5034 ,2,NL ,64T2 ,MRN2 ,,,,10117904,2024NL5400088,2024,W,126417,1,,1,,,2.491111111,,,0,19,,,
HL,I5034 ,2,NL ,64T2 ,MRN2 ,,,,10117904,2024NL5400088,2024,W,126417,1,,1,,,2.491111111,,,0,29,,,
HL,I5034 ,2,NL ,64T2 ,MRN2 ,,,,10117905,2024NL5400089,2024,W,126417,1,,1,,,2.666666667,,,0,22,,,
HL,I5034 ,2,NL ,64T2 ,MRN2 ,,,,10117905,2024NL5400089,2024,W,126417,1,,1,,,2.666666667,,,0,23,,,
HL,I5034 ,2,NL ,64T2 ,MRN2 ,,,,10117905,2024NL5400089,2024,W,126417,1,,1,,,2.666666667,,,0,26,,,
HL,I5034 ,2,NL ,64T2 ,MRN2 ,,,,10117906,2024NL5400090,2024,W,126417,1,,1,,,1.36,,,0,25,,,
HL,I5034 ,2,NL ,64T2 ,MRN2 ,,,,10117906,2024NL5400090,2024,W,126417,1,,1,,,1.36,,,0,28,,,
HL,I5034 ,2,NL ,64T2 ,MRN2 ,,,,10117906,2024NL5400090,2024,W,126417,1,,1,,,1.36,,,0,32,,,
HL,I5034 ,2,NL ,64T2 ,MRN2 ,,,,10117908,2024NL5400092,2024,W,126417,1,,1,,,7.62,,,0,24,,,
HL,I5034 ,2,NL ,64T2 ,MRN2 ,,,,10117908,2024NL5400092,2024,W,126417,1,,2,,,7.62,,,0,25,,,
HL,I5034 ,2,NL ,64T2 ,MRN2 ,,,,10117908,2024NL5400092,2024,W,126417,1,,2,,,7.62,,,0,26,,,
HL,I5034 ,2,NL ,64T2 ,MRN2 ,,,,10117908,2024NL5400092,2024,W,126417,1,,4,,,7.62,,,0,27,,,
HL,I5034 ,2,NL ,64T2 ,MRN2 ,,,,10117908,2024NL5400092,2024,W,126417,1,,2,,,7.62,,,0,28,,,
HL,I5034 ,2,NL ,64T2 ,MRN2 ,,,,10117908,2024NL5400092,2024,W,126417,1,,2,,,7.62,,,0,29,,,
HL,I5034 ,2,NL ,64T2 ,MRN2 ,,,,10117908,2024NL5400092,2024,W,126417,1,,5,,,7.62,,,0,30,,,
HL,I5034 ,2,NL ,64T2 ,MRN2 ,,,,10117908,2024NL5400092,2024,W,126417,1,,6,,,7.62,,,0,31,,,
HL,I5034 ,2,NL ,64T2 ,MRN2 ,,,,10117908,2024NL5400092,2024,W,126417,1,,5,,,7.62,,,0,32,,,
HL,I5034 ,2,NL ,64T2 ,MRN2 ,,,,10117908,2024NL5400092,2024,W,126417,1,,7,,,7.62,,,0,33,,,
HL,I5034 ,2,NL ,64T2 ,MRN2 ,,,,10117912,2024NL5400096,2024,W,126417,1,,1,,,6.293333333,,,0,22,,,
HL,I5034 ,2,NL ,64T2 ,MRN2 ,,,,10117912,2024NL5400096,2024,W,126417,1,,5,,,6.293333333,,,0,24,,,
HL,I5034 ,2,NL ,64T2 ,MRN2 ,,,,10117912,2024NL5400096,2024,W,126417,1,,8,,,6.293333333,,,0,25,,,
HL,I5034 ,2,NL ,64T2 ,MRN2 ,,,,10117912,2024NL5400096,2024,W,126417,1,,7,,,6.293333333,,,0,26,,,
HL,I5034 ,2,NL ,64T2 ,MRN2 ,,,,10117912,2024NL5400096,2024,W,126417,1,,2,,,6.293333333,,,0,27,,,
HL,I5034 ,2,NL ,64T2 ,MRN2 ,,,,10117912,2024NL5400096,2024,W,126417,1,,3,,,6.293333333,,,0,29,,,
HL,I5034 ,2,NL ,64T2 ,MRN2 ,,,,10117912,2024NL5400096,2024,W,126417,1,,3,,,6.293333333,,,0,30,,,
HL,I5034 ,2,NL ,64T2 ,MRN2 ,,,,10117912,2024NL5400096,2024,W,126417,1,,1,,,6.293333333,,,0,31,,,
HL,I5034 ,2,NL ,64T2 ,MRN2 ,,,,10117914,2024NL5400098,2024,W,126417,1,,5,,,4.341132076,,,0,32,,,
HL,I5034 ,2,NL ,64T2 ,MRN2 ,,,,10117914,2024NL5400098,2024,W,126417,1,,3,,,4.341132076,,,0,31,,,
HL,I5034 ,2,NL ,64T2 ,MRN2 ,,,,10117914,2024NL5400098,2024,W,126417,1,,6,,,4.341132076,,,0,33,,,
HL,I5034 ,2,NL ,64T2 ,MRN2 ,,,,10117914,2024NL5400098,2024,W,126417,1,,2,,,4.341132076,,,0,35,,,
HL,I5034 ,2,NL ,64T2 ,MRN2 ,,,,10117914,2024NL5400098,2024,W,126417,1,,4,,,4.341132076,,,0,34,,,
HL,I5034 ,2,NL ,64T2 ,MRN2 ,,,,10117914,2024NL5400098,2024,W,126417,1,,4,,,4.341132076,,,0,28,,,
HL,I5034 ,2,NL ,64T2 ,MRN2 ,,,,10117914,2024NL5400098,2024,W,126417,1,,2,,,4.341132076,,,0,29,,,
HL,I5034 ,2,NL ,64T2 ,MRN2 ,,,,10117914,2024NL5400098,2024,W,126417,1,,5,,,4.341132076,,,0,30,,,
HL,I5034 ,2,NL ,64T2 ,MRN2 ,,,,10117915,2024NL5400099,2024,W,126417,1,,1,,,2.1,,,0,27,,,
HL,I5034 ,2,NL ,64T2 ,MRN2 ,,,,10117915,2024NL5400099,2024,W,126417,1,,3,,,2.1,,,0,28,,,
HL,I5034 ,2,NL ,64T2 ,MRN2 ,,,,10117915,2024NL5400099,2024,W,126417,1,,2,,,2.1,,,0,29,,,
HL,I5034 ,2,NL ,64T2 ,MRN2 ,,,,10117915,2024NL5400099,2024,W,126417,1,,10,,,2.1,,,0,30,,,
HL,I5034 ,2,NL ,64T2 ,MRN2 ,,,,10117915,2024NL5400099,2024,W,126417,1,,7,,,2.1,,,0,31,,,
HL,I5034 ,2,NL ,64T2 ,MRN2 ,,,,10117915,2024NL5400099,2024,W,126417,1,,9,,,2.1,,,0,32,,,
HL,I5034 ,2,NL ,64T2 ,MRN2 ,,,,10117915,2024NL5400099,2024,W,126417,1,,2,,,2.1,,,0,33,,,
HL,I5034 ,2,NL ,64T2 ,MRN2 ,,,,10117918,2024NL5400102,2024,W,126417,1,,2,,,3.32,,,0,28,,,
HL,I5034 ,2,NL ,64T2 ,MRN2 ,,,,10117918,2024NL5400102,2024,W,126417,1,,2,,,3.32,,,0,29,,,
HL,I5034 ,2,NL ,64T2 ,MRN2 ,,,,10117918,2024NL5400102,2024,W,126417,1,,2,,,3.32,,,0,30,,,
HL,I5034 ,2,NL ,64T2 ,MRN2 ,,,,10117918,2024NL5400102,2024,W,126417,1,,1,,,3.32,,,0,31,,,
HL,I5034 ,2,NL ,64T2 ,MRN2 ,,,,10117918,2024NL5400102,2024,W,126417,1,,1,,,3.32,,,0,32,,,
HL,I5034 ,2,NL ,64T2 ,MRN2 ,,,,10117919,2024NL5400103,2024,W,126417,1,,1,,,4.72,,,0,26,,,
HL,I5034 ,2,NL ,64T2 ,MRN2 ,,,,10117919,2024NL5400103,2024,W,126417,1,,2,,,4.72,,,0,27,,,
HL,I5034 ,2,NL ,64T2 ,MRN2 ,,,,10117919,2024NL5400103,2024,W,126417,1,,4,,,4.72,,,0,28,,,
HL,I5034 ,2,NL ,64T2 ,MRN2 ,,,,10117919,2024NL5400103,2024,W,126417,1,,1,,,4.72,,,0,29,,,
HL,I5034 ,2,NL ,64T2 ,MRN2 ,,,,10117919,2024NL5400103,2024,W,126417,1,,3,,,4.72,,,0,30,,,
HL,I5034 ,2,NL ,64T2 ,MRN2 ,,,,10117919,2024NL5400103,2024,W,126417,1,,3,,,4.72,,,0,31,,,
HL,I5034 ,2,NL ,64T2 ,MRN2 ,,,,10117919,2024NL5400103,2024,W,126417,1,,2,,,4.72,,,0,32,,,
HL,I5034 ,2,NL ,64T2 ,MRN2 ,,,,10117919,2024NL5400103,2024,W,126417,1,,2,,,4.72,,,0,33,,,
HL,I5034 ,2,NL ,64T2 ,MRN2 ,,,,10117919,2024NL5400103,2024,W,126417,1,,1,,,4.72,,,0,34,,,
HL,I5034 ,2,NL ,64T2 ,MRN2 ,,,,10117919,2024NL5400103,2024,W,126417,1,,1,,,4.72,,,0,35,,,
HL,I5034 ,2,NL ,64T2 ,MRN2 ,,,,10117920,2024NL5400104,2024,W,126417,1,,1,,,3.48,,,0,27,,,
HL,I5034 ,2,NL ,64T2 ,MRN2 ,,,,10117920,2024NL5400104,2024,W,126417,1,,3,,,3.48,,,0,28,,,
HL,I5034 ,2,NL ,64T2 ,MRN2 ,,,,10117920,2024NL5400104,2024,W,126417,1,,5,,,3.48,,,0,30,,,
HL,I5034 ,2,NL ,64T2 ,MRN2 ,,,,10117920,2024NL5400104,2024,W,126417,1,,12,,,3.48,,,0,31,,,
HL,I5034 ,2,NL ,64T2 ,MRN2 ,,,,10117920,2024NL5400104,2024,W,126417,1,,1,,,3.48,,,0,32,,,
HL,I5034 ,2,NL ,64T2 ,MRN2 ,,,,10117920,2024NL5400104,2024,W,126417,1,,5,,,3.48,,,0,33,,,
HL,I5034 ,2,NL ,64T2 ,MRN2 ,,,,10117920,2024NL5400104,2024,W,126417,1,,5,,,3.48,,,0,34,,,
HL,I5034 ,2,NL ,64T2 ,MRN2 ,,,,10117920,2024NL5400104,2024,W,126417,1,,1,,,3.48,,,0,35,,,
HL,I5034 ,2,NL ,64T2 ,MRN2 ,,,,10117920,2024NL5400104,2024,W,126417,1,,1,,,3.48,,,0,37,,,
HL,I5034 ,2,NL ,64T2 ,MRN2 ,,,,10117920,2024NL5400104,2024,W,126417,1,,1,,,3.48,,,0,39,,,
HL,I5034 ,2,NL ,64T2 ,MRN2 ,,,,10117920,2024NL5400104,2024,W,126417,1,,4,,,3.48,,,0,41,,,
HL,I5034 ,2,NL ,64T2 ,MRN2 ,,,,10117920,2024NL5400104,2024,W,126417,1,,3,,,3.48,,,0,42,,,
HL,I5034 ,2,NL ,64T2 ,MRN2 ,,,,10117920,2024NL5400104,2024,W,126417,1,,1,,,3.48,,,0,44,,,
HL,I5034 ,2,NL ,64T2 ,MRN2 ,,,,10117871,2024NL5400105,2024,W,126417,1,,1,,,1.7,,,0,25,,,
HL,I5034 ,2,NL ,64T2 ,MRN2 ,,,,10117871,2024NL5400105,2024,W,126417,1,,2,,,1.7,,,0,27,,,
HL,I5034 ,2,NL ,64T2 ,MRN2 ,,,,10117871,2024NL5400105,2024,W,126417,1,,1,,,1.7,,,0,28,,,
HL,I5034 ,2,NL ,64T2 ,MRN2 ,,,,10117871,2024NL5400105,2024,W,126417,1,,1,,,1.7,,,0,29,,,
HL,I5034 ,2,NL ,64T2 ,MRN2 ,,,,10117871,2024NL5400105,2024,W,126417,1,,4,,,1.7,,,0,31,,,
HL,I5034 ,2,NL ,64T2 ,MRN2 ,,,,10117871,2024NL5400105,2024,W,126417,1,,7,,,1.7,,,0,32,,,
HL,I5034 ,2,NL ,64T2 ,MRN2 ,,,,10117871,2024NL5400105,2024,W,126417,1,,5,,,1.7,,,0,33,,,
HL,I5034 ,2,NL ,64T2 ,MRN2 ,,,,10117871,2024NL5400105,2024,W,126417,1,,6,,,1.7,,,0,34,,,
HL,I5034 ,2,NL ,64T2 ,MRN2 ,,,,10117871,2024NL5400105,2024,W,126417,1,,2,,,1.7,,,0,35,,,
HL,I5034 ,2,NL ,64T2 ,MRN2 ,,,,10117871,2024NL5400105,2024,W,126417,1,,2,,,1.7,,,0,36,,,
HL,I5034 ,2,NL ,64T2 ,MRN2 ,,,,10117871,2024NL5400105,2024,W,126417,1,,1,,,1.7,,,0,45,,,
HL,I5034 ,2,NL ,64T2 ,MRN2 ,,,,10117871,2024NL5400105,2024,W,126417,1,,1,,,1.7,,,0,46,,,
HL,I5034 ,2,NL ,64T2 ,MRN2 ,,,,10117871,2024NL5400105,2024,W,126417,1,,1,,,1.7,,,0,37,,,
HL,I5034 ,2,NL ,64T2 ,MRN2 ,,,,10155096,2025NL5400025,2025,W,126417,1,,1,,,6.58,,,0,27,,,
HL,I5034 ,2,NL ,64T2 ,MRN2 ,,,,10155096,2025NL5400025,2025,W,126417,1,,2,,,6.58,,,0,28,,,
HL,I5034 ,2,NL ,64T2 ,MRN2 ,,,,10155096,2025NL5400025,2025,W,126417,1,,2,,,6.58,,,0,29,,,
HL,I5034 ,2,NL ,64T2 ,MRN2 ,,,,10155096,2025NL5400025,2025,W,126417,1,,1,,,6.58,,,0,30,,,
HL,I5034 ,2,NL ,64T2 ,MRN2 ,,,,10155096,2025NL5400025,2025,W,126417,1,,1,,,6.58,,,0,31,,,
HL,I5034 ,2,NL ,64T2 ,MRN2 ,,,,10155096,2025NL5400025,2025,W,126417,1,,1,,,6.58,,,0,36,,,
HL,I5034 ,2,NL ,64T2 ,MRN2 ,,,,10155092,2025NL5400026,2025,W,126417,1,,2,,,5.74,,,0,29,,,
HL,I5034 ,2,NL ,64T2 ,MRN2 ,,,,10155092,2025NL5400026,2025,W,126417,1,,1,,,5.74,,,0,32,,,
HL,I5034 ,2,NL ,64T2 ,MRN2 ,,,,10155095,2025NL5400027,2025,W,126417,1,,2,,,4.54,,,0,25,,,
HL,I5034 ,2,NL ,64T2 ,MRN2 ,,,,10155095,2025NL5400027,2025,W,126417,1,,2,,,4.54,,,0,27,,,
HL,I5034 ,2,NL ,64T2 ,MRN2 ,,,,10155095,2025NL5400027,2025,W,126417,1,,2,,,4.54,,,0,29,,,
HL,I5034 ,2,NL ,64T2 ,MRN2 ,,,,10155095,2025NL5400027,2025,W,126417,1,,1,,,4.54,,,0,32,,,
HL,I5034 ,2,NL ,64T2 ,MRN2 ,,,,10155093,2025NL5400028,2025,W,126417,1,,2,,,6.62,,,0,24,,,
HL,I5034 ,2,NL ,64T2 ,MRN2 ,,,,10155093,2025NL5400028,2025,W,126417,1,,3,,,6.62,,,0,25,,,
HL,I5034 ,2,NL ,64T2 ,MRN2 ,,,,10155093,2025NL5400028,2025,W,126417,1,,5,,,6.62,,,0,26,,,
HL,I5034 ,2,NL ,64T2 ,MRN2 ,,,,10155093,2025NL5400028,2025,W,126417,1,,13,,,6.62,,,0,27,,,
HL,I5034 ,2,NL ,64T2 ,MRN2 ,,,,10155093,2025NL5400028,2025,W,126417,1,,9,,,6.62,,,0,28,,,
HL,I5034 ,2,NL ,64T2 ,MRN2 ,,,,10155093,2025NL5400028,2025,W,126417,1,,2,,,6.62,,,0,30,,,
HL,I5034 ,2,NL ,64T2 ,MRN2 ,,,,10155093,2025NL5400028,2025,W,126417,1,,1,,,6.62,,,0,34,,,
HL,I5034 ,2,NL ,64T2 ,MRN2 ,,,,10155094,2025NL5400029,2025,W,126417,1,,1,,,5.24,,,0,23,,,
HL,I5034 ,2,NL ,64T2 ,MRN2 ,,,,10155094,2025NL5400029,2025,W,126417,1,,1,,,5.24,,,0,25,,,
HL,I5034 ,2,NL ,64T2 ,MRN2 ,,,,10155094,2025NL5400029,2025,W,126417,1,,3,,,5.24,,,0,27,,,
HL,I5034 ,2,NL ,64T2 ,MRN2 ,,,,10155094,2025NL5400029,2025,W,126417,1,,11,,,5.24,,,0,28,,,
HL,I5034 ,2,NL ,64T2 ,MRN2 ,,,,10155094,2025NL5400029,2025,W,126417,1,,7,,,5.24,,,0,29,,,
HL,I5034 ,2,NL ,64T2 ,MRN2 ,,,,10155094,2025NL5400029,2025,W,126417,1,,5,,,5.24,,,0,30,,,
HL,I5034 ,2,NL ,64T2 ,MRN2 ,,,,10155094,2025NL5400029,2025,W,126417,1,,10,,,5.24,,,0,31,,,
HL,I5034 ,2,NL ,64T2 ,MRN2 ,,,,10155094,2025NL5400029,2025,W,126417,1,,2,,,5.24,,,0,32,,,
HL,I5034 ,2,NL ,64T2 ,MRN2 ,,,,10155094,2025NL5400029,2025,W,126417,1,,2,,,5.24,,,0,33,,,
HL,I5034 ,2,NL ,64T2 ,MRN2 ,,,,10155894,2025NL5400030,2025,W,126417,1,,1,,,1.078947368,,,0,26,,,
HL,I5034 ,2,NL ,64T2 ,MRN2 ,,,,10155894,2025NL5400030,2025,W,126417,1,,7,,,1.078947368,,,0,28,,,
HL,I5034 ,2,NL ,64T2 ,MRN2 ,,,,10155894,2025NL5400030,2025,W,126417,1,,7,,,1.078947368,,,0,29,,,
HL,I5034 ,2,NL ,64T2 ,MRN2 ,,,,10155894,2025NL5400030,2025,W,126417,1,,9,,,1.078947368,,,0,30,,,
HL,I5034 ,2,NL ,64T2 ,MRN2 ,,,,10155894,2025NL5400030,2025,W,126417,1,,4,,,1.078947368,,,0,31,,,
HL,I5034 ,2,NL ,64T2 ,MRN2 ,,,,10155894,2025NL5400030,2025,W,126417,1,,6,,,1.078947368,,,0,32,,,
HL,I5034 ,2,NL ,64T2 ,MRN2 ,,,,10155894,2025NL5400030,2025,W,126417,1,,2,,,1.078947368,,,0,33,,,
HL,I5034 ,2,NL ,64T2 ,MRN2 ,,,,10155894,2025NL5400030,2025,W,126417,1,,1,,,1.078947368,,,0,35,,,
HL,I5034 ,2,NL ,64T2 ,MRN2 ,,,,10155894,2025NL5400030,2025,W,126417,1,,1,,,1.078947368,,,0,36,,,
HL,I5034 ,2,NL ,64T2 ,MRN2 ,,,,10155128,2025NL5400031,2025,W,126417,1,,1,,,4.4,,,0,24,,,
HL,I5034 ,2,NL ,64T2 ,MRN2 ,,,,10155114,2025NL5400033,2025,W,126417,1,,1,,,5.62,,,0,24,,,
HL,I5034 ,2,NL ,64T2 ,MRN2 ,,,,10155114,2025NL5400033,2025,W,126417,1,,2,,,5.62,,,0,26,,,
HL,I5034 ,2,NL ,64T2 ,MRN2 ,,,,10155109,2025NL5400034,2025,W,126417,1,,1,,,5.78,,,0,27,,,
HL,I5034 ,2,NL ,64T2 ,MRN2 ,,,,10155109,2025NL5400034,2025,W,126417,1,,1,,,5.78,,,0,28,,,
HL,I5034 ,2,NL ,64T2 ,MRN2 ,,,,10155109,2025NL5400034,2025,W,126417,1,,2,,,5.78,,,0,30,,,
HL,I5034 ,2,NL ,64T2 ,MRN2 ,,,,10155109,2025NL5400034,2025,W,126417,1,,3,,,5.78,,,0,31,,,
HL,I5034 ,2,NL ,64T2 ,MRN2 ,,,,10155109,2025NL5400034,2025,W,126417,1,,4,,,5.78,,,0,32,,,
HL,I5034 ,2,NL ,64T2 ,MRN2 ,,,,10155109,2025NL5400034,2025,W,126417,1,,1,,,5.78,,,0,33,,,
HL,I5034 ,2,NL ,64T2 ,MRN2 ,,,,10155109,2025NL5400034,2025,W,126417,1,,1,,,5.78,,,0,36,,,
HL,I5034 ,2,NL ,64T2 ,MRN2 ,,,,10155153,2025NL5400035,2025,W,126417,1,,1,,,2.56,,,0,30,,,
HL,I5034 ,2,NL ,64T2 ,MRN2 ,,,,10155153,2025NL5400035,2025,W,126417,1,,1,,,2.56,,,0,31,,,
HL,I5034 ,2,NL ,64T2 ,MRN2 ,,,,10155153,2025NL5400035,2025,W,126417,1,,2,,,2.56,,,0,32,,,
HL,I5034 ,2,NL ,64T2 ,MRN2 ,,,,10155153,2025NL5400035,2025,W,126417,1,,1,,,2.56,,,0,33,,,
HL,I5034 ,2,NL ,64T2 ,MRN2 ,,,,10155153,2025NL5400035,2025,W,126417,1,,1,,,2.56,,,0,34,,,
HL,I5034 ,2,NL ,64T2 ,MRN2 ,,,,10155153,2025NL5400035,2025,W,126417,1,,2,,,2.56,,,0,35,,,
HL,I5034 ,2,NL ,64T2 ,MRN2 ,,,,10155153,2025NL5400035,2025,W,126417,1,,1,,,2.56,,,0,36,,,
HL,I5034 ,2,NL ,64T2 ,MRN2 ,,,,10155153,2025NL5400035,2025,W,126417,1,,1,,,2.56,,,0,45,,,
HL,I5034 ,2,NL ,64T2 ,MRN2 ,,,,10155134,2025NL5400036,2025,W,126417,1,,2,,,23.68,,,0,25,,,
HL,I5034 ,2,NL ,64T2 ,MRN2 ,,,,10155134,2025NL5400036,2025,W,126417,1,,1,,,23.68,,,0,26,,,
HL,I5034 ,2,NL ,64T2 ,MRN2 ,,,,10155134,2025NL5400036,2025,W,126417,1,,3,,,23.68,,,0,27,,,
HL,I5034 ,2,NL ,64T2 ,MRN2 ,,,,10155134,2025NL5400036,2025,W,126417,1,,2,,,23.68,,,0,29,,,
HL,I5034 ,2,NL ,64T2 ,MRN2 ,,,,10155134,2025NL5400036,2025,W,126417,1,,6,,,23.68,,,0,30,,,
HL,I5034 ,2,NL ,64T2 ,MRN2 ,,,,10155134,2025NL5400036,2025,W,126417,1,,7,,,23.68,,,0,31,,,
HL,I5034 ,2,NL ,64T2 ,MRN2 ,,,,10155134,2025NL5400036,2025,W,126417,1,,6,,,23.68,,,0,32,,,
HL,I5034 ,2,NL ,64T2 ,MRN2 ,,,,10155134,2025NL5400036,2025,W,126417,1,,2,,,23.68,,,0,33,,,
HL,I5034 ,2,NL ,64T2 ,MRN2 ,,,,10155134,2025NL5400036,2025,W,126417,1,,3,,,23.68,,,0,34,,,
HL,I5034 ,2,NL ,64T2 ,MRN2 ,,,,10155134,2025NL5400036,2025,W,126417,1,,2,,,23.68,,,0,35,,,
HL,I5034 ,2,NL ,64T2 ,MRN2 ,,,,10155134,2025NL5400036,2025,W,126417,1,,1,,,23.68,,,0,36,,,
HL,I5034 ,2,NL ,64T2 ,MRN2 ,,,,10155134,2025NL5400036,2025,W,126417,1,,1,,,23.68,,,0,37,,,
HL,I5034 ,2,NL ,64T2 ,MRN2 ,,,,10155134,2025NL5400036,2025,W,126417,1,,2,,,23.68,,,0,38,,,
HL,I5034 ,2,NL ,64T2 ,MRN2 ,,,,10155134,2025NL5400036,2025,W,126417,1,,1,,,23.68,,,0,39,,,
HL,I5034 ,2,NL ,64T2 ,MRN2 ,,,,10155134,2025NL5400036,2025,W,126417,1,,2,,,23.68,,,0,40,,,
HL,I5034 ,2,NL ,64T2 ,MRN2 ,,,,10155125,2025NL5400037,2025,W,126417,1,,1,,,2,,,0,32,,,
HL,I5034 ,2,NL ,64T2 ,MRN2 ,,,,10155140,2025NL5400038,2025,W,126417,1,,1,,,1,,,0,38,,,
HL,I5034 ,2,NL ,64T2 ,MRN2 ,,,,10155892,2025NL5400039,2025,W,126417,1,,2,,,3.4,,,0,34,,,
HL,I5034 ,2,NL ,64T2 ,MRN2 ,,,,10155892,2025NL5400039,2025,W,126417,1,,1,,,3.4,,,0,35,,,
HL,I5034 ,2,NL ,64T2 ,MRN2 ,,,,10155892,2025NL5400039,2025,W,126417,1,,1,,,3.4,,,0,37,,,
HL,I5034 ,2,NL ,64T2 ,MRN2 ,,,,10155116,2025NL5400040,2025,W,126417,1,,1,,,3.6,,,0,29,,,
HL,I5034 ,2,NL ,64T2 ,MRN2 ,,,,10155116,2025NL5400040,2025,W,126417,1,,1,,,3.6,,,0,30,,,
HL,I5034 ,2,NL ,64T2 ,MRN2 ,,,,10155116,2025NL5400040,2025,W,126417,1,,2,,,3.6,,,0,32,,,
HL,I5034 ,2,NL ,64T2 ,MRN2 ,,,,10155116,2025NL5400040,2025,W,126417,1,,1,,,3.6,,,0,33,,,
HL,I5034 ,2,NL ,64T2 ,MRN2 ,,,,10155116,2025NL5400040,2025,W,126417,1,,1,,,3.6,,,0,34,,,
HL,I5034 ,2,NL ,64T2 ,MRN2 ,,,,10155116,2025NL5400040,2025,W,126417,1,,2,,,3.6,,,0,36,,,
HL,I5034 ,2,NL ,64T2 ,MRN2 ,,,,10155893,2025NL5400041,2025,W,126417,1,,1,,,2.96,,,0,28,,,
HL,I5034 ,2,NL ,64T2 ,MRN2 ,,,,10155893,2025NL5400041,2025,W,126417,1,,4,,,2.96,,,0,30,,,
HL,I5034 ,2,NL ,64T2 ,MRN2 ,,,,10155893,2025NL5400041,2025,W,126417,1,,3,,,2.96,,,0,31,,,
HL,I5034 ,2,NL ,64T2 ,MRN2 ,,,,10155893,2025NL5400041,2025,W,126417,1,,1,,,2.96,,,0,32,,,
HL,I5034 ,2,NL ,64T2 ,MRN2 ,,,,10155893,2025NL5400041,2025,W,126417,1,,2,,,2.96,,,0,33,,,
HL,I5034 ,2,NL ,64T2 ,MRN2 ,,,,10155893,2025NL5400041,2025,W,126417,1,,2,,,2.96,,,0,34,,,
HL,I5034 ,2,NL ,64T2 ,MRN2 ,,,,10155893,2025NL5400041,2025,W,126417,1,,1,,,2.96,,,0,35,,,
HL,I5034 ,2,NL ,64T2 ,MRN2 ,,,,10155893,2025NL5400041,2025,W,126417,1,,1,,,2.96,,,0,36,,,
HL,I5034 ,2,NL ,64T2 ,MRN2 ,,,,10155893,2025NL5400041,2025,W,126417,1,,1,,,2.96,,,0,37,,,
HL,I5034 ,2,NL ,64T2 ,MRN2 ,,,,10155891,2025NL5400042,2025,W,126417,1,,1,,,3.32,,,0,28,,,
HL,I5034 ,2,NL ,64T2 ,MRN2 ,,,,10155891,2025NL5400042,2025,W,126417,1,,1,,,3.32,,,0,29,,,
HL,I5034 ,2,NL ,64T2 ,MRN2 ,,,,10155891,2025NL5400042,2025,W,126417,1,,2,,,3.32,,,0,30,,,
HL,I5034 ,2,NL ,64T2 ,MRN2 ,,,,10155891,2025NL5400042,2025,W,126417,1,,1,,,3.32,,,0,31,,,
HL,I5034 ,2,NL ,64T2 ,MRN2 ,,,,10155891,2025NL5400042,2025,W,126417,1,,2,,,3.32,,,0,32,,,
HL,I5034 ,2,NL ,64T2 ,MRN2 ,,,,10155891,2025NL5400042,2025,W,126417,1,,1,,,3.32,,,0,33,,,
HL,I5034 ,2,NL ,64T2 ,MRN2 ,,,,10155891,2025NL5400042,2025,W,126417,1,,4,,,3.32,,,0,34,,,
HL,I5034 ,2,NL ,64T2 ,MRN2 ,,,,10155891,2025NL5400042,2025,W,126417,1,,1,,,3.32,,,0,35,,,
HL,I5034 ,2,NL ,64T2 ,MRN2 ,,,,10155891,2025NL5400042,2025,W,126417,1,,1,,,3.32,,,0,39,,,
HL,I5034 ,2,NL ,64T2 ,MRN2 ,,,,10155115,2025NL5400043,2025,W,126417,1,,1,,,1.1,,,0,26,,,
HL,I5034 ,2,NL ,64T2 ,MRN2 ,,,,10155115,2025NL5400043,2025,W,126417,1,,3,,,1.1,,,0,30,,,
HL,I5034 ,2,NL ,64T2 ,MRN2 ,,,,10155115,2025NL5400043,2025,W,126417,1,,1,,,1.1,,,0,31,,,
HL,I5034 ,2,NL ,64T2 ,MRN2 ,,,,10155115,2025NL5400043,2025,W,126417,1,,2,,,1.1,,,0,32,,,
HL,I5034 ,2,NL ,64T2 ,MRN2 ,,,,10155115,2025NL5400043,2025,W,126417,1,,2,,,1.1,,,0,33,,,
HL,I5034 ,2,NL ,64T2 ,MRN2 ,,,,10155115,2025NL5400043,2025,W,126417,1,,1,,,1.1,,,0,34,,,
HL,I5034 ,2,NL ,64T2 ,MRN2 ,,,,10155142,2025NL5400044,2025,W,126417,1,,2,,,2.6,,,0,29,,,
HL,I5034 ,2,NL ,64T2 ,MRN2 ,,,,10155142,2025NL5400044,2025,W,126417,1,,3,,,2.6,,,0,30,,,
HL,I5034 ,2,NL ,64T2 ,MRN2 ,,,,10155142,2025NL5400044,2025,W,126417,1,,10,,,2.6,,,0,31,,,
HL,I5034 ,2,NL ,64T2 ,MRN2 ,,,,10155142,2025NL5400044,2025,W,126417,1,,7,,,2.6,,,0,32,,,
HL,I5034 ,2,NL ,64T2 ,MRN2 ,,,,10155142,2025NL5400044,2025,W,126417,1,,3,,,2.6,,,0,33,,,
HL,I5034 ,2,NL ,64T2 ,MRN2 ,,,,10155142,2025NL5400044,2025,W,126417,1,,2,,,2.6,,,0,34,,,
HL,I5034 ,2,NL ,64T2 ,MRN2 ,,,,10155142,2025NL5400044,2025,W,126417,1,,7,,,2.6,,,0,35,,,
HL,I5034 ,2,NL ,64T2 ,MRN2 ,,,,10155142,2025NL5400044,2025,W,126417,1,,6,,,2.6,,,0,36,,,
HL,I5034 ,2,NL ,64T2 ,MRN2 ,,,,10155142,2025NL5400044,2025,W,126417,1,,3,,,2.6,,,0,37,,,
HL,I5034 ,2,NL ,64T2 ,MRN2 ,,,,10155108,2025NL5400045,2025,W,126417,1,,3,,,5.78,,,0,30,,,
HL,I5034 ,2,NL ,64T2 ,MRN2 ,,,,10155108,2025NL5400045,2025,W,126417,1,,3,,,5.78,,,0,31,,,
HL,I5034 ,2,NL ,64T2 ,MRN2 ,,,,10155108,2025NL5400045,2025,W,126417,1,,2,,,5.78,,,0,32,,,
HL,I5034 ,2,NL ,64T2 ,MRN2 ,,,,10155108,2025NL5400045,2025,W,126417,1,,5,,,5.78,,,0,33,,,
HL,I5034 ,2,NL ,64T2 ,MRN2 ,,,,10155108,2025NL5400045,2025,W,126417,1,,11,,,5.78,,,0,34,,,
HL,I5034 ,2,NL ,64T2 ,MRN2 ,,,,10155108,2025NL5400045,2025,W,126417,1,,13,,,5.78,,,0,35,,,
HL,I5034 ,2,NL ,64T2 ,MRN2 ,,,,10155108,2025NL5400045,2025,W,126417,1,,7,,,5.78,,,0,36,,,
HL,I5034 ,2,NL ,64T2 ,MRN2 ,,,,10155108,2025NL5400045,2025,W,126417,1,,2,,,5.78,,,0,37,,,
HL,I5034 ,2,NL ,64T2 ,MRN2 ,,,,10155108,2025NL5400045,2025,W,126417,1,,1,,,5.78,,,0,38,,,
HL,I5034 ,2,NL ,64T2 ,MRN2 ,,,,10155108,2025NL5400045,2025,W,126417,1,,1,,,5.78,,,0,39,,,
HL,I5034 ,2,NL ,64T2 ,MRN2 ,,,,10155122,2025NL5400046,2025,W,126417,1,,1,,,2.7,,,0,26,,,
HL,I5034 ,2,NL ,64T2 ,MRN2 ,,,,10155122,2025NL5400046,2025,W,126417,1,,2,,,2.7,,,0,27,,,
HL,I5034 ,2,NL ,64T2 ,MRN2 ,,,,10155122,2025NL5400046,2025,W,126417,1,,2,,,2.7,,,0,28,,,
HL,I5034 ,2,NL ,64T2 ,MRN2 ,,,,10155122,2025NL5400046,2025,W,126417,1,,3,,,2.7,,,0,29,,,
HL,I5034 ,2,NL ,64T2 ,MRN2 ,,,,10155122,2025NL5400046,2025,W,126417,1,,13,,,2.7,,,0,30,,,
HL,I5034 ,2,NL ,64T2 ,MRN2 ,,,,10155122,2025NL5400046,2025,W,126417,1,,6,,,2.7,,,0,31,,,
HL,I5034 ,2,NL ,64T2 ,MRN2 ,,,,10155122,2025NL5400046,2025,W,126417,1,,8,,,2.7,,,0,32,,,
HL,I5034 ,2,NL ,64T2 ,MRN2 ,,,,10155122,2025NL5400046,2025,W,126417,1,,7,,,2.7,,,0,33,,,
HL,I5034 ,2,NL ,64T2 ,MRN2 ,,,,10155122,2025NL5400046,2025,W,126417,1,,2,,,2.7,,,0,34,,,
HL,I5034 ,2,NL ,64T2 ,MRN2 ,,,,10155122,2025NL5400046,2025,W,126417,1,,1,,,2.7,,,0,35,,,
HL,I5034 ,2,NL ,64T2 ,MRN2 ,,,,10155888,2025NL5400047,2025,W,126417,1,,1,,,2.14,,,0,25,,,
HL,I5034 ,2,NL ,64T2 ,MRN2 ,,,,10155888,2025NL5400047,2025,W,126417,1,,2,,,2.14,,,0,26,,,
HL,I5034 ,2,NL ,64T2 ,MRN2 ,,,,10155888,2025NL5400047,2025,W,126417,1,,4,,,2.14,,,0,27,,,
HL,I5034 ,2,NL ,64T2 ,MRN2 ,,,,10155888,2025NL5400047,2025,W,126417,1,,3,,,2.14,,,0,28,,,
HL,I5034 ,2,NL ,64T2 ,MRN2 ,,,,10155888,2025NL5400047,2025,W,126417,1,,4,,,2.14,,,0,29,,,
HL,I5034 ,2,NL ,64T2 ,MRN2 ,,,,10155888,2025NL5400047,2025,W,126417,1,,9,,,2.14,,,0,30,,,
HL,I5034 ,2,NL ,64T2 ,MRN2 ,,,,10155888,2025NL5400047,2025,W,126417,1,,4,,,2.14,,,0,31,,,
HL,I5034 ,2,NL ,64T2 ,MRN2 ,,,,10155888,2025NL5400047,2025,W,126417,1,,5,,,2.14,,,0,32,,,
HL,I5034 ,2,NL ,64T2 ,MRN2 ,,,,10155888,2025NL5400047,2025,W,126417,1,,1,,,2.14,,,0,33,,,
HL,I5034 ,2,NL ,64T2 ,MRN2 ,,,,10155888,2025NL5400047,2025,W,126417,1,,5,,,2.14,,,0,34,,,
HL,I5034 ,2,NL ,64T2 ,MRN2 ,,,,10155888,2025NL5400047,2025,W,126417,1,,4,,,2.14,,,0,35,,,
HL,I5034 ,2,NL ,64T2 ,MRN2 ,,,,10155888,2025NL5400047,2025,W,126417,1,,1,,,2.14,,,0,37,,,
HL,I5034 ,2,NL ,64T2 ,MRN2 ,,,,10155888,2025NL5400047,2025,W,126417,1,,1,,,2.14,,,0,38,,,
HL,I5034 ,2,NL ,64T2 ,MRN2 ,,,,10155888,2025NL5400047,2025,W,126417,1,,1,,,2.14,,,0,39,,,
HL,I5034 ,2,NL ,64T2 ,MRN2 ,,,,10155888,2025NL5400047,2025,W,126417,1,,1,,,2.14,,,0,45,,,
HL,I5034 ,2,NL ,64T2 ,MRN2 ,,,,10155888,2025NL5400047,2025,W,126417,1,,1,,,2.14,,,0,40,,,
HL,I5034 ,2,NL ,64T2 ,MRN2 ,,,,10155148,2025NL5400048,2025,W,126417,1,,1,,,7.04,,,0,25,,,
HL,I5034 ,2,NL ,64T2 ,MRN2 ,,,,10155148,2025NL5400048,2025,W,126417,1,,2,,,7.04,,,0,26,,,
HL,I5034 ,2,NL ,64T2 ,MRN2 ,,,,10155148,2025NL5400048,2025,W,126417,1,,3,,,7.04,,,0,27,,,
HL,I5034 ,2,NL ,64T2 ,MRN2 ,,,,10155148,2025NL5400048,2025,W,126417,1,,4,,,7.04,,,0,28,,,
HL,I5034 ,2,NL ,64T2 ,MRN2 ,,,,10155148,2025NL5400048,2025,W,126417,1,,6,,,7.04,,,0,29,,,
HL,I5034 ,2,NL ,64T2 ,MRN2 ,,,,10155148,2025NL5400048,2025,W,126417,1,,10,,,7.04,,,0,30,,,
HL,I5034 ,2,NL ,64T2 ,MRN2 ,,,,10155148,2025NL5400048,2025,W,126417,1,,9,,,7.04,,,0,31,,,
HL,I5034 ,2,NL ,64T2 ,MRN2 ,,,,10155148,2025NL5400048,2025,W,126417,1,,2,,,7.04,,,0,33,,,
HL,I5034 ,2,NL ,64T2 ,MRN2 ,,,,10155148,2025NL5400048,2025,W,126417,1,,4,,,7.04,,,0,34,,,
HL,I5034 ,2,NL ,64T2 ,MRN2 ,,,,10155148,2025NL5400048,2025,W,126417,1,,2,,,7.04,,,0,35,,,
HL,I5034 ,2,NL ,64T2 ,MRN2 ,,,,10155148,2025NL5400048,2025,W,126417,1,,1,,,7.04,,,0,36,,,
HL,I5034 ,2,NL ,64T2 ,MRN2 ,,,,10155148,2025NL5400048,2025,W,126417,1,,1,,,7.04,,,0,38,,,
HL,I5034 ,2,NL ,64T2 ,MRN2 ,,,,10155148,2025NL5400048,2025,W,126417,1,,2,,,7.04,,,0,40,,,
HL,I5034 ,2,NL ,64T2 ,MRN2 ,,,,10155141,2025NL5400049,2025,W,126417,1,,3,,,1.137254902,,,0,27,,,
HL,I5034 ,2,NL ,64T2 ,MRN2 ,,,,10155141,2025NL5400049,2025,W,126417,1,,2,,,1.137254902,,,0,28,,,
HL,I5034 ,2,NL ,64T2 ,MRN2 ,,,,10155141,2025NL5400049,2025,W,126417,1,,5,,,1.137254902,,,0,29,,,
HL,I5034 ,2,NL ,64T2 ,MRN2 ,,,,10155141,2025NL5400049,2025,W,126417,1,,6,,,1.137254902,,,0,30,,,
HL,I5034 ,2,NL ,64T2 ,MRN2 ,,,,10155141,2025NL5400049,2025,W,126417,1,,8,,,1.137254902,,,0,31,,,
HL,I5034 ,2,NL ,64T2 ,MRN2 ,,,,10155141,2025NL5400049,2025,W,126417,1,,7,,,1.137254902,,,0,32,,,
HL,I5034 ,2,NL ,64T2 ,MRN2 ,,,,10155141,2025NL5400049,2025,W,126417,1,,3,,,1.137254902,,,0,33,,,
HL,I5034 ,2,NL ,64T2 ,MRN2 ,,,,10155141,2025NL5400049,2025,W,126417,1,,7,,,1.137254902,,,0,34,,,
HL,I5034 ,2,NL ,64T2 ,MRN2 ,,,,10155141,2025NL5400049,2025,W,126417,1,,3,,,1.137254902,,,0,35,,,
HL,I5034 ,2,NL ,64T2 ,MRN2 ,,,,10155141,2025NL5400049,2025,W,126417,1,,1,,,1.137254902,,,0,40,,,
HL,I5034 ,2,NL ,64T2 ,MRN2 ,,,,10155141,2025NL5400049,2025,W,126417,1,,1,,,1.137254902,,,0,41,,,
HL,I5034 ,2,NL ,64T2 ,MRN2 ,,,,10155141,2025NL5400049,2025,W,126417,1,,1,,,1.137254902,,,0,42,,,
HL,I5034 ,2,NL ,64T2 ,MRN2 ,,,,10155135,2025NL5400050,2025,W,126417,1,,1,,,1,,,0,13,,,
HL,I5034 ,2,NL ,64T2 ,MRN2 ,,,,10155135,2025NL5400050,2025,W,126417,1,,2,,,1,,,0,26,,,
HL,I5034 ,2,NL ,64T2 ,MRN2 ,,,,10155135,2025NL5400050,2025,W,126417,1,,2,,,1,,,0,29,,,
HL,I5034 ,2,NL ,64T2 ,MRN2 ,,,,10155135,2025NL5400050,2025,W,126417,1,,3,,,1,,,0,30,,,
HL,I5034 ,2,NL ,64T2 ,MRN2 ,,,,10155135,2025NL5400050,2025,W,126417,1,,2,,,1,,,0,31,,,
HL,I5034 ,2,NL ,64T2 ,MRN2 ,,,,10155135,2025NL5400050,2025,W,126417,1,,2,,,1,,,0,32,,,
HL,I5034 ,2,NL ,64T2 ,MRN2 ,,,,10155135,2025NL5400050,2025,W,126417,1,,3,,,1,,,0,33,,,
HL,I5034 ,2,NL ,64T2 ,MRN2 ,,,,10155135,2025NL5400050,2025,W,126417,1,,1,,,1,,,0,34,,,
HL,I5034 ,2,NL ,64T2 ,MRN2 ,,,,10155135,2025NL5400050,2025,W,126417,1,,1,,,1,,,0,45,,,
HL,I5034 ,2,NL ,64T2 ,MRN2 ,,,,10155130,2025NL5400051,2025,W,126417,1,,2,,,1.333333333,,,0,31,,,
HL,I5034 ,2,NL ,64T2 ,MRN2 ,,,,10155130,2025NL5400051,2025,W,126417,1,,2,,,1.333333333,,,0,33,,,
HL,I5034 ,2,NL ,64T2 ,MRN2 ,,,,10155130,2025NL5400051,2025,W,126417,1,,1,,,1.333333333,,,0,34,,,
HL,I5034 ,2,NL ,64T2 ,MRN2 ,,,,10155130,2025NL5400051,2025,W,126417,1,,1,,,1.333333333,,,0,35,,,
HL,I5034 ,2,NL ,64T2 ,MRN2 ,,,,10155127,2025NL5400052,2025,W,126417,1,,1,,,1.055555556,,,0,14,,,
HL,I5034 ,2,NL ,64T2 ,MRN2 ,,,,10155127,2025NL5400052,2025,W,126417,1,,1,,,1.055555556,,,0,18,,,
HL,I5034 ,2,NL ,64T2 ,MRN2 ,,,,10155127,2025NL5400052,2025,W,126417,1,,1,,,1.055555556,,,0,19,,,
HL,I5034 ,2,NL ,64T2 ,MRN2 ,,,,10155127,2025NL5400052,2025,W,126417,1,,1,,,1.055555556,,,0,26,,,
HL,I5034 ,2,NL ,64T2 ,MRN2 ,,,,10155127,2025NL5400052,2025,W,126417,1,,1,,,1.055555556,,,0,28,,,
HL,I5034 ,2,NL ,64T2 ,MRN2 ,,,,10155127,2025NL5400052,2025,W,126417,1,,1,,,1.055555556,,,0,29,,,
HL,I5034 ,2,NL ,64T2 ,MRN2 ,,,,10155127,2025NL5400052,2025,W,126417,1,,3,,,1.055555556,,,0,30,,,
HL,I5034 ,2,NL ,64T2 ,MRN2 ,,,,10155127,2025NL5400052,2025,W,126417,1,,1,,,1.055555556,,,0,31,,,
HL,I5034 ,2,NL ,64T2 ,MRN2 ,,,,10155127,2025NL5400052,2025,W,126417,1,,3,,,1.055555556,,,0,32,,,
HL,I5034 ,2,NL ,64T2 ,MRN2 ,,,,10155127,2025NL5400052,2025,W,126417,1,,6,,,1.055555556,,,0,33,,,
HL,I5034 ,2,NL ,64T2 ,MRN2 ,,,,10155127,2025NL5400052,2025,W,126417,1,,10,,,1.055555556,,,0,34,,,
HL,I5034 ,2,NL ,64T2 ,MRN2 ,,,,10155127,2025NL5400052,2025,W,126417,1,,5,,,1.055555556,,,0,35,,,
HL,I5034 ,2,NL ,64T2 ,MRN2 ,,,,10155127,2025NL5400052,2025,W,126417,1,,1,,,1.055555556,,,0,38,,,
HL,I5034 ,2,NL ,64T2 ,MRN2 ,,,,10155137,2025NL5400053,2025,W,126417,1,,1,,,1,,,0,19,,,
HL,I5034 ,2,NL ,64T2 ,MRN2 ,,,,10155137,2025NL5400053,2025,W,126417,1,,1,,,1,,,0,26,,,
HL,I5034 ,2,NL ,64T2 ,MRN2 ,,,,10155137,2025NL5400053,2025,W,126417,1,,1,,,1,,,0,28,,,
HL,I5034 ,2,NL ,64T2 ,MRN2 ,,,,10155137,2025NL5400053,2025,W,126417,1,,2,,,1,,,0,30,,,
HL,I5034 ,2,NL ,64T2 ,MRN2 ,,,,10155137,2025NL5400053,2025,W,126417,1,,1,,,1,,,0,31,,,
HL,I5034 ,2,NL ,64T2 ,MRN2 ,,,,10155137,2025NL5400053,2025,W,126417,1,,2,,,1,,,0,33,,,
HL,I5034 ,2,NL ,64T2 ,MRN2 ,,,,10155137,2025NL5400053,2025,W,126417,1,,1,,,1,,,0,34,,,
HL,I5034 ,2,NL ,64T2 ,MRN2 ,,,,10155118,2025NL5400055,2025,W,126417,1,,1,,,1,,,0,32,,,
HL,I5034 ,2,NL ,64T2 ,MRN2 ,,,,10155099,2025NL5400056,2025,W,126417,1,,2,,,1,,,0,33,,,
HL,I5034 ,2,NL ,64T2 ,MRN2 ,,,,10155099,2025NL5400056,2025,W,126417,1,,3,,,1,,,0,34,,,
HL,I5034 ,2,NL ,64T2 ,MRN2 ,,,,10155099,2025NL5400056,2025,W,126417,1,,1,,,1,,,0,35,,,
HL,I5034 ,2,NL ,64T2 ,MRN2 ,,,,10155099,2025NL5400056,2025,W,126417,1,,1,,,1,,,0,36,,,
HL,I5034 ,2,NL ,64T2 ,MRN2 ,,,,10155099,2025NL5400056,2025,W,126417,1,,1,,,1,,,0,40,,,
HL,I5034 ,2,NL ,64T2 ,MRN2 ,,,,10155099,2025NL5400056,2025,W,126417,1,,1,,,1,,,0,32,,,
HL,I5034 ,2,NL ,64T2 ,MRN2 ,,,,10155104,2025NL5400061,2025,W,126417,1,,1,,,1,,,0,31,,,
HL,I5034 ,2,NL ,64T2 ,MRN2 ,,,,10155104,2025NL5400061,2025,W,126417,1,,1,,,1,,,0,32,,,
HL,I5034 ,2,NL ,64T2 ,MRN2 ,,,,10155104,2025NL5400061,2025,W,126417,1,,1,,,1,,,0,33,,,
HL,I5034 ,2,NL ,64T2 ,MRN2 ,,,,10155104,2025NL5400061,2025,W,126417,1,,1,,,1,,,0,37,,,
HL,I5034 ,2,NL ,64T2 ,MRN2 ,,,,10155102,2025NL5400066,2025,W,126417,1,,1,,,1,,,0,20,,,
HL,I5034 ,2,NL ,64T2 ,MRN2 ,,,,10155102,2025NL5400066,2025,W,126417,1,,1,,,1,,,0,40,,,
HL,I5034 ,2,NL ,64T2 ,MRN2 ,,,,10155112,2025NL5400069,2025,W,126417,1,,1,,,1,,,0,42,,,
HL,I5034 ,2,NL ,64T2 ,MRN2 ,,,,10155106,2025NL5400070,2025,W,126417,1,,1,,,1,,,0,38,,,
HL,I5034 ,2,NL ,64T2 ,MRN2 ,,,,10155106,2025NL5400070,2025,W,126417,1,,1,,,1,,,0,40,,,
HL,I5034 ,2,NL ,64T2 ,MRN2 ,,,,10155106,2025NL5400070,2025,W,126417,1,,1,,,1,,,0,41,,,
HL,I5034 ,2,NL ,64T2 ,MRN2 ,,,,10155126,2025NL5400074,2025,W,126417,1,,1,,,1,,,0,35,,,
HL,I5034 ,2,NL ,64T2 ,MRN2 ,,,,10155890,2025NL5400079,2025,W,126417,1,,1,,,2,,,0,23,,,
HL,I5034 ,2,NL ,64T2 ,MRN2 ,,,,10155890,2025NL5400079,2025,W,126417,1,,1,,,2,,,0,28,,,
HL,I5034 ,2,NL ,64T2 ,MRN2 ,,,,10155100,2025NL5400083,2025,W,126417,1,,1,,,1.333333333,,,0,29,,,
HL,I5034 ,2,NL ,64T2 ,MRN2 ,,,,10155100,2025NL5400083,2025,W,126417,1,,1,,,1.333333333,,,0,30,,,
HL,I5034 ,2,NL ,64T2 ,MRN2 ,,,,10155100,2025NL5400083,2025,W,126417,1,,1,,,1.333333333,,,0,33,,,
HL,I5034 ,2,NL ,64T2 ,MRN2 ,,,,10155136,2025NL5400085,2025,W,126417,1,,2,,,1.040816327,,,0,25,,,
HL,I5034 ,2,NL ,64T2 ,MRN2 ,,,,10155136,2025NL5400085,2025,W,126417,1,,2,,,1.040816327,,,0,26,,,
HL,I5034 ,2,NL ,64T2 ,MRN2 ,,,,10155136,2025NL5400085,2025,W,126417,1,,3,,,1.040816327,,,0,27,,,
HL,I5034 ,2,NL ,64T2 ,MRN2 ,,,,10155136,2025NL5400085,2025,W,126417,1,,4,,,1.040816327,,,0,28,,,
HL,I5034 ,2,NL ,64T2 ,MRN2 ,,,,10155136,2025NL5400085,2025,W,126417,1,,6,,,1.040816327,,,0,29,,,
HL,I5034 ,2,NL ,64T2 ,MRN2 ,,,,10155136,2025NL5400085,2025,W,126417,1,,3,,,1.040816327,,,0,30,,,
HL,I5034 ,2,NL ,64T2 ,MRN2 ,,,,10155136,2025NL5400085,2025,W,126417,1,,3,,,1.040816327,,,0,31,,,
HL,I5034 ,2,NL ,64T2 ,MRN2 ,,,,10155136,2025NL5400085,2025,W,126417,1,,1,,,1.040816327,,,0,32,,,
HL,I5034 ,2,NL ,64T2 ,MRN2 ,,,,10155136,2025NL5400085,2025,W,126417,1,,1,,,1.040816327,,,0,33,,,
HL,I5034 ,2,NL ,64T2 ,MRN2 ,,,,10155124,2025NL5400086,2025,W,126417,1,,1,,,1,,,0,30,,,
HL,I5034 ,2,NL ,64T2 ,MRN2 ,,,,10155124,2025NL5400086,2025,W,126417,1,,2,,,1,,,0,31,,,
HL,I5034 ,2,NL ,64T2 ,MRN2 ,,,,10155124,2025NL5400086,2025,W,126417,1,,3,,,1,,,0,32,,,
HL,I5034 ,2,NL ,64T2 ,MRN2 ,,,,10155124,2025NL5400086,2025,W,126417,1,,1,,,1,,,0,34,,,
HL,I5034 ,2,NL ,64T2 ,MRN2 ,,,,10155124,2025NL5400086,2025,W,126417,1,,4,,,3.14,,,0,29,,,
HL,I5034 ,2,NL ,64T2 ,MRN2 ,,,,10155124,2025NL5400086,2025,W,126417,1,,8,,,3.14,,,0,33,,,
HL,I5034 ,2,NL ,64T2 ,MRN2 ,,,,10155124,2025NL5400086,2025,W,126417,1,,3,,,3.14,,,0,35,,,
HL,I5034 ,2,NL ,64T2 ,MRN2 ,,,,10155124,2025NL5400086,2025,W,126417,1,,2,,,3.14,,,0,36,,,
HL,I5034 ,2,NL ,64T2 ,MRN2 ,,,,10155124,2025NL5400086,2025,W,126417,1,,1,,,3.14,,,0,38,,,
HL,I5034 ,2,NL ,64T2 ,MRN2 ,,,,10155111,2025NL5400087,2025,W,126417,1,,2,,,11.88,,,0,27,,,
HL,I5034 ,2,NL ,64T2 ,MRN2 ,,,,10155111,2025NL5400087,2025,W,126417,1,,9,,,11.88,,,0,28,,,
HL,I5034 ,2,NL ,64T2 ,MRN2 ,,,,10155111,2025NL5400087,2025,W,126417,1,,6,,,11.88,,,0,29,,,
HL,I5034 ,2,NL ,64T2 ,MRN2 ,,,,10155111,2025NL5400087,2025,W,126417,1,,11,,,11.88,,,0,30,,,
HL,I5034 ,2,NL ,64T2 ,MRN2 ,,,,10155111,2025NL5400087,2025,W,126417,1,,14,,,11.88,,,0,31,,,
HL,I5034 ,2,NL ,64T2 ,MRN2 ,,,,10155111,2025NL5400087,2025,W,126417,1,,1,,,11.88,,,0,33,,,
HL,I5034 ,2,NL ,64T2 ,MRN2 ,,,,10155111,2025NL5400087,2025,W,126417,1,,5,,,11.88,,,0,32,,,
HL,I5034 ,2,NL ,64T2 ,MRN2 ,,,,10155111,2025NL5400087,2025,W,126417,1,,1,,,11.88,,,0,34,,,
HL,I5034 ,2,NL ,64T2 ,MRN2 ,,,,10155149,2025NL5400088,2025,W,126417,1,,1,,,5.32,,,0,25,,,
HL,I5034 ,2,NL ,64T2 ,MRN2 ,,,,10155149,2025NL5400088,2025,W,126417,1,,1,,,5.32,,,0,26,,,
HL,I5034 ,2,NL ,64T2 ,MRN2 ,,,,10155149,2025NL5400088,2025,W,126417,1,,1,,,5.32,,,0,27,,,
HL,I5034 ,2,NL ,64T2 ,MRN2 ,,,,10155149,2025NL5400088,2025,W,126417,1,,3,,,5.32,,,0,28,,,
HL,I5034 ,2,NL ,64T2 ,MRN2 ,,,,10155149,2025NL5400088,2025,W,126417,1,,5,,,5.32,,,0,29,,,
HL,I5034 ,2,NL ,64T2 ,MRN2 ,,,,10155149,2025NL5400088,2025,W,126417,1,,10,,,5.32,,,0,30,,,
HL,I5034 ,2,NL ,64T2 ,MRN2 ,,,,10155149,2025NL5400088,2025,W,126417,1,,12,,,5.32,,,0,31,,,
HL,I5034 ,2,NL ,64T2 ,MRN2 ,,,,10155149,2025NL5400088,2025,W,126417,1,,7,,,5.32,,,0,32,,,
HL,I5034 ,2,NL ,64T2 ,MRN2 ,,,,10155149,2025NL5400088,2025,W,126417,1,,5,,,5.32,,,0,33,,,
HL,I5034 ,2,NL ,64T2 ,MRN2 ,,,,10155149,2025NL5400088,2025,W,126417,1,,3,,,5.32,,,0,34,,,
HL,I5034 ,2,NL ,64T2 ,MRN2 ,,,,10155149,2025NL5400088,2025,W,126417,1,,2,,,5.32,,,0,35,,,
HL,I5034 ,2,GB-ENG,74E9,MRN2,,,,2,20250215,2025,W,126417,1,,3,,,1,,,0,23,,,
HL,I5034 ,2,GB-ENG,74E9,MRN2,,,,2,20250215,2025,W,126417,1,,2,,,1,,,0,36,,,
HL,I5034 ,2,GB-ENG,74E9,MRN2,,,,2,20250215,2025,W,126417,1,,1,,,1,,,0,37,,,
HL,I5034 ,2,GB-ENG,74E9,MRN2,,,,2,20250215,2025,W,126417,1,,1,,,1,,,0,38,,,
HL,I5034 ,2,GB-ENG,74E9,MRN2,,,,2,20250215,2025,W,126417,1,,1,,,1,,,0,39,,,
HL,I5034 ,2,GB-ENG,74E9,MRN2,,,,2,20250215,2025,W,126417,1,,1,,,1,,,0,41,,,
HL,I5034 ,2,GB-ENG,74E9,MRN2,,,,2,20250215,2025,W,126417,1,,1,,,1,,,0,24,,,
HL,I5034 ,2,GB-ENG,74E9,MRN2,,,,2,20250215,2025,W,126417,1,,1,,,1,,,0,29,,,
HL,I5034 ,2,GB-ENG,74E9,MRN2,,,,3,20250308,2025,W,126417,1,,2,,,4,,,0,21,,,
HL,I5034 ,2,GB-ENG,74E9,MRN2,,,,3,20250308,2025,W,126417,1,,1,,,4,,,0,22,,,
HL,I5034 ,2,GB-ENG,74E9,MRN2,,,,3,20250308,2025,W,126417,1,,1,,,4,,,0,23,,,
HL,I5034 ,2,GB-ENG,74E9,MRN2,,,,3,20250308,2025,W,126417,1,,2,,,4,,,0,24,,,
HL,I5034 ,2,GB-ENG,74E9,MRN2,,,,3,20250308,2025,W,126417,1,,6,,,4,,,0,25,,,
HL,I5034 ,2,GB-ENG,74E9,MRN2,,,,3,20250308,2025,W,126417,1,,22,,,4,,,0,26,,,
HL,I5034 ,2,GB-ENG,74E9,MRN2,,,,3,20250308,2025,W,126417,1,,33,,,4,,,0,27,,,
HL,I5034 ,2,GB-ENG,74E9,MRN2,,,,3,20250308,2025,W,126417,1,,41,,,4,,,0,28,,,
HL,I5034 ,2,GB-ENG,74E9,MRN2,,,,3,20250308,2025,W,126417,1,,15,,,4,,,0,29,,,
HL,I5034 ,2,GB-ENG,74E9,MRN2,,,,3,20250308,2025,W,126417,1,,3,,,4,,,0,30,,,
HL,I5034 ,2,GB-ENG,74E9,MRN2,,,,3,20250308,2025,W,126417,1,,5,,,4,,,0,,,,
HL,I5034 ,2,GB-ENG,74E9,MRN2,,,,9,20250917,2025,W,126417,1,,1,,,1,,,0,19,,,
HL,I5034 ,2,GB-ENG,74E9,MRN2,,,,9,20250917,2025,W,126417,1,,2,,,1,,,0,21,,,
HL,I5034 ,2,GB-ENG,74E9,MRN2,,,,10,20251018,2025,W,126417,1,,1,,,1,,,0,22,,,
HL,I5034 ,2,GB-ENG,74E9,MRN2,,,,10,20251018,2025,W,126417,1,,3,,,1,,,0,23,,,
HL,I5034 ,2,GB-ENG,74E9,MRN2,,,,10,20251018,2025,W,126417,1,,1,,,1,,,0,25,,,
HL,I5034 ,2,GB-ENG,74E9,MRN2,,,,10,20251018,2025,W,126417,1,,4,,,1,,,0,26,,,
HL,I5034 ,2,GB-ENG,74E9,MRN2,,,,10,20251018,2025,W,126417,1,,10,,,1,,,0,27,,,
HL,I5034 ,2,GB-ENG,74E9,MRN2,,,,10,20251018,2025,W,126417,1,,1,,,1,,,0,24,,,
HL,I5034 ,2,GB-ENG,74E9,MRN2,,,,10,20251018,2025,W,126417,1,,1,,,1,,,0,28,,,
HL,I5034 ,2,GB-ENG,74E9,MRN2,,,,11,20251109,2025,W,126417,1,,2,,,1,,,0,23,,,
HL,I5034 ,2,GB-ENG,74E9,MRN2,,,,11,20251109,2025,W,126417,1,,3,,,1,,,0,25,,,
HL,I5034 ,2,GB-ENG,74E9,MRN2,,,,11,20251109,2025,W,126417,1,,5,,,1,,,0,26,,,
HL,I5034 ,2,GB-ENG,74E9,MRN2,,,,11,20251109,2025,W,126417,1,,5,,,1,,,0,27,,,
HL,I5034 ,2,GB-ENG,74E9,MRN2,,,,11,20251109,2025,W,126417,1,,1,,,1,,,0,28,,,
HL,I5034 ,2,GB-ENG,74E9,MRN2,,,,11,20251109,2025,W,126417,1,,2,,,1,,,0,16,,,
HL,I5034 ,2,GB-ENG,74E9,MRN2,,,,11,20251109,2025,W,126417,1,,2,,,1,,,0,17,,,
HL,I5034 ,2,GB-ENG,74E9,MRN2,,,,11,20251109,2025,W,126417,1,,3,,,1,,,0,18,,,
HL,I5034 ,2,GB-ENG,74E9,MRN2,,,,11,20251109,2025,W,126417,1,,3,,,1,,,0,19,,,
HL,I5034 ,2,GB-ENG,74E9,MRN2,,,,11,20251109,2025,W,126417,1,,2,,,1,,,0,20,,,
HL,I5034 ,2,GB-ENG,74E9,MRN2,,,,11,20251109,2025,W,126417,1,,1,,,1,,,0,21,,,
HL,I5034 ,2,GB-ENG,74E9,MRN2,,,,11,20251109,2025,W,126417,1,,2,,,1,,,0,22,,,
HL,I5034 ,2,GB-ENG,74E9,MRN2,,,,11,20251109,2025,W,126417,1,,1,,,1,,,0,24,,,
HL,I5034 ,2,GB-ENG,74E9,MRN2,,,,11,20251109,2025,W,126417,1,,1,,,1,,,0,29,,,
HL,I5034 ,2,GB-ENG,74E9,MRN2,,,,11,20251109,2025,W,126417,1,,1,,,1,,,0,,,,
HL,I5034 ,2,GB-ENG,74E9,MRN2,,,,16,20251616,2025,W,126417,1,,2,,,1,,,0,16,,,
HL,I5034 ,2,GB-ENG,74E9,MRN2,,,,16,20251616,2025,W,126417,1,,2,,,1,,,0,17,,,
HL,I5034 ,2,GB-ENG,74E9,MRN2,,,,16,20251616,2025,W,126417,1,,2,,,1,,,0,18,,,
HL,I5034 ,2,GB-ENG,74E9,MRN2,,,,16,20251616,2025,W,126417,1,,6,,,1,,,0,,,,
HL,I5034 ,2,GB-ENG,74E9,MRN2,,,,17,20251711,2025,W,126417,1,,2,,,1,,,0,24,,,
HL,I5034 ,2,GB-ENG,74E9,MRN2,,,,17,20251711,2025,W,126417,1,,1,,,1,,,0,25,,,
HL,I5034 ,2,GB-ENG,74E9,MRN2,,,,17,20251711,2025,W,126417,1,,3,,,1,,,0,26,,,
HL,I5034 ,2,GB-ENG,74E9,MRN2,,,,17,20251711,2025,W,126417,1,,4,,,1,,,0,27,,,
HL,I5034 ,2,GB-ENG,74E9,MRN2,,,,17,20251711,2025,W,126417,1,,1,,,1,,,0,28,,,
HL,I5034 ,2,GB-ENG,74E9,MRN2,,,,17,20251711,2025,W,126417,1,,4,,,1,,,0,16,,,
HL,I5034 ,2,GB-ENG,74E9,MRN2,,,,17,20251711,2025,W,126417,1,,5,,,1,,,0,17,,,
HL,I5034 ,2,GB-ENG,74E9,MRN2,,,,17,20251711,2025,W,126417,1,,8,,,1,,,0,18,,,
HL,I5034 ,2,GB-ENG,74E9,MRN2,,,,17,20251711,2025,W,126417,1,,1,,,1,,,0,19,,,
HL,I5034 ,2,GB-ENG,74E9,MRN2,,,,17,20251711,2025,W,126417,1,,7,,,1,,,0,20,,,
HL,I5034 ,2,GB-ENG,74E9,MRN2,,,,17,20251711,2025,W,126417,1,,4,,,1,,,0,21,,,
HL,I5034 ,2,GB-ENG,74E9,MRN2,,,,17,20251711,2025,W,126417,1,,3,,,1,,,0,22,,,
HL,I5034 ,2,GB-ENG,74E9,MRN2,,,,17,20251711,2025,W,126417,1,,2,,,1,,,0,23,,,
HL,I5034 ,2,GB-ENG,74E9,MRN2,,,,17,20251711,2025,W,126417,1,,1,,,1,,,0,29,,,
HL,I5034 ,2,GB-ENG,74E9,MRN2,,,,17,20251711,2025,W,126417,1,,8,,,1,,,0,,,,
HL,I5034 ,2,GB-ENG,74E9,MRN2,,,,18,20251812,2025,W,126417,1,,1,,,4,,,0,22,,,
HL,I5034 ,2,GB-ENG,74E9,MRN2,,,,18,20251812,2025,W,126417,1,,3,,,4,,,0,24,,,
HL,I5034 ,2,GB-ENG,74E9,MRN2,,,,18,20251812,2025,W,126417,1,,11,,,4,,,0,25,,,
HL,I5034 ,2,GB-ENG,74E9,MRN2,,,,18,20251812,2025,W,126417,1,,21,,,4,,,0,26,,,
HL,I5034 ,2,GB-ENG,74E9,MRN2,,,,18,20251812,2025,W,126417,1,,25,,,4,,,0,27,,,
HL,I5034 ,2,GB-ENG,74E9,MRN2,,,,18,20251812,2025,W,126417,1,,44,,,4,,,0,28,,,
HL,I5034 ,2,GB-ENG,74E9,MRN2,,,,18,20251812,2025,W,126417,1,,29,,,4,,,0,29,,,
HL,I5034 ,2,GB-ENG,74E9,MRN2,,,,18,20251812,2025,W,126417,1,,11,,,4,,,0,30,,,
HL,I5034 ,2,GB-ENG,74E9,MRN2,,,,18,20251812,2025,W,126417,1,,2,,,4,,,0,31,,,
HL,I5034 ,2,GB-ENG,74E9,MRN2,,,,18,20251812,2025,W,126417,1,,2,,,4,,,0,32,,,
HL,I5034 ,2,GB-ENG,74E9,MRN2,,,,18,20251812,2025,W,126417,1,,1,,,4,,,0,18,,,
HL,I5034 ,2,GB-ENG,74E9,MRN2,,,,18,20251812,2025,W,126417,1,,1,,,1,,,0,,,,
HL,I5034 ,2,GB-ENG,74E9,MRN2,,,,22,20252210,2025,W,126417,1,,1,,,1,,,0,24,,,
HL,I5034 ,2,GB-ENG,74E9,MRN2,,,,22,20252210,2025,W,126417,1,,4,,,1,,,0,25,,,
HL,I5034 ,2,GB-ENG,74E9,MRN2,,,,22,20252210,2025,W,126417,1,,5,,,1,,,0,26,,,
HL,I5034 ,2,GB-ENG,74E9,MRN2,,,,22,20252210,2025,W,126417,1,,17,,,1,,,0,27,,,
HL,I5034 ,2,GB-ENG,74E9,MRN2,,,,22,20252210,2025,W,126417,1,,14,,,1,,,0,28,,,
HL,I5034 ,2,GB-ENG,74E9,MRN2,,,,22,20252210,2025,W,126417,1,,14,,,1,,,0,29,,,
HL,I5034 ,2,GB-ENG,74E9,MRN2,,,,22,20252210,2025,W,126417,1,,17,,,1,,,0,30,,,
HL,I5034 ,2,GB-ENG,74E9,MRN2,,,,22,20252210,2025,W,126417,1,,9,,,1,,,0,31,,,
HL,I5034 ,2,GB-ENG,74E9,MRN2,,,,22,20252210,2025,W,126417,1,,8,,,1,,,0,32,,,
HL,I5034 ,2,GB-ENG,74E9,MRN2,,,,22,20252210,2025,W,126417,1,,5,,,1,,,0,33,,,
HL,I5034 ,2,GB-ENG,74E9,MRN2,,,,22,20252210,2025,W,126417,1,,1,,,1,,,0,16,,,
HL,I5034 ,2,GB-ENG,74E9,MRN2,,,,22,20252210,2025,W,126417,1,,1,,,1,,,0,17,,,
HL,I5034 ,2,GB-ENG,74E9,MRN2,,,,22,20252210,2025,W,126417,1,,3,,,1,,,0,18,,,
HL,I5034 ,2,GB-ENG,74E9,MRN2,,,,22,20252210,2025,W,126417,1,,4,,,1,,,0,19,,,
HL,I5034 ,2,GB-ENG,74E9,MRN2,,,,22,20252210,2025,W,126417,1,,1,,,1,,,0,20,,,
HL,I5034 ,2,GB-ENG,74E9,MRN2,,,,22,20252210,2025,W,126417,1,,2,,,1,,,0,21,,,
HL,I5034 ,2,GB-ENG,74E9,MRN2,,,,22,20252210,2025,W,126417,1,,5,,,1,,,0,22,,,
HL,I5034 ,2,GB-ENG,74E9,MRN2,,,,22,20252210,2025,W,126417,1,,5,,,1,,,0,23,,,
HL,I5034 ,2,GB-ENG,74E9,MRN2,,,,22,20252210,2025,W,126417,1,,11,,,1,,,0,,,,
HL,I5034 ,2,GB-ENG,74E9,MRN2,,,,24,20252413,2025,W,126417,1,,1,,,1,,,0,26,,,
HL,I5034 ,2,GB-ENG,74E9,MRN2,,,,24,20252413,2025,W,126417,1,,1,,,1,,,0,28,,,
HL,I5034 ,2,GB-ENG,74E9,MRN2,,,,24,20252413,2025,W,126417,1,,1,,,1,,,0,30,,,
HL,I5034 ,2,GB-ENG,74E9,MRN2,,,,24,20252413,2025,W,126417,1,,1,,,1,,,0,16,,,
HL,I5034 ,2,GB-ENG,74E9,MRN2,,,,24,20252413,2025,W,126417,1,,1,,,1,,,0,19,,,
HL,I5034 ,2,GB-ENG,74E9,MRN2,,,,24,20252413,2025,W,126417,1,,1,,,1,,,0,20,,,
HL,I5034 ,2,GB-ENG,74E9,MRN2,,,,24,20252413,2025,W,126417,1,,2,,,1,,,0,24,,,
HL,I5034 ,2,GB-ENG,74E9,MRN2,,,,24,20252413,2025,W,126417,1,,1,,,1,,,0,25,,,
HL,I5034 ,2,GB-ENG,74E9,MRN2,,,,24,20252413,2025,W,126417,1,,5,,,1,,,0,27,,,
HL,I5034 ,2,GB-ENG,74E9,MRN2,,,,24,20252413,2025,W,126417,1,,2,,,1,,,0,,,,
HL,I5034 ,2,GB-ENG,74E9,MRN2,,,,25,20252507,2025,W,126417,1,,1,,,1,,,0,26,,,
HL,I5034 ,2,GB-ENG,74E9,MRN2,,,,25,20252507,2025,W,126417,1,,2,,,1,,,0,27,,,
HL,I5034 ,2,GB-ENG,74E9,MRN2,,,,25,20252507,2025,W,126417,1,,5,,,1,,,0,28,,,
HL,I5034 ,2,GB-ENG,74E9,MRN2,,,,25,20252507,2025,W,126417,1,,1,,,1,,,0,29,,,
HL,I5034 ,2,GB-ENG,74E9,MRN2,,,,25,20252507,2025,W,126417,1,,2,,,1,,,0,30,,,
HL,I5034 ,2,GB-ENG,74E9,MRN2,,,,25,20252507,2025,W,126417,1,,2,,,1,,,0,31,,,
HL,I5034 ,2,GB-ENG,74E9,MRN2,,,,25,20252507,2025,W,126417,1,,1,,,1,,,0,32,,,
HL,I5034 ,2,GB-ENG,74E9,MRN2,,,,25,20252507,2025,W,126417,1,,3,,,1,,,0,19,,,
HL,I5034 ,2,GB-ENG,74E9,MRN2,,,,25,20252507,2025,W,126417,1,,2,,,1,,,0,23,,,
HL,I5034 ,2,GB-ENG,74E9,MRN2,,,,25,20252507,2025,W,126417,1,,5,,,1,,,0,25,,,
HL,I5034 ,2,GB-ENG,74E9,MRN2,,,,25,20252507,2025,W,126417,1,,3,,,1,,,0,33,,,
HL,I5034 ,2,GB-ENG,74E9,MRN2,,,,25,20252507,2025,W,126417,1,,13,,,1,,,0,,,,
HL,I5034 ,2,GB-ENG,74E9,MRN2,,,,26,20252606,2025,W,126417,1,,2,,,1,,,0,24,,,
HL,I5034 ,2,GB-ENG,74E9,MRN2,,,,26,20252606,2025,W,126417,1,,2,,,1,,,0,25,,,
HL,I5034 ,2,GB-ENG,74E9,MRN2,,,,26,20252606,2025,W,126417,1,,8,,,1,,,0,26,,,
HL,I5034 ,2,GB-ENG,74E9,MRN2,,,,26,20252606,2025,W,126417,1,,1,,,1,,,0,27,,,
HL,I5034 ,2,GB-ENG,74E9,MRN2,,,,26,20252606,2025,W,126417,1,,4,,,1,,,0,28,,,
HL,I5034 ,2,GB-ENG,74E9,MRN2,,,,26,20252606,2025,W,126417,1,,1,,,1,,,0,29,,,
HL,I5034 ,2,GB-ENG,74E9,MRN2,,,,26,20252606,2025,W,126417,1,,1,,,1,,,0,31,,,
HL,I5034 ,2,GB-ENG,74E9,MRN2,,,,26,20252606,2025,W,126417,1,,1,,,1,,,0,32,,,
HL,I5034 ,2,GB-ENG,74E9,MRN2,,,,26,20252606,2025,W,126417,1,,2,,,1,,,0,17,,,
HL,I5034 ,2,GB-ENG,74E9,MRN2,,,,26,20252606,2025,W,126417,1,,1,,,1,,,0,18,,,
HL,I5034 ,2,GB-ENG,74E9,MRN2,,,,26,20252606,2025,W,126417,1,,4,,,1,,,0,19,,,
HL,I5034 ,2,GB-ENG,74E9,MRN2,,,,26,20252606,2025,W,126417,1,,2,,,1,,,0,30,,,
HL,I5034 ,2,GB-ENG,74E9,MRN2,,,,31,20253105,2025,W,126417,1,,1,,,1,,,0,25,,,
HL,I5034 ,2,GB-ENG,74E9,MRN2,,,,31,20253105,2025,W,126417,1,,4,,,1,,,0,26,,,
HL,I5034 ,2,GB-ENG,74E9,MRN2,,,,31,20253105,2025,W,126417,1,,3,,,1,,,0,27,,,
HL,I5034 ,2,GB-ENG,74E9,MRN2,,,,31,20253105,2025,W,126417,1,,9,,,1,,,0,28,,,
HL,I5034 ,2,GB-ENG,74E9,MRN2,,,,31,20253105,2025,W,126417,1,,6,,,1,,,0,29,,,
HL,I5034 ,2,GB-ENG,74E9,MRN2,,,,31,20253105,2025,W,126417,1,,4,,,1,,,0,30,,,
HL,I5034 ,2,GB-ENG,74E9,MRN2,,,,31,20253105,2025,W,126417,1,,1,,,1,,,0,31,,,
HL,I5034 ,2,GB-ENG,74E9,MRN2,,,,31,20253105,2025,W,126417,1,,1,,,1,,,0,32,,,
HL,I5034 ,2,GB-ENG,74E9,MRN2,,,,31,20253105,2025,W,126417,1,,5,,,1,,,0,18,,,
HL,I5034 ,2,GB-ENG,74E9,MRN2,,,,31,20253105,2025,W,126417,1,,9,,,1,,,0,19,,,
HL,I5034 ,2,GB-ENG,74E9,MRN2,,,,31,20253105,2025,W,126417,1,,9,,,1,,,0,20,,,
HL,I5034 ,2,GB-ENG,74E9,MRN2,,,,31,20253105,2025,W,126417,1,,6,,,1,,,0,21,,,
HL,I5034 ,2,GB-ENG,74E9,MRN2,,,,31,20253105,2025,W,126417,1,,1,,,1,,,0,22,,,
HL,I5034 ,2,GB-ENG,74E9,MRN2,,,,31,20253105,2025,W,126417,1,,2,,,1,,,0,,,,
HL,I5034 ,2,GB-ENG,74E9,MRN2,,,,32,20253223,2025,W,126417,1,,1,,,8,,,0,25,,,
HL,I5034 ,2,GB-ENG,74E9,MRN2,,,,32,20253223,2025,W,126417,1,,5,,,8,,,0,26,,,
HL,I5034 ,2,GB-ENG,74E9,MRN2,,,,32,20253223,2025,W,126417,1,,11,,,8,,,0,27,,,
HL,I5034 ,2,GB-ENG,74E9,MRN2,,,,32,20253223,2025,W,126417,1,,14,,,8,,,0,28,,,
HL,I5034 ,2,GB-ENG,74E9,MRN2,,,,32,20253223,2025,W,126417,1,,23,,,8,,,0,29,,,
HL,I5034 ,2,GB-ENG,74E9,MRN2,,,,32,20253223,2025,W,126417,1,,38,,,8,,,0,30,,,
HL,I5034 ,2,GB-ENG,74E9,MRN2,,,,32,20253223,2025,W,126417,1,,30,,,8,,,0,31,,,
HL,I5034 ,2,GB-ENG,74E9,MRN2,,,,32,20253223,2025,W,126417,1,,24,,,8,,,0,32,,,
HL,I5034 ,2,GB-ENG,74E9,MRN2,,,,32,20253223,2025,W,126417,1,,10,,,8,,,0,33,,,
HL,I5034 ,2,GB-ENG,74E9,MRN2,,,,32,20253223,2025,W,126417,1,,5,,,8,,,0,34,,,
HL,I5034 ,2,GB-ENG,74E9,MRN2,,,,32,20253223,2025,W,126417,1,,3,,,8,,,0,35,,,
HL,I5034 ,2,GB-ENG,74E9,MRN2,,,,32,20253223,2025,W,126417,1,,2,,,8,,,0,36,,,
HL,I5034 ,2,GB-ENG,74E9,MRN2,,,,32,20253223,2025,W,126417,1,,4,,,8,,,0,,,,
HL,I5034 ,2,GB-ENG,74E9,MRN2,,,,33,20253322,2025,W,126417,1,,1,,,1,,,0,18,,,
HL,I5034 ,2,GB-ENG,74E9,MRN2,,,,33,20253322,2025,W,126417,1,,1,,,1,,,0,22,,,
HL,I5034 ,2,GB-ENG,74E9,MRN2,,,,33,20253322,2025,W,126417,1,,3,,,1,,,0,25,,,
HL,I5034 ,2,GB-ENG,74E9,MRN2,,,,33,20253322,2025,W,126417,1,,3,,,1,,,0,27,,,
HL,I5034 ,2,GB-ENG,74E9,MRN2,,,,33,20253322,2025,W,126417,1,,7,,,1,,,0,28,,,
HL,I5034 ,2,GB-ENG,74E9,MRN2,,,,33,20253322,2025,W,126417,1,,16,,,1,,,0,29,,,
HL,I5034 ,2,GB-ENG,74E9,MRN2,,,,33,20253322,2025,W,126417,1,,11,,,1,,,0,30,,,
HL,I5034 ,2,GB-ENG,74E9,MRN2,,,,33,20253322,2025,W,126417,1,,18,,,1,,,0,31,,,
HL,I5034 ,2,GB-ENG,74E9,MRN2,,,,33,20253322,2025,W,126417,1,,15,,,1,,,0,32,,,
HL,I5034 ,2,GB-ENG,74E9,MRN2,,,,33,20253322,2025,W,126417,1,,8,,,1,,,0,33,,,
HL,I5034 ,2,GB-ENG,74E9,MRN2,,,,33,20253322,2025,W,126417,1,,5,,,1,,,0,34,,,
HL,I5034 ,2,GB-ENG,74E9,MRN2,,,,33,20253322,2025,W,126417,1,,3,,,1,,,0,35,,,
HL,I5034 ,2,GB-ENG,74E9,MRN2,,,,33,20253322,2025,W,126417,1,,5,,,1,,,0,36,,,
HL,I5034 ,2,GB-ENG,74E9,MRN2,,,,33,20253322,2025,W,126417,1,,1,,,1,,,0,38,,,
HL,I5034 ,2,GB-ENG,74E9,MRN2,,,,33,20253322,2025,W,126417,1,,1,,,1,,,0,19,,,
HL,I5034 ,2,GB-ENG,74E9,MRN2,,,,33,20253322,2025,W,126417,1,,2,,,1,,,0,20,,,
HL,I5034 ,2,GB-ENG,74E9,MRN2,,,,33,20253322,2025,W,126417,1,,4,,,1,,,0,23,,,
HL,I5034 ,2,GB-ENG,74E9,MRN2,,,,33,20253322,2025,W,126417,1,,7,,,1,,,0,,,,
HL,I5034 ,2,GB-ENG,74E9,MRN2,,,,40,20254001,2025,W,126417,1,,2,,,4,,,0,25,,,
HL,I5034 ,2,GB-ENG,74E9,MRN2,,,,40,20254001,2025,W,126417,1,,4,,,4,,,0,26,,,
HL,I5034 ,2,GB-ENG,74E9,MRN2,,,,40,20254001,2025,W,126417,1,,4,,,4,,,0,27,,,
HL,I5034 ,2,GB-ENG,74E9,MRN2,,,,40,20254001,2025,W,126417,1,,9,,,4,,,0,28,,,
HL,I5034 ,2,GB-ENG,74E9,MRN2,,,,40,20254001,2025,W,126417,1,,17,,,4,,,0,29,,,
HL,I5034 ,2,GB-ENG,74E9,MRN2,,,,40,20254001,2025,W,126417,1,,12,,,4,,,0,30,,,
HL,I5034 ,2,GB-ENG,74E9,MRN2,,,,40,20254001,2025,W,126417,1,,5,,,4,,,0,31,,,
HL,I5034 ,2,GB-ENG,74E9,MRN2,,,,40,20254001,2025,W,126417,1,,12,,,4,,,0,32,,,
HL,I5034 ,2,GB-ENG,74E9,MRN2,,,,40,20254001,2025,W,126417,1,,5,,,4,,,0,33,,,
HL,I5034 ,2,GB-ENG,74E9,MRN2,,,,40,20254001,2025,W,126417,1,,3,,,4,,,0,34,,,
HL,I5034 ,2,GB-ENG,74E9,MRN2,,,,40,20254001,2025,W,126417,1,,2,,,4,,,0,35,,,
HL,I5034 ,2,GB-ENG,74E9,MRN2,,,,40,20254001,2025,W,126417,1,,1,,,4,,,0,20,,,
HL,I5034 ,2,GB-ENG,74E9,MRN2,,,,40,20254001,2025,W,126417,1,,1,,,4,,,0,21,,,
HL,I5034 ,2,GB-ENG,74E9,MRN2,,,,40,20254001,2025,W,126417,1,,1,,,4,,,0,22,,,
HL,I5034 ,2,GB-ENG,74E9,MRN2,,,,40,20254001,2025,W,126417,1,,1,,,4,,,0,23,,,
HL,I5034 ,2,GB-ENG,74E9,MRN2,,,,40,20254001,2025,W,126417,1,,5,,,4,,,0,,,,
HL,I5034 ,2,GB-ENG,74E9,MRN2,,,,41,20254102,2025,W,126417,1,,1,,,1,,,0,24,,,
HL,I5034 ,2,GB-ENG,74E9,MRN2,,,,41,20254102,2025,W,126417,1,,2,,,1,,,0,25,,,
HL,I5034 ,2,GB-ENG,74E9,MRN2,,,,41,20254102,2025,W,126417,1,,11,,,1,,,0,26,,,
HL,I5034 ,2,GB-ENG,74E9,MRN2,,,,41,20254102,2025,W,126417,1,,15,,,1,,,0,27,,,
HL,I5034 ,2,GB-ENG,74E9,MRN2,,,,41,20254102,2025,W,126417,1,,14,,,1,,,0,28,,,
HL,I5034 ,2,GB-ENG,74E9,MRN2,,,,41,20254102,2025,W,126417,1,,15,,,1,,,0,29,,,
HL,I5034 ,2,GB-ENG,74E9,MRN2,,,,41,20254102,2025,W,126417,1,,8,,,1,,,0,30,,,
HL,I5034 ,2,GB-ENG,74E9,MRN2,,,,41,20254102,2025,W,126417,1,,2,,,1,,,0,31,,,
HL,I5034 ,2,GB-ENG,74E9,MRN2,,,,41,20254102,2025,W,126417,1,,2,,,1,,,0,18,,,
HL,I5034 ,2,GB-ENG,74E9,MRN2,,,,41,20254102,2025,W,126417,1,,2,,,1,,,0,20,,,
HL,I5034 ,2,GB-ENG,74E9,MRN2,,,,41,20254102,2025,W,126417,1,,2,,,1,,,0,22,,,
HL,I5034 ,2,GB-ENG,74E9,MRN2,,,,41,20254102,2025,W,126417,1,,1,,,1,,,0,32,,,
HL,I5034 ,2,GB-ENG,74E9,MRN2,,,,41,20254102,2025,W,126417,1,,1,,,1,,,0,33,,,
HL,I5034 ,2,GB-ENG,74E9,MRN2,,,,41,20254102,2025,W,126417,1,,1,,,1,,,0,34,,,
HL,I5034 ,2,GB-ENG,74E9,MRN2,,,,41,20254102,2025,W,126417,1,,7,,,1,,,0,,,,
HL,I5034 ,2,GB-ENG,74E9,MRN2,,,,42,20254203,2025,W,126417,1,,3,,,1,,,0,27,,,
HL,I5034 ,2,GB-ENG,74E9,MRN2,,,,42,20254203,2025,W,126417,1,,2,,,1,,,0,29,,,
HL,I5034 ,2,GB-ENG,74E9,MRN2,,,,42,20254203,2025,W,126417,1,,2,,,1,,,0,30,,,
HL,I5034 ,2,GB-ENG,74E9,MRN2,,,,42,20254203,2025,W,126417,1,,1,,,1,,,0,31,,,
HL,I5034 ,2,GB-ENG,74E9,MRN2,,,,42,20254203,2025,W,126417,1,,2,,,1,,,0,19,,,
HL,I5034 ,2,GB-ENG,74E9,MRN2,,,,42,20254203,2025,W,126417,1,,1,,,1,,,0,23,,,
HL,I5034 ,2,GB-ENG,74E9,MRN2,,,,42,20254203,2025,W,126417,1,,1,,,1,,,0,28,,,
HL,I5034 ,2,GB-ENG,74E9,MRN2,,,,42,20254203,2025,W,126417,1,,3,,,1,,,0,,,,
HL,I5034 ,2,GB-ENG,74E9,MRN2,,,,47,20254704,2025,W,126417,1,,1,,,1,,,0,24,,,
HL,I5034 ,2,GB-ENG,74E9,MRN2,,,,47,20254704,2025,W,126417,1,,1,,,1,,,0,27,,,
HL,I5034 ,2,GB-ENG,74E9,MRN2,,,,48,20254819,2025,W,126417,1,,1,,,1,,,0,16,,,
HL,I5034 ,2,GB-ENG,74E9,MRN2,,,,48,20254819,2025,W,126417,1,,2,,,1,,,0,26,,,
HL,I5034 ,2,GB-ENG,74E9,MRN2,,,,48,20254819,2025,W,126417,1,,1,,,1,,,0,25,,,
HL,I5034 ,2,GB-ENG,74E9,MRN2,,,,48,20254819,2025,W,126417,1,,1,,,1,,,0,28,,,
HL,I5034 ,2,GB-ENG,74E9,MRN2,,,,50,20255021,2025,W,126417,1,,1,,,1,,,0,19,,,
HL,I5034 ,2,GB-ENG,74E9,MRN2,,,,50,20255021,2025,W,126417,1,,1,,,1,,,0,18,,,
HL,I5034 ,2,GB-ENG,74E9,MRN2,,,,50,20255021,2025,W,126417,1,,1,,,1,,,0,22,,,
HL,I5034 ,2,GB-ENG,74E9,MRN2,,,,50,20255021,2025,W,126417,1,,1,,,1,,,0,26,,,
HL,I5034 ,2,NL,64T2 ,MRN2,,,,721917,2018NL018,2018,W,126417,1,,,,,,,,0,,,,
HL,I5034 ,2,NL,64T2 ,MRN2,,,,721927,2018NL028,2018,W,126417,1,,,,,,,,0,,,,
HL,I5034 ,2,NL,64T2 ,MRN2,,,,748728,2019NL009,2019,W,126417,1,,,,,,,,0,,,,
HL,I5034 ,2,NL,64T2 ,MRN2,,,,748736,2019NL017,2019,W,126417,1,,,,,,,,0,,,,
HL,I5034 ,2,NL,64T2 ,MRN2,,,,748737,2019NL018,2019,W,126417,1,,,,,,,,0,,,,
HL,I5034 ,2,NL,64T2 ,MRN2,,,,748739,2019NL020,2019,W,126417,1,,,,,,,,0,,,,
HL,I5034 ,2,NL,64T2 ,MRN2,,,,748740,2019NL021,2019,W,126417,1,,,,,,,,0,,,,
HL,I5034 ,2,NL,64T2 ,MRN2,,,,748744,2019NL025,2019,W,126417,1,,,,,,,,0,,,,
HL,I5034 ,2,NL,64T2 ,MRN2,,,,748746,2019NL027,2019,W,126417,1,,,,,,,,0,,,,
HL,I5034 ,2,NL,64T2 ,MRN2,,,,748747,2019NL028,2019,W,126417,1,,,,,,,,0,,,,
HL,I5034 ,2,NL,64T2 ,MRN2,,,,748748,2019NL029,2019,W,126417,1,,,,,,,,0,,,,
HL,I5034 ,2,NL,64T2 ,MRN2,,,,748749,2019NL030,2019,W,126417,1,,,,,,,,0,,,,
HL,I5034 ,2,NL,64T2 ,MRN2,,,,748751,2019NL032,2019,W,126417,1,,,,,,,,0,,,,
HL,I5034 ,2,NL,64T2 ,MRN2,,,,748756,2019NL037,2019,W,126417,1,,,,,,,,0,,,,
HL,I5034 ,2,NL,64T2 ,MRN2,,,,748759,2019NL040,2019,W,126417,1,,,,,,,,0,,,,
HL,I5034 ,2,NL,64T2 ,MRN2,,,,748760,2019NL041,2019,W,126417,1,,,,,,,,0,,,,
HL,I5034 ,2,NL,64T2 ,MRN2,,,,748761,2019NL042,2019,W,126417,1,,,,,,,,0,,,,
HL,I5034 ,2,NL,64T2 ,MRN2,,,,748764,2019NL044,2019,W,126417,1,,,,,,,,0,,,,
HL,I5034 ,2,NL,64T2 ,MRN2,,,,748765,2019NL045,2019,W,126417,1,,,,,,,,0,,,,
HL,I5034 ,2,NL,64T2 ,MRN2,,,,748766,2019NL046,2019,W,126417,1,,,,,,,,0,,,,
HL,I5034 ,2,NL,64T2 ,MRN2,,,,748767,2019NL047,2019,W,126417,1,,,,,,,,0,,,,
HL,I5034 ,2,NL,64T2 ,MRN2,,,,748774,2019NL054,2019,W,126417,1,,,,,,,,0,,,,
HL,I5034 ,2,NO,58J1,MRN2,,,,,338,2019,W,126417,1,,,,,,,,0,,,,
HL,I5034 ,2,NO,58J1,MRN2,,,,,339,2019,W,126417,1,,,,,,,,0,,,,
HL,I5034 ,2,NO,58J1,MRN2,,,,,345,2019,W,126417,1,,,,,,,,0,,,,
HL,I5034 ,2,NO,58J1,MRN2,,,,,346,2019,W,126417,1,,,,,,,,0,,,,
HL,I5034 ,2,NO,58J1,MRN2,,,,,347,2019,W,126417,1,,,,,,,,0,,,,
HL,I5034 ,2,NO,58J1,MRN2,,,,,348,2019,W,126417,1,,,,,,,,0,,,,
HL,I5034 ,2,NO,58J1,MRN2,,,,,349,2019,W,126417,1,,,,,,,,0,,,,
HL,I5034 ,2,NO,58J1,MRN2,,,,,350,2019,W,126417,1,,,,,,,,0,,,,
HL,I5034 ,2,NO,58J1,MRN2,,,,,351,2019,W,126417,1,,,,,,,,0,,,,
HL,I5034 ,2,NO,58J1,MRN2,,,,,352,2019,W,126417,1,,,,,,,,0,,,,
HL,I5034 ,2,NO,58J1,MRN2,,,,,353,2019,W,126417,1,,,,,,,,0,,,,
HL,I5034 ,2,NO,58J1,MRN2,,,,,354,2019,W,126417,1,,,,,,,,0,,,,
HL,I5034 ,2,NO,58J1,MRN2,,,,,355,2019,W,126417,1,,,,,,,,0,,,,
HL,I5034 ,2,NL,64T2 ,MRN2 ,,,,10033380,2021NL5400132,2021,W,126417,1,,,,,,,,0,,,,
HL,I5034 ,2,NL,64T2 ,MRN2 ,,,,10033426,2021NL5400142,2021,W,126417,1,,,,,,,,0,,,,
HL,I5034 ,2,NO,58D4,MRN2 ,,,,243,MIK222,2021,W,126417,1,,,,,,,,0,,,,
HL,I5034 ,2,NO,58D4,MRN2 ,,,,245,MIK223,2021,W,126417,1,,,,,,,,0,,,,
HL,I5034 ,2,NO,58D4,MRN2 ,,,,247,MIK227,2021,W,126417,1,,,,,,,,0,,,,
HL,I5034 ,2,NO,58D4,MRN2 ,,,,250,MIK231,2021,W,126417,1,,,,,,,,0,,,,
HL,I5034 ,2,NO,58D4,MRN2 ,,,,253,MIK234,2021,W,126417,1,,,,,,,,0,,,,
HL,I5034 ,2,NO,58D4,MRN2 ,,,,254,MIK238,2021,W,126417,1,,,,,,,,0,,,,
HL,I5034 ,2,NO,58D4,MRN2 ,,,,256,MIK239,2021,W,126417,1,,,,,,,,0,,,,
HL,I5034 ,2,NL,64T2 ,MRN2 ,,,,10057771,2022NL5400170,2022,W,126417,1,,,,,,,,0,,,,
HL,I5034 ,2,NL,64T2 ,MRN2 ,,,,10057774,2022NL5400173,2022,W,126417,1,,,,,,,,0,,,,
HL,I5034 ,2,NL,64T2 ,MRN2 ,,,,10057775,2022NL5400174,2022,W,126417,1,,,,,,,,0,,,,
HL,I5034 ,2,NL,64T2 ,MRN2 ,,,,10057776,2022NL5400175,2022,W,126417,1,,,,,,,,0,,,,
HL,I5034 ,2,NL,64T2 ,MRN2 ,,,,10057779,2022NL5400178,2022,W,126417,1,,,,,,,,0,,,,
HL,I5034 ,2,NL,64T2 ,MRN2 ,,,,10057780,2022NL5400179,2022,W,126417,1,,,,,,,,0,,,,
HL,I5034 ,2,NL,64T2 ,MRN2 ,,,,10057783,2022NL5400182,2022,W,126417,1,,,,,,,,0,,,,
HL,I5034 ,2,NL,64T2 ,MRN2 ,,,,10057784,2022NL5400183,2022,W,126417,1,,,,,,,,0,,,,
HL,I5034 ,2,NL,64T2 ,MRN2 ,,,,10057787,2022NL5400186,2022,W,126417,1,,,,,,,,0,,,,
HL,I5034 ,2,NL,64T2 ,MRN2 ,,,,10057788,2022NL5400187,2022,W,126417,1,,,,,,,,0,,,,
HL,I5034 ,2,NL,64T2 ,MRN2 ,,,,10057790,2022NL5400189,2022,W,126417,1,,,,,,,,0,,,,
HL,I5034 ,2,NL,64T2 ,MRN2 ,,,,10057800,2022NL5400199,2022,W,126417,1,,,,,,,,0,,,,
HL,I5034 ,2,NL,64T2 ,MRN2 ,,,,10057801,2022NL5400200,2022,W,126417,1,,,,,,,,0,,,,
HL,I5034 ,2,NL,64T2 ,MRN2 ,,,,10057802,2022NL5400201,2022,W,126417,1,,,,,,,,0,,,,
HL,I5034 ,2,NL,64T2 ,MRN2 ,,,,10057804,2022NL5400203,2022,W,126417,1,,,,,,,,0,,,,
HL,I5034 ,2,NL,64T2 ,MRN2 ,,,,10057806,2022NL5400205,2022,W,126417,1,,,,,,,,0,,,,
HL,I5034 ,2,NL,64T2 ,MRN2 ,,,,10057810,2022NL5400209,2022,W,126417,1,,,,,,,,0,,,,
HL,I5034 ,2,NL,64T2 ,MRN2 ,,,,10093671,2023NL5400056,2023,W,126417,1,,,,,,,,0,,,,
HL,I5034 ,2,NL,64T2 ,MRN2 ,,,,10093678,2023NL5400063,2023,W,126417,1,,,,,,,,0,,,,
HL,I5034 ,2,NL,64T2 ,MRN2 ,,,,10093679,2023NL5400064,2023,W,126417,1,,,,,,,,0,,,,
HL,I5034 ,2,NL,64T2 ,MRN2 ,,,,10093680,2023NL5400065,2023,W,126417,1,,,,,,,,0,,,,
HL,I5034 ,2,NL,64T2 ,MRN2 ,,,,10093681,2023NL5400066,2023,W,126417,1,,,,,,,,0,,,,
HL,I5034 ,2,NL,64T2 ,MRN2 ,,,,10093684,2023NL5400069,2023,W,126417,1,,,,,,,,0,,,,
HL,I5034 ,2,NL,64T2 ,MRN2 ,,,,10093693,2023NL5400078,2023,W,126417,1,,,,,,,,0,,,,
HL,I5034 ,2,NL,64T2 ,MRN2 ,,,,10093696,2023NL5400081,2023,W,126417,1,,,,,,,,0,,,,
HL,I5034 ,2,NL,64T2 ,MRN2 ,,,,10093704,2023NL5400089,2023,W,126417,1,,,,,,,,0,,,,
HL,I5034 ,2,NL,64T2 ,MRN2 ,,,,10093705,2023NL5400090,2023,W,126417,1,,,,,,,,0,,,,
HL,I5034 ,2,NL,64T2 ,MRN2 ,,,,10093706,2023NL5400091,2023,W,126417,1,,,,,,,,0,,,,
HL,I5034 ,2,NL,64T2 ,MRN2 ,,,,10093709,2023NL5400094,2023,W,126417,1,,,,,,,,0,,,,
HL,I5034 ,2,NL,64T2 ,MRN2 ,,,,10093712,2023NL5400097,2023,W,126417,1,,,,,,,,0,,,,
HL,I5034 ,2,NL,64T2 ,MRN2 ,,,,10093713,2023NL5400098,2023,W,126417,1,,,,,,,,0,,,,
HL,I5034 ,2,NL,64T2 ,MRN2 ,,,,10093723,2023NL5400108,2023,W,126417,1,,,,,,,,0,,,,
HL,I5034 ,2,NO,58J1,MRN2,,,,598,2023NO_598,2023,W,126417,1,,,,,,,,0,,,,
HL,I5034 ,2,NO,58J1,MRN2,,,,596,2023NO_596,2023,W,126417,1,,,,,,,,0,,,,
HL,I5034 ,2,NO,58J1,MRN2,,,,594,2023NO_594,2023,W,126417,1,,,,,,,,0,,,,
HL,I5034 ,2,NO,58J1,MRN2,,,,605,2023NO_605,2023,W,126417,1,,,,,,,,0,,,,
HL,I5034 ,2,NO,58J1,MRN2,,,,603,2023NO_603,2023,W,126417,1,,,,,,,,0,,,,
HL,I5034 ,2,NO,58J1,MRN2,,,,602,2023NO_602,2023,W,126417,1,,,,,,,,0,,,,
HL,I5034 ,2,NO,58J1,MRN2,,,,593,2023NO_593,2023,W,126417,1,,,,,,,,0,,,,
HL,I5034 ,2,NO,58J1,MRN2,,,,592,2023NO_592,2023,W,126417,1,,,,,,,,0,,,,
HL,I5034 ,2,NO,58J1,MRN2,,,,590,2023NO_590,2023,W,126417,1,,,,,,,,0,,,,
HL,I5034 ,2,NL ,64T2 ,MRN2 ,,,,10117869,2024NL5400049,2024,W,126417,1,,,,,,,,0,,,,
HL,I5034 ,2,NL ,64T2 ,MRN2 ,,,,10117884,2024NL5400064,2024,W,126417,1,,,,,,,,0,,,,
HL,I5034 ,2,NL ,64T2 ,MRN2 ,,,,10117887,2024NL5400067,2024,W,126417,1,,,,,,,,0,,,,
HL,I5034 ,2,NL ,64T2 ,MRN2 ,,,,10117888,2024NL5400068,2024,W,126417,1,,,,,,,,0,,,,
HL,I5034 ,2,NL ,64T2 ,MRN2 ,,,,10117889,2024NL5400069,2024,W,126417,1,,,,,,,,0,,,,
HL,I5034 ,2,NL ,64T2 ,MRN2 ,,,,10117890,2024NL5400070,2024,W,126417,1,,,,,,,,0,,,,
HL,I5034 ,2,NL ,64T2 ,MRN2 ,,,,10117895,2024NL5400075,2024,W,126417,1,,,,,,,,0,,,,
HL,I5034 ,2,NL ,64T2 ,MRN2 ,,,,10117898,2024NL5400082,2024,W,126417,1,,,,,,,,0,,,,
HL,I5034 ,2,NL ,64T2 ,MRN2 ,,,,10117907,2024NL5400091,2024,W,126417,1,,,,,,,,0,,,,
HL,I5034 ,2,NL ,64T2 ,MRN2 ,,,,10117909,2024NL5400093,2024,W,126417,1,,,,,,,,0,,,,
HL,I5034 ,2,NL ,64T2 ,MRN2 ,,,,10117911,2024NL5400095,2024,W,126417,1,,,,,,,,0,,,,
HL,I5034 ,2,NL ,64T2 ,MRN2 ,,,,10117913,2024NL5400097,2024,W,126417,1,,,,,,,,0,,,,
HL,I5034 ,2,NL ,64T2 ,MRN2 ,,,,10117916,2024NL5400100,2024,W,126417,1,,,,,,,,0,,,,
HL,I5034 ,2,NL ,64T2 ,MRN2 ,,,,10117917,2024NL5400101,2024,W,126417,1,,,,,,,,0,,,,
HL,I5034 ,2,NL ,64T2 ,MRN2 ,,,,10155151,2025NL5400032,2025,W,126417,1,,,,,,,,0,,,,
HL,I5034 ,2,NL ,64T2 ,MRN2 ,,,,10155117,2025NL5400054,2025,W,126417,1,,,,,,,,0,,,,
HL,I5034 ,2,NL ,64T2 ,MRN2 ,,,,10155113,2025NL5400062,2025,W,126417,1,,,,,,,,0,,,,
HL,I5034 ,2,NL ,64T2 ,MRN2 ,,,,10155144,2025NL5400063,2025,W,126417,1,,,,,,,,0,,,,
HL,I5034 ,2,NL ,64T2 ,MRN2 ,,,,10155120,2025NL5400064,2025,W,126417,1,,,,,,,,0,,,,
HL,I5034 ,2,NL ,64T2 ,MRN2 ,,,,10155139,2025NL5400065,2025,W,126417,1,,,,,,,,0,,,,
HL,I5034 ,2,NL ,64T2 ,MRN2 ,,,,10155146,2025NL5400067,2025,W,126417,1,,,,,,,,0,,,,
HL,I5034 ,2,NL ,64T2 ,MRN2 ,,,,10155105,2025NL5400071,2025,W,126417,1,,,,,,,,0,,,,
HL,I5034 ,2,NL ,64T2 ,MRN2 ,,,,10155152,2025NL5400072,2025,W,126417,1,,,,,,,,0,,,,
HL,I5034 ,2,NL ,64T2 ,MRN2 ,,,,10155107,2025NL5400073,2025,W,126417,1,,,,,,,,0,,,,
HL,I5034 ,2,NL ,64T2 ,MRN2 ,,,,10155103,2025NL5400075,2025,W,126417,1,,,,,,,,0,,,,
HL,I5034 ,2,NL ,64T2 ,MRN2 ,,,,10155121,2025NL5400077,2025,W,126417,1,,,,,,,,0,,,,
HL,I5034 ,2,NL ,64T2 ,MRN2 ,,,,10155132,2025NL5400078,2025,W,126417,1,,,,,,,,0,,,,
HL,I5034 ,2,NL ,64T2 ,MRN2 ,,,,10155119,2025NL5400080,2025,W,126417,1,,,,,,,,0,,,,
HL,I5034 ,2,NL ,64T2 ,MRN2 ,,,,10155129,2025NL5400081,2025,W,126417,1,,,,,,,,0,,,,
HL,I5034 ,2,NL ,64T2 ,MRN2 ,,,,10155889,2025NL5400082,2025,W,126417,1,,,,,,,,0,,,,
HL,I5034 ,2,GB-ENG,74E9,MRN2,,,,39,20253914,2025,W,126417,1,,,,,,,,0,,,,
HL,I5034 ,2,GB-ENG,74E9,MRN2,,,,49,20254920,2025,W,126417,1,,,,,,,,0,,,,
RecordType,Survey,Quarter,Country,Ship,Gear,SweepLngt,GearEx,DoorType,StNo,HaulNo,Year,SpecCodeType,SpecCode,AreaType,AreaCode,LngtCode,LngtClass,Sex,Maturity,PlusGr,AgeRings,CANoAtLngt,IndWgt,MaturityScale,FishID,GenSamp,StomSamp,AgeSource,AgePrepMet,OtGrading,ParSamp,LiverWeight,ValidAphiaID,ScientificName_WoRMS
CA,I5034 ,2,NL,64T2 ,MRN2,,,,721905,2018NL002,2018,W,126417,,,1,21,,l,,,,,MN1,1,,,,,,,,126417,Clupea harengus
CA,I5034 ,2,NL,64T2 ,MRN2,,,,721905,2018NL002,2018,W,126417,,,1,22,,l,,,,,MN1,2,,,,,,,,126417,Clupea harengus
CA,I5034 ,2,NL,64T2 ,MRN2,,,,721905,2018NL002,2018,W,126417,,,1,23,,l,,,,,MN1,3,,,,,,,,126417,Clupea harengus
CA,I5034 ,2,NL,64T2 ,MRN2,,,,721905,2018NL002,2018,W,126417,,,1,24,,l,,,,,MN1,4,,,,,,,,126417,Clupea harengus
CA,I5034 ,2,NL,64T2 ,MRN2,,,,721905,2018NL002,2018,W,126417,,,1,25,,l,,,,,MN1,5,,,,,,,,126417,Clupea harengus
CA,I5034 ,2,NL,64T2 ,MRN2,,,,721905,2018NL002,2018,W,126417,,,1,26,,l,,,,,MN1,6,,,,,,,,126417,Clupea harengus
CA,I5034 ,2,NL,64T2 ,MRN2,,,,721905,2018NL002,2018,W,126417,,,1,27,,l,,,,,MN1,7,,,,,,,,126417,Clupea harengus
CA,I5034 ,2,NL,64T2 ,MRN2,,,,721905,2018NL002,2018,W,126417,,,1,30,,l,,,,,MN1,8,,,,,,,,126417,Clupea harengus
CA,I5034 ,2,NL,64T2 ,MRN2,,,,721905,2018NL002,2018,W,126417,,,1,0,,l,,,,,MN1,9,,,,,,,,126417,Clupea harengus
CA,I5034 ,2,NL,64T2 ,MRN2,,,,721906,2018NL003,2018,W,126417,,,1,21,,l,,,,,MN1,10,,,,,,,,126417,Clupea harengus
CA,I5034 ,2,NL,64T2 ,MRN2,,,,721906,2018NL003,2018,W,126417,,,1,23,,l,,,,,MN1,11,,,,,,,,126417,Clupea harengus
CA,I5034 ,2,NL,64T2 ,MRN2,,,,721906,2018NL003,2018,W,126417,,,1,24,,l,,,,,MN1,12,,,,,,,,126417,Clupea harengus
CA,I5034 ,2,NL,64T2 ,MRN2,,,,721906,2018NL003,2018,W,126417,,,1,25,,l,,,,,MN1,13,,,,,,,,126417,Clupea harengus
CA,I5034 ,2,NL,64T2 ,MRN2,,,,721906,2018NL003,2018,W,126417,,,1,26,,l,,,,,MN1,14,,,,,,,,126417,Clupea harengus
CA,I5034 ,2,NL,64T2 ,MRN2,,,,721906,2018NL003,2018,W,126417,,,1,27,,l,,,,,MN1,15,,,,,,,,126417,Clupea harengus
CA,I5034 ,2,NL,64T2 ,MRN2,,,,721906,2018NL003,2018,W,126417,,,1,28,,l,,,,,MN1,16,,,,,,,,126417,Clupea harengus
CA,I5034 ,2,NL,64T2 ,MRN2,,,,721906,2018NL003,2018,W,126417,,,1,29,,l,,,,,MN1,17,,,,,,,,126417,Clupea harengus
CA,I5034 ,2,NL,64T2 ,MRN2,,,,721906,2018NL003,2018,W,126417,,,1,0,,l,,,,,MN1,18,,,,,,,,126417,Clupea harengus
CA,I5034 ,2,NL,64T2 ,MRN2,,,,721907,2018NL004,2018,W,126417,,,1,20,,l,,,,,MN1,19,,,,,,,,126417,Clupea harengus
CA,I5034 ,2,NL,64T2 ,MRN2,,,,721907,2018NL004,2018,W,126417,,,1,21,,l,,,,,MN1,20,,,,,,,,126417,Clupea harengus
CA,I5034 ,2,NL,64T2 ,MRN2,,,,721907,2018NL004,2018,W,126417,,,1,22,,l,,,,,MN1,21,,,,,,,,126417,Clupea harengus
CA,I5034 ,2,NL,64T2 ,MRN2,,,,721907,2018NL004,2018,W,126417,,,1,23,,l,,,,,MN1,22,,,,,,,,126417,Clupea harengus
CA,I5034 ,2,NL,64T2 ,MRN2,,,,721907,2018NL004,2018,W,126417,,,1,24,,l,,,,,MN1,23,,,,,,,,126417,Clupea harengus
CA,I5034 ,2,NL,64T2 ,MRN2,,,,721907,2018NL004,2018,W,126417,,,1,25,,l,,,,,MN1,24,,,,,,,,126417,Clupea harengus
CA,I5034 ,2,NL,64T2 ,MRN2,,,,721907,2018NL004,2018,W,126417,,,1,26,,l,,,,,MN1,25,,,,,,,,126417,Clupea harengus
CA,I5034 ,2,NL,64T2 ,MRN2,,,,721907,2018NL004,2018,W,126417,,,1,27,,l,,,,,MN1,26,,,,,,,,126417,Clupea harengus
CA,I5034 ,2,NL,64T2 ,MRN2,,,,721907,2018NL004,2018,W,126417,,,1,28,,l,,,,,MN1,27,,,,,,,,126417,Clupea harengus
CA,I5034 ,2,NL,64T2 ,MRN2,,,,721907,2018NL004,2018,W,126417,,,1,29,,l,,,,,MN1,28,,,,,,,,126417,Clupea harengus
CA,I5034 ,2,NL,64T2 ,MRN2,,,,721907,2018NL004,2018,W,126417,,,1,33,,l,,,,,MN1,29,,,,,,,,126417,Clupea harengus
CA,I5034 ,2,NL,64T2 ,MRN2,,,,721907,2018NL004,2018,W,126417,,,1,34,,l,,,,,MN1,30,,,,,,,,126417,Clupea harengus
CA,I5034 ,2,NL,64T2 ,MRN2,,,,721907,2018NL004,2018,W,126417,,,1,0,,l,,,,,MN1,31,,,,,,,,126417,Clupea harengus
CA,I5034 ,2,NL,64T2 ,MRN2,,,,721903,2018NL005,2018,W,126417,,,1,21,,l,,,,,MN1,32,,,,,,,,126417,Clupea harengus
CA,I5034 ,2,NL,64T2 ,MRN2,,,,721903,2018NL005,2018,W,126417,,,1,22,,l,,,,,MN1,33,,,,,,,,126417,Clupea harengus
CA,I5034 ,2,NL,64T2 ,MRN2,,,,721903,2018NL005,2018,W,126417,,,1,23,,l,,,,,MN1,34,,,,,,,,126417,Clupea harengus
CA,I5034 ,2,NL,64T2 ,MRN2,,,,721903,2018NL005,2018,W,126417,,,1,24,,l,,,,,MN1,35,,,,,,,,126417,Clupea harengus
CA,I5034 ,2,NL,64T2 ,MRN2,,,,721903,2018NL005,2018,W,126417,,,1,25,,l,,,,,MN1,36,,,,,,,,126417,Clupea harengus
CA,I5034 ,2,NL,64T2 ,MRN2,,,,721903,2018NL005,2018,W,126417,,,1,26,,l,,,,,MN1,37,,,,,,,,126417,Clupea harengus
CA,I5034 ,2,NL,64T2 ,MRN2,,,,721903,2018NL005,2018,W,126417,,,1,27,,l,,,,,MN1,38,,,,,,,,126417,Clupea harengus
CA,I5034 ,2,NL,64T2 ,MRN2,,,,721903,2018NL005,2018,W,126417,,,1,29,,l,,,,,MN1,39,,,,,,,,126417,Clupea harengus
CA,I5034 ,2,NL,64T2 ,MRN2,,,,721903,2018NL005,2018,W,126417,,,1,0,,l,,,,,MN1,40,,,,,,,,126417,Clupea harengus
CA,I5034 ,2,NL,64T2 ,MRN2,,,,721903,2018NL005,2018,W,126417,,,1,0,,l,,,,,MN1,41,,,,,,,,126417,Clupea harengus
CA,I5034 ,2,NL,64T2 ,MRN2,,,,721909,2018NL010,2018,W,126417,,,1,19,,l,,,,,MN1,42,,,,,,,,126417,Clupea harengus
CA,I5034 ,2,NL,64T2 ,MRN2,,,,721909,2018NL010,2018,W,126417,,,1,20,,l,,,,,MN1,43,,,,,,,,126417,Clupea harengus
CA,I5034 ,2,NL,64T2 ,MRN2,,,,721909,2018NL010,2018,W,126417,,,1,21,,l,,,,,MN1,44,,,,,,,,126417,Clupea harengus
CA,I5034 ,2,NL,64T2 ,MRN2,,,,721909,2018NL010,2018,W,126417,,,1,22,,l,,,,,MN1,45,,,,,,,,126417,Clupea harengus
CA,I5034 ,2,NL,64T2 ,MRN2,,,,721909,2018NL010,2018,W,126417,,,1,23,,l,,,,,MN1,46,,,,,,,,126417,Clupea harengus
CA,I5034 ,2,NL,64T2 ,MRN2,,,,721909,2018NL010,2018,W,126417,,,1,24,,l,,,,,MN1,47,,,,,,,,126417,Clupea harengus
CA,I5034 ,2,NL,64T2 ,MRN2,,,,721909,2018NL010,2018,W,126417,,,1,25,,l,,,,,MN1,48,,,,,,,,126417,Clupea harengus
CA,I5034 ,2,NL,64T2 ,MRN2,,,,721909,2018NL010,2018,W,126417,,,1,26,,l,,,,,MN1,49,,,,,,,,126417,Clupea harengus
CA,I5034 ,2,NL,64T2 ,MRN2,,,,721909,2018NL010,2018,W,126417,,,1,27,,l,,,,,MN1,50,,,,,,,,126417,Clupea harengus
CA,I5034 ,2,NL,64T2 ,MRN2,,,,721909,2018NL010,2018,W,126417,,,1,28,,l,,,,,MN1,51,,,,,,,,126417,Clupea harengus
CA,I5034 ,2,NL,64T2 ,MRN2,,,,721909,2018NL010,2018,W,126417,,,1,30,,l,,,,,MN1,52,,,,,,,,126417,Clupea harengus
CA,I5034 ,2,NL,64T2 ,MRN2,,,,721910,2018NL011,2018,W,126417,,,1,19,,l,,,,,MN1,53,,,,,,,,126417,Clupea harengus
CA,I5034 ,2,NL,64T2 ,MRN2,,,,721910,2018NL011,2018,W,126417,,,1,22,,l,,,,,MN1,54,,,,,,,,126417,Clupea harengus
CA,I5034 ,2,NL,64T2 ,MRN2,,,,721910,2018NL011,2018,W,126417,,,1,23,,l,,,,,MN1,55,,,,,,,,126417,Clupea harengus
CA,I5034 ,2,NL,64T2 ,MRN2,,,,721910,2018NL011,2018,W,126417,,,1,24,,l,,,,,MN1,56,,,,,,,,126417,Clupea harengus
CA,I5034 ,2,NL,64T2 ,MRN2,,,,721910,2018NL011,2018,W,126417,,,1,25,,l,,,,,MN1,57,,,,,,,,126417,Clupea harengus
CA,I5034 ,2,NL,64T2 ,MRN2,,,,721910,2018NL011,2018,W,126417,,,1,26,,l,,,,,MN1,58,,,,,,,,126417,Clupea harengus
CA,I5034 ,2,NL,64T2 ,MRN2,,,,721910,2018NL011,2018,W,126417,,,1,27,,l,,,,,MN1,59,,,,,,,,126417,Clupea harengus
CA,I5034 ,2,NL,64T2 ,MRN2,,,,721910,2018NL011,2018,W,126417,,,1,28,,l,,,,,MN1,60,,,,,,,,126417,Clupea harengus
CA,I5034 ,2,NL,64T2 ,MRN2,,,,721910,2018NL011,2018,W,126417,,,1,29,,l,,,,,MN1,61,,,,,,,,126417,Clupea harengus
CA,I5034 ,2,NL,64T2 ,MRN2,,,,721910,2018NL011,2018,W,126417,,,1,30,,l,,,,,MN1,62,,,,,,,,126417,Clupea harengus
CA,I5034 ,2,NL,64T2 ,MRN2,,,,721910,2018NL011,2018,W,126417,,,1,31,,l,,,,,MN1,63,,,,,,,,126417,Clupea harengus
CA,I5034 ,2,NL,64T2 ,MRN2,,,,721910,2018NL011,2018,W,126417,,,1,32,,l,,,,,MN1,64,,,,,,,,126417,Clupea harengus
CA,I5034 ,2,NL,64T2 ,MRN2,,,,721910,2018NL011,2018,W,126417,,,1,35,,l,,,,,MN1,65,,,,,,,,126417,Clupea harengus
CA,I5034 ,2,NL,64T2 ,MRN2,,,,721910,2018NL011,2018,W,126417,,,1,0,,l,,,,,MN1,66,,,,,,,,126417,Clupea harengus
CA,I5034 ,2,NL,64T2 ,MRN2,,,,721911,2018NL012,2018,W,126417,,,1,20,,l,,,,,MN1,67,,,,,,,,126417,Clupea harengus
CA,I5034 ,2,NL,64T2 ,MRN2,,,,721911,2018NL012,2018,W,126417,,,1,21,,l,,,,,MN1,68,,,,,,,,126417,Clupea harengus
CA,I5034 ,2,NL,64T2 ,MRN2,,,,721911,2018NL012,2018,W,126417,,,1,22,,l,,,,,MN1,69,,,,,,,,126417,Clupea harengus
CA,I5034 ,2,NL,64T2 ,MRN2,,,,721911,2018NL012,2018,W,126417,,,1,23,,l,,,,,MN1,70,,,,,,,,126417,Clupea harengus
CA,I5034 ,2,NL,64T2 ,MRN2,,,,721911,2018NL012,2018,W,126417,,,1,24,,l,,,,,MN1,71,,,,,,,,126417,Clupea harengus
CA,I5034 ,2,NL,64T2 ,MRN2,,,,721911,2018NL012,2018,W,126417,,,1,25,,l,,,,,MN1,72,,,,,,,,126417,Clupea harengus
CA,I5034 ,2,NL,64T2 ,MRN2,,,,721911,2018NL012,2018,W,126417,,,1,26,,l,,,,,MN1,73,,,,,,,,126417,Clupea harengus
CA,I5034 ,2,NL,64T2 ,MRN2,,,,721911,2018NL012,2018,W,126417,,,1,27,,l,,,,,MN1,74,,,,,,,,126417,Clupea harengus
CA,I5034 ,2,NL,64T2 ,MRN2,,,,721911,2018NL012,2018,W,126417,,,1,28,,l,,,,,MN1,75,,,,,,,,126417,Clupea harengus
CA,I5034 ,2,NL,64T2 ,MRN2,,,,721911,2018NL012,2018,W,126417,,,1,29,,l,,,,,MN1,76,,,,,,,,126417,Clupea harengus
CA,I5034 ,2,NL,64T2 ,MRN2,,,,721911,2018NL012,2018,W,126417,,,1,30,,l,,,,,MN1,77,,,,,,,,126417,Clupea harengus
CA,I5034 ,2,NL,64T2 ,MRN2,,,,721911,2018NL012,2018,W,126417,,,1,32,,l,,,,,MN1,78,,,,,,,,126417,Clupea harengus
CA,I5034 ,2,NL,64T2 ,MRN2,,,,721911,2018NL012,2018,W,126417,,,1,0,,l,,,,,MN1,79,,,,,,,,126417,Clupea harengus
CA,I5034 ,2,NL,64T2 ,MRN2,,,,721912,2018NL013,2018,W,126417,,,1,23,,l,,,,,MN1,80,,,,,,,,126417,Clupea harengus
CA,I5034 ,2,NL,64T2 ,MRN2,,,,721912,2018NL013,2018,W,126417,,,1,24,,l,,,,,MN1,81,,,,,,,,126417,Clupea harengus
CA,I5034 ,2,NL,64T2 ,MRN2,,,,721912,2018NL013,2018,W,126417,,,1,25,,l,,,,,MN1,82,,,,,,,,126417,Clupea harengus
CA,I5034 ,2,NL,64T2 ,MRN2,,,,721912,2018NL013,2018,W,126417,,,1,26,,l,,,,,MN1,83,,,,,,,,126417,Clupea harengus
CA,I5034 ,2,NL,64T2 ,MRN2,,,,721912,2018NL013,2018,W,126417,,,1,27,,l,,,,,MN1,84,,,,,,,,126417,Clupea harengus
CA,I5034 ,2,NL,64T2 ,MRN2,,,,721912,2018NL013,2018,W,126417,,,1,28,,l,,,,,MN1,85,,,,,,,,126417,Clupea harengus
CA,I5034 ,2,NL,64T2 ,MRN2,,,,721912,2018NL013,2018,W,126417,,,1,29,,l,,,,,MN1,86,,,,,,,,126417,Clupea harengus
CA,I5034 ,2,NL,64T2 ,MRN2,,,,721912,2018NL013,2018,W,126417,,,1,30,,l,,,,,MN1,87,,,,,,,,126417,Clupea harengus
CA,I5034 ,2,NL,64T2 ,MRN2,,,,721913,2018NL014,2018,W,126417,,,1,22,,l,,,,,MN1,88,,,,,,,,126417,Clupea harengus
CA,I5034 ,2,NL,64T2 ,MRN2,,,,721913,2018NL014,2018,W,126417,,,1,23,,l,,,,,MN1,89,,,,,,,,126417,Clupea harengus
CA,I5034 ,2,NL,64T2 ,MRN2,,,,721913,2018NL014,2018,W,126417,,,1,24,,l,,,,,MN1,90,,,,,,,,126417,Clupea harengus
CA,I5034 ,2,NL,64T2 ,MRN2,,,,721913,2018NL014,2018,W,126417,,,1,25,,l,,,,,MN1,91,,,,,,,,126417,Clupea harengus
CA,I5034 ,2,NL,64T2 ,MRN2,,,,721913,2018NL014,2018,W,126417,,,1,26,,l,,,,,MN1,92,,,,,,,,126417,Clupea harengus
CA,I5034 ,2,NL,64T2 ,MRN2,,,,721913,2018NL014,2018,W,126417,,,1,27,,l,,,,,MN1,93,,,,,,,,126417,Clupea harengus
CA,I5034 ,2,NL,64T2 ,MRN2,,,,721913,2018NL014,2018,W,126417,,,1,28,,l,,,,,MN1,94,,,,,,,,126417,Clupea harengus
CA,I5034 ,2,NL,64T2 ,MRN2,,,,721913,2018NL014,2018,W,126417,,,1,29,,l,,,,,MN1,95,,,,,,,,126417,Clupea harengus
CA,I5034 ,2,NL,64T2 ,MRN2,,,,721913,2018NL014,2018,W,126417,,,1,30,,l,,,,,MN1,96,,,,,,,,126417,Clupea harengus
CA,I5034 ,2,NL,64T2 ,MRN2,,,,721913,2018NL014,2018,W,126417,,,1,31,,l,,,,,MN1,97,,,,,,,,126417,Clupea harengus
CA,I5034 ,2,NL,64T2 ,MRN2,,,,721913,2018NL014,2018,W,126417,,,1,32,,l,,,,,MN1,98,,,,,,,,126417,Clupea harengus
CA,I5034 ,2,NL,64T2 ,MRN2,,,,721913,2018NL014,2018,W,126417,,,1,0,,l,,,,,MN1,99,,,,,,,,126417,Clupea harengus
CA,I5034 ,2,NL,64T2 ,MRN2,,,,721914,2018NL015,2018,W,126417,,,1,22,,l,,,,,MN1,100,,,,,,,,126417,Clupea harengus
CA,I5034 ,2,NL,64T2 ,MRN2,,,,721914,2018NL015,2018,W,126417,,,1,26,,l,,,,,MN1,101,,,,,,,,126417,Clupea harengus
CA,I5034 ,2,NL,64T2 ,MRN2,,,,721914,2018NL015,2018,W,126417,,,1,30,,l,,,,,MN1,102,,,,,,,,126417,Clupea harengus
CA,I5034 ,2,NL,64T2 ,MRN2,,,,721914,2018NL015,2018,W,126417,,,1,0,,l,,,,,MN1,103,,,,,,,,126417,Clupea harengus
CA,I5034 ,2,NL,64T2 ,MRN2,,,,721914,2018NL015,2018,W,126417,,,1,0,,l,,,,,MN1,104,,,,,,,,126417,Clupea harengus
CA,I5034 ,2,NL,64T2 ,MRN2,,,,721915,2018NL016,2018,W,126417,,,1,20,,l,,,,,MN1,105,,,,,,,,126417,Clupea harengus
CA,I5034 ,2,NL,64T2 ,MRN2,,,,721915,2018NL016,2018,W,126417,,,1,21,,l,,,,,MN1,106,,,,,,,,126417,Clupea harengus
CA,I5034 ,2,NL,64T2 ,MRN2,,,,721915,2018NL016,2018,W,126417,,,1,22,,l,,,,,MN1,107,,,,,,,,126417,Clupea harengus
CA,I5034 ,2,NL,64T2 ,MRN2,,,,721915,2018NL016,2018,W,126417,,,1,23,,l,,,,,MN1,108,,,,,,,,126417,Clupea harengus
CA,I5034 ,2,NL,64T2 ,MRN2,,,,721915,2018NL016,2018,W,126417,,,1,24,,l,,,,,MN1,109,,,,,,,,126417,Clupea harengus
CA,I5034 ,2,NL,64T2 ,MRN2,,,,721915,2018NL016,2018,W,126417,,,1,25,,l,,,,,MN1,110,,,,,,,,126417,Clupea harengus
CA,I5034 ,2,NL,64T2 ,MRN2,,,,721915,2018NL016,2018,W,126417,,,1,26,,l,,,,,MN1,111,,,,,,,,126417,Clupea harengus
CA,I5034 ,2,NL,64T2 ,MRN2,,,,721915,2018NL016,2018,W,126417,,,1,27,,l,,,,,MN1,112,,,,,,,,126417,Clupea harengus
CA,I5034 ,2,NL,64T2 ,MRN2,,,,721915,2018NL016,2018,W,126417,,,1,28,,l,,,,,MN1,113,,,,,,,,126417,Clupea harengus
CA,I5034 ,2,NL,64T2 ,MRN2,,,,721915,2018NL016,2018,W,126417,,,1,0,,l,,,,,MN1,114,,,,,,,,126417,Clupea harengus
CA,I5034 ,2,NL,64T2 ,MRN2,,,,721916,2018NL017,2018,W,126417,,,1,19,,l,,,,,MN1,115,,,,,,,,126417,Clupea harengus
CA,I5034 ,2,NL,64T2 ,MRN2,,,,721916,2018NL017,2018,W,126417,,,1,21,,l,,,,,MN1,116,,,,,,,,126417,Clupea harengus
CA,I5034 ,2,NL,64T2 ,MRN2,,,,721916,2018NL017,2018,W,126417,,,1,22,,l,,,,,MN1,117,,,,,,,,126417,Clupea harengus
CA,I5034 ,2,NL,64T2 ,MRN2,,,,721916,2018NL017,2018,W,126417,,,1,23,,l,,,,,MN1,118,,,,,,,,126417,Clupea harengus
CA,I5034 ,2,NL,64T2 ,MRN2,,,,721916,2018NL017,2018,W,126417,,,1,24,,l,,,,,MN1,119,,,,,,,,126417,Clupea harengus
CA,I5034 ,2,NL,64T2 ,MRN2,,,,721916,2018NL017,2018,W,126417,,,1,25,,l,,,,,MN1,120,,,,,,,,126417,Clupea harengus
CA,I5034 ,2,NL,64T2 ,MRN2,,,,721916,2018NL017,2018,W,126417,,,1,27,,l,,,,,MN1,121,,,,,,,,126417,Clupea harengus
CA,I5034 ,2,NL,64T2 ,MRN2,,,,721916,2018NL017,2018,W,126417,,,1,28,,l,,,,,MN1,122,,,,,,,,126417,Clupea harengus
CA,I5034 ,2,NL,64T2 ,MRN2,,,,721916,2018NL017,2018,W,126417,,,1,29,,l,,,,,MN1,123,,,,,,,,126417,Clupea harengus
CA,I5034 ,2,NL,64T2 ,MRN2,,,,721916,2018NL017,2018,W,126417,,,1,0,,l,,,,,MN1,124,,,,,,,,126417,Clupea harengus
CA,I5034 ,2,NL,64T2 ,MRN2,,,,721918,2018NL019,2018,W,126417,,,1,23,,l,,,,,MN1,125,,,,,,,,126417,Clupea harengus
CA,I5034 ,2,NL,64T2 ,MRN2,,,,721918,2018NL019,2018,W,126417,,,1,24,,l,,,,,MN1,126,,,,,,,,126417,Clupea harengus
CA,I5034 ,2,NL,64T2 ,MRN2,,,,721918,2018NL019,2018,W,126417,,,1,25,,l,,,,,MN1,127,,,,,,,,126417,Clupea harengus
CA,I5034 ,2,NL,64T2 ,MRN2,,,,721918,2018NL019,2018,W,126417,,,1,27,,l,,,,,MN1,128,,,,,,,,126417,Clupea harengus
CA,I5034 ,2,NL,64T2 ,MRN2,,,,721918,2018NL019,2018,W,126417,,,1,28,,l,,,,,MN1,129,,,,,,,,126417,Clupea harengus
CA,I5034 ,2,NL,64T2 ,MRN2,,,,721919,2018NL020,2018,W,126417,,,1,21,,l,,,,,MN1,130,,,,,,,,126417,Clupea harengus
CA,I5034 ,2,NL,64T2 ,MRN2,,,,721919,2018NL020,2018,W,126417,,,1,22,,l,,,,,MN1,131,,,,,,,,126417,Clupea harengus
CA,I5034 ,2,NL,64T2 ,MRN2,,,,721919,2018NL020,2018,W,126417,,,1,26,,l,,,,,MN1,132,,,,,,,,126417,Clupea harengus
CA,I5034 ,2,NL,64T2 ,MRN2,,,,721919,2018NL020,2018,W,126417,,,1,29,,l,,,,,MN1,133,,,,,,,,126417,Clupea harengus
CA,I5034 ,2,NL,64T2 ,MRN2,,,,721919,2018NL020,2018,W,126417,,,1,30,,l,,,,,MN1,134,,,,,,,,126417,Clupea harengus
CA,I5034 ,2,NL,64T2 ,MRN2,,,,721919,2018NL020,2018,W,126417,,,1,31,,l,,,,,MN1,135,,,,,,,,126417,Clupea harengus
CA,I5034 ,2,NL,64T2 ,MRN2,,,,721919,2018NL020,2018,W,126417,,,1,35,,l,,,,,MN1,136,,,,,,,,126417,Clupea harengus
CA,I5034 ,2,NL,64T2 ,MRN2,,,,721919,2018NL020,2018,W,126417,,,1,38,,l,,,,,MN1,137,,,,,,,,126417,Clupea harengus
CA,I5034 ,2,NL,64T2 ,MRN2,,,,721920,2018NL021,2018,W,126417,,,1,27,,l,,,,,MN1,138,,,,,,,,126417,Clupea harengus
CA,I5034 ,2,NL,64T2 ,MRN2,,,,721920,2018NL021,2018,W,126417,,,1,28,,l,,,,,MN1,139,,,,,,,,126417,Clupea harengus
CA,I5034 ,2,NL,64T2 ,MRN2,,,,721920,2018NL021,2018,W,126417,,,1,31,,l,,,,,MN1,140,,,,,,,,126417,Clupea harengus
CA,I5034 ,2,NL,64T2 ,MRN2,,,,721920,2018NL021,2018,W,126417,,,1,32,,l,,,,,MN1,141,,,,,,,,126417,Clupea harengus
CA,I5034 ,2,NL,64T2 ,MRN2,,,,721920,2018NL021,2018,W,126417,,,1,34,,l,,,,,MN1,142,,,,,,,,126417,Clupea harengus
CA,I5034 ,2,NL,64T2 ,MRN2,,,,721920,2018NL021,2018,W,126417,,,1,35,,l,,,,,MN1,143,,,,,,,,126417,Clupea harengus
CA,I5034 ,2,NL,64T2 ,MRN2,,,,721921,2018NL022,2018,W,126417,,,1,25,,l,,,,,MN1,144,,,,,,,,126417,Clupea harengus
CA,I5034 ,2,NL,64T2 ,MRN2,,,,721921,2018NL022,2018,W,126417,,,1,27,,l,,,,,MN1,145,,,,,,,,126417,Clupea harengus
CA,I5034 ,2,NL,64T2 ,MRN2,,,,721921,2018NL022,2018,W,126417,,,1,32,,l,,,,,MN1,146,,,,,,,,126417,Clupea harengus
CA,I5034 ,2,NL,64T2 ,MRN2,,,,721921,2018NL022,2018,W,126417,,,1,37,,l,,,,,MN1,147,,,,,,,,126417,Clupea harengus
CA,I5034 ,2,NL,64T2 ,MRN2,,,,721921,2018NL022,2018,W,126417,,,1,0,,l,,,,,MN1,148,,,,,,,,126417,Clupea harengus
CA,I5034 ,2,NL,64T2 ,MRN2,,,,721922,2018NL023,2018,W,126417,,,1,24,,l,,,,,MN1,149,,,,,,,,126417,Clupea harengus
CA,I5034 ,2,NL,64T2 ,MRN2,,,,721922,2018NL023,2018,W,126417,,,1,25,,l,,,,,MN1,150,,,,,,,,126417,Clupea harengus
CA,I5034 ,2,NL,64T2 ,MRN2,,,,721922,2018NL023,2018,W,126417,,,1,27,,l,,,,,MN1,151,,,,,,,,126417,Clupea harengus
CA,I5034 ,2,NL,64T2 ,MRN2,,,,721922,2018NL023,2018,W,126417,,,1,28,,l,,,,,MN1,152,,,,,,,,126417,Clupea harengus
CA,I5034 ,2,NL,64T2 ,MRN2,,,,721922,2018NL023,2018,W,126417,,,1,29,,l,,,,,MN1,153,,,,,,,,126417,Clupea harengus
CA,I5034 ,2,NL,64T2 ,MRN2,,,,721922,2018NL023,2018,W,126417,,,1,32,,l,,,,,MN1,154,,,,,,,,126417,Clupea harengus
CA,I5034 ,2,NL,64T2 ,MRN2,,,,721922,2018NL023,2018,W,126417,,,1,33,,l,,,,,MN1,155,,,,,,,,126417,Clupea harengus
CA,I5034 ,2,NL,64T2 ,MRN2,,,,721922,2018NL023,2018,W,126417,,,1,34,,l,,,,,MN1,156,,,,,,,,126417,Clupea harengus
CA,I5034 ,2,NL,64T2 ,MRN2,,,,721922,2018NL023,2018,W,126417,,,1,36,,l,,,,,MN1,157,,,,,,,,126417,Clupea harengus
CA,I5034 ,2,NL,64T2 ,MRN2,,,,721922,2018NL023,2018,W,126417,,,1,37,,l,,,,,MN1,158,,,,,,,,126417,Clupea harengus
CA,I5034 ,2,NL,64T2 ,MRN2,,,,721922,2018NL023,2018,W,126417,,,1,38,,l,,,,,MN1,159,,,,,,,,126417,Clupea harengus
CA,I5034 ,2,NL,64T2 ,MRN2,,,,721922,2018NL023,2018,W,126417,,,1,0,,l,,,,,MN1,160,,,,,,,,126417,Clupea harengus
CA,I5034 ,2,NL,64T2 ,MRN2,,,,721923,2018NL024,2018,W,126417,,,1,27,,l,,,,,MN1,161,,,,,,,,126417,Clupea harengus
CA,I5034 ,2,NL,64T2 ,MRN2,,,,721923,2018NL024,2018,W,126417,,,1,30,,l,,,,,MN1,162,,,,,,,,126417,Clupea harengus
CA,I5034 ,2,NL,64T2 ,MRN2,,,,721923,2018NL024,2018,W,126417,,,1,31,,l,,,,,MN1,163,,,,,,,,126417,Clupea harengus
CA,I5034 ,2,NL,64T2 ,MRN2,,,,721923,2018NL024,2018,W,126417,,,1,32,,l,,,,,MN1,164,,,,,,,,126417,Clupea harengus
CA,I5034 ,2,NL,64T2 ,MRN2,,,,721923,2018NL024,2018,W,126417,,,1,35,,l,,,,,MN1,165,,,,,,,,126417,Clupea harengus
CA,I5034 ,2,NL,64T2 ,MRN2,,,,721923,2018NL024,2018,W,126417,,,1,36,,l,,,,,MN1,166,,,,,,,,126417,Clupea harengus
CA,I5034 ,2,NL,64T2 ,MRN2,,,,721923,2018NL024,2018,W,126417,,,1,37,,l,,,,,MN1,167,,,,,,,,126417,Clupea harengus
CA,I5034 ,2,NL,64T2 ,MRN2,,,,721923,2018NL024,2018,W,126417,,,1,38,,l,,,,,MN1,168,,,,,,,,126417,Clupea harengus
CA,I5034 ,2,NL,64T2 ,MRN2,,,,721924,2018NL025,2018,W,126417,,,1,33,,l,,,,,MN1,169,,,,,,,,126417,Clupea harengus
CA,I5034 ,2,NL,64T2 ,MRN2,,,,721924,2018NL025,2018,W,126417,,,1,34,,l,,,,,MN1,170,,,,,,,,126417,Clupea harengus
CA,I5034 ,2,NL,64T2 ,MRN2,,,,721924,2018NL025,2018,W,126417,,,1,35,,l,,,,,MN1,171,,,,,,,,126417,Clupea harengus
CA,I5034 ,2,NL,64T2 ,MRN2,,,,721924,2018NL025,2018,W,126417,,,1,36,,l,,,,,MN1,172,,,,,,,,126417,Clupea harengus
CA,I5034 ,2,NL,64T2 ,MRN2,,,,721924,2018NL025,2018,W,126417,,,1,37,,l,,,,,MN1,173,,,,,,,,126417,Clupea harengus
CA,I5034 ,2,NL,64T2 ,MRN2,,,,721924,2018NL025,2018,W,126417,,,1,38,,l,,,,,MN1,174,,,,,,,,126417,Clupea harengus
CA,I5034 ,2,NL,64T2 ,MRN2,,,,721924,2018NL025,2018,W,126417,,,1,39,,l,,,,,MN1,175,,,,,,,,126417,Clupea harengus
CA,I5034 ,2,NL,64T2 ,MRN2,,,,721925,2018NL026,2018,W,126417,,,1,33,,l,,,,,MN1,176,,,,,,,,126417,Clupea harengus
CA,I5034 ,2,NL,64T2 ,MRN2,,,,721925,2018NL026,2018,W,126417,,,1,34,,l,,,,,MN1,177,,,,,,,,126417,Clupea harengus
CA,I5034 ,2,NL,64T2 ,MRN2,,,,721925,2018NL026,2018,W,126417,,,1,36,,l,,,,,MN1,178,,,,,,,,126417,Clupea harengus
CA,I5034 ,2,NL,64T2 ,MRN2,,,,721925,2018NL026,2018,W,126417,,,1,38,,l,,,,,MN1,179,,,,,,,,126417,Clupea harengus
CA,I5034 ,2,NL,64T2 ,MRN2,,,,721926,2018NL027,2018,W,126417,,,1,32,,l,,,,,MN1,180,,,,,,,,126417,Clupea harengus
CA,I5034 ,2,NL,64T2 ,MRN2,,,,721926,2018NL027,2018,W,126417,,,1,33,,l,,,,,MN1,181,,,,,,,,126417,Clupea harengus
CA,I5034 ,2,NL,64T2 ,MRN2,,,,721926,2018NL027,2018,W,126417,,,1,34,,l,,,,,MN1,182,,,,,,,,126417,Clupea harengus
CA,I5034 ,2,NL,64T2 ,MRN2,,,,721926,2018NL027,2018,W,126417,,,1,36,,l,,,,,MN1,183,,,,,,,,126417,Clupea harengus
CA,I5034 ,2,NL,64T2 ,MRN2,,,,721926,2018NL027,2018,W,126417,,,1,38,,l,,,,,MN1,184,,,,,,,,126417,Clupea harengus
CA,I5034 ,2,NL,64T2 ,MRN2,,,,721928,2018NL029,2018,W,126417,,,1,37,,l,,,,,MN1,185,,,,,,,,126417,Clupea harengus
CA,I5034 ,2,NL,64T2 ,MRN2,,,,721928,2018NL029,2018,W,126417,,,1,37,,l,,,,,MN1,186,,,,,,,,126417,Clupea harengus
CA,I5034 ,2,NL,64T2 ,MRN2,,,,721929,2018NL030,2018,W,126417,,,1,22,,l,,,,,MN1,187,,,,,,,,126417,Clupea harengus
CA,I5034 ,2,NL,64T2 ,MRN2,,,,721929,2018NL030,2018,W,126417,,,1,34,,l,,,,,MN1,188,,,,,,,,126417,Clupea harengus
CA,I5034 ,2,NL,64T2 ,MRN2,,,,721930,2018NL031,2018,W,126417,,,1,25,,l,,,,,MN1,189,,,,,,,,126417,Clupea harengus
CA,I5034 ,2,NL,64T2 ,MRN2,,,,721930,2018NL031,2018,W,126417,,,1,25,,l,,,,,MN1,190,,,,,,,,126417,Clupea harengus
CA,I5034 ,2,NL,64T2 ,MRN2,,,,721957,2018NL032,2018,W,126417,,,1,24,,l,,,,,MN1,191,,,,,,,,126417,Clupea harengus
CA,I5034 ,2,NL,64T2 ,MRN2,,,,721957,2018NL032,2018,W,126417,,,1,24,,l,,,,,MN1,192,,,,,,,,126417,Clupea harengus
CA,I5034 ,2,NL,64T2 ,MRN2,,,,721932,2018NL033,2018,W,126417,,,1,21,,l,,,,,MN1,193,,,,,,,,126417,Clupea harengus
CA,I5034 ,2,NL,64T2 ,MRN2,,,,721932,2018NL033,2018,W,126417,,,1,23,,l,,,,,MN1,194,,,,,,,,126417,Clupea harengus
CA,I5034 ,2,NL,64T2 ,MRN2,,,,721932,2018NL033,2018,W,126417,,,1,25,,l,,,,,MN1,195,,,,,,,,126417,Clupea harengus
CA,I5034 ,2,NL,64T2 ,MRN2,,,,721932,2018NL033,2018,W,126417,,,1,28,,l,,,,,MN1,196,,,,,,,,126417,Clupea harengus
CA,I5034 ,2,NL,64T2 ,MRN2,,,,721933,2018NL034,2018,W,126417,,,1,19,,l,,,,,MN1,197,,,,,,,,126417,Clupea harengus
CA,I5034 ,2,NL,64T2 ,MRN2,,,,721933,2018NL034,2018,W,126417,,,1,20,,l,,,,,MN1,198,,,,,,,,126417,Clupea harengus
CA,I5034 ,2,NL,64T2 ,MRN2,,,,721933,2018NL034,2018,W,126417,,,1,21,,l,,,,,MN1,199,,,,,,,,126417,Clupea harengus
CA,I5034 ,2,NL,64T2 ,MRN2,,,,721933,2018NL034,2018,W,126417,,,1,22,,l,,,,,MN1,200,,,,,,,,126417,Clupea harengus
CA,I5034 ,2,NL,64T2 ,MRN2,,,,721933,2018NL034,2018,W,126417,,,1,23,,l,,,,,MN1,201,,,,,,,,126417,Clupea harengus
CA,I5034 ,2,NL,64T2 ,MRN2,,,,721933,2018NL034,2018,W,126417,,,1,24,,l,,,,,MN1,202,,,,,,,,126417,Clupea harengus
CA,I5034 ,2,NL,64T2 ,MRN2,,,,721933,2018NL034,2018,W,126417,,,1,25,,l,,,,,MN1,203,,,,,,,,126417,Clupea harengus
CA,I5034 ,2,NL,64T2 ,MRN2,,,,721933,2018NL034,2018,W,126417,,,1,26,,l,,,,,MN1,204,,,,,,,,126417,Clupea harengus
CA,I5034 ,2,NL,64T2 ,MRN2,,,,721933,2018NL034,2018,W,126417,,,1,27,,l,,,,,MN1,205,,,,,,,,126417,Clupea harengus
CA,I5034 ,2,NL,64T2 ,MRN2,,,,721933,2018NL034,2018,W,126417,,,1,28,,l,,,,,MN1,206,,,,,,,,126417,Clupea harengus
CA,I5034 ,2,NL,64T2 ,MRN2,,,,721933,2018NL034,2018,W,126417,,,1,30,,l,,,,,MN1,207,,,,,,,,126417,Clupea harengus
CA,I5034 ,2,NL,64T2 ,MRN2,,,,721934,2018NL035,2018,W,126417,,,1,22,,l,,,,,MN1,208,,,,,,,,126417,Clupea harengus
CA,I5034 ,2,NL,64T2 ,MRN2,,,,721934,2018NL035,2018,W,126417,,,1,23,,l,,,,,MN1,209,,,,,,,,126417,Clupea harengus
CA,I5034 ,2,NL,64T2 ,MRN2,,,,721934,2018NL035,2018,W,126417,,,1,24,,l,,,,,MN1,210,,,,,,,,126417,Clupea harengus
CA,I5034 ,2,NL,64T2 ,MRN2,,,,721934,2018NL035,2018,W,126417,,,1,25,,l,,,,,MN1,211,,,,,,,,126417,Clupea harengus
CA,I5034 ,2,NL,64T2 ,MRN2,,,,721934,2018NL035,2018,W,126417,,,1,26,,l,,,,,MN1,212,,,,,,,,126417,Clupea harengus
CA,I5034 ,2,NL,64T2 ,MRN2,,,,721934,2018NL035,2018,W,126417,,,1,27,,l,,,,,MN1,213,,,,,,,,126417,Clupea harengus
CA,I5034 ,2,NL,64T2 ,MRN2,,,,721935,2018NL036,2018,W,126417,,,1,23,,l,,,,,MN1,214,,,,,,,,126417,Clupea harengus
CA,I5034 ,2,NL,64T2 ,MRN2,,,,721935,2018NL036,2018,W,126417,,,1,24,,l,,,,,MN1,215,,,,,,,,126417,Clupea harengus
CA,I5034 ,2,NL,64T2 ,MRN2,,,,721935,2018NL036,2018,W,126417,,,1,25,,l,,,,,MN1,216,,,,,,,,126417,Clupea harengus
CA,I5034 ,2,NL,64T2 ,MRN2,,,,721935,2018NL036,2018,W,126417,,,1,36,,l,,,,,MN1,217,,,,,,,,126417,Clupea harengus
CA,I5034 ,2,NL,64T2 ,MRN2,,,,721936,2018NL037,2018,W,126417,,,1,21,,l,,,,,MN1,218,,,,,,,,126417,Clupea harengus
CA,I5034 ,2,NL,64T2 ,MRN2,,,,721936,2018NL037,2018,W,126417,,,1,22,,l,,,,,MN1,219,,,,,,,,126417,Clupea harengus
CA,I5034 ,2,NL,64T2 ,MRN2,,,,721936,2018NL037,2018,W,126417,,,1,23,,l,,,,,MN1,220,,,,,,,,126417,Clupea harengus
CA,I5034 ,2,NL,64T2 ,MRN2,,,,721936,2018NL037,2018,W,126417,,,1,24,,l,,,,,MN1,221,,,,,,,,126417,Clupea harengus
CA,I5034 ,2,NL,64T2 ,MRN2,,,,721936,2018NL037,2018,W,126417,,,1,25,,l,,,,,MN1,222,,,,,,,,126417,Clupea harengus
CA,I5034 ,2,NL,64T2 ,MRN2,,,,721936,2018NL037,2018,W,126417,,,1,26,,l,,,,,MN1,223,,,,,,,,126417,Clupea harengus
CA,I5034 ,2,NL,64T2 ,MRN2,,,,721936,2018NL037,2018,W,126417,,,1,27,,l,,,,,MN1,224,,,,,,,,126417,Clupea harengus
CA,I5034 ,2,NL,64T2 ,MRN2,,,,721936,2018NL037,2018,W,126417,,,1,29,,l,,,,,MN1,225,,,,,,,,126417,Clupea harengus
CA,I5034 ,2,NL,64T2 ,MRN2,,,,721936,2018NL037,2018,W,126417,,,1,36,,l,,,,,MN1,226,,,,,,,,126417,Clupea harengus
CA,I5034 ,2,NL,64T2 ,MRN2,,,,721937,2018NL038,2018,W,126417,,,1,22,,l,,,,,MN1,227,,,,,,,,126417,Clupea harengus
CA,I5034 ,2,NL,64T2 ,MRN2,,,,721937,2018NL038,2018,W,126417,,,1,23,,l,,,,,MN1,228,,,,,,,,126417,Clupea harengus
CA,I5034 ,2,NL,64T2 ,MRN2,,,,721937,2018NL038,2018,W,126417,,,1,24,,l,,,,,MN1,229,,,,,,,,126417,Clupea harengus
CA,I5034 ,2,NL,64T2 ,MRN2,,,,721937,2018NL038,2018,W,126417,,,1,25,,l,,,,,MN1,230,,,,,,,,126417,Clupea harengus
CA,I5034 ,2,NL,64T2 ,MRN2,,,,721937,2018NL038,2018,W,126417,,,1,26,,l,,,,,MN1,231,,,,,,,,126417,Clupea harengus
CA,I5034 ,2,NL,64T2 ,MRN2,,,,721937,2018NL038,2018,W,126417,,,1,28,,l,,,,,MN1,232,,,,,,,,126417,Clupea harengus
CA,I5034 ,2,NL,64T2 ,MRN2,,,,721937,2018NL038,2018,W,126417,,,1,29,,l,,,,,MN1,233,,,,,,,,126417,Clupea harengus
CA,I5034 ,2,NL,64T2 ,MRN2,,,,721937,2018NL038,2018,W,126417,,,1,31,,l,,,,,MN1,234,,,,,,,,126417,Clupea harengus
CA,I5034 ,2,NL,64T2 ,MRN2,,,,721938,2018NL039,2018,W,126417,,,1,24,,l,,,,,MN1,235,,,,,,,,126417,Clupea harengus
CA,I5034 ,2,NL,64T2 ,MRN2,,,,721938,2018NL039,2018,W,126417,,,1,25,,l,,,,,MN1,236,,,,,,,,126417,Clupea harengus
CA,I5034 ,2,NL,64T2 ,MRN2,,,,721938,2018NL039,2018,W,126417,,,1,26,,l,,,,,MN1,237,,,,,,,,126417,Clupea harengus
CA,I5034 ,2,NL,64T2 ,MRN2,,,,721938,2018NL039,2018,W,126417,,,1,27,,l,,,,,MN1,238,,,,,,,,126417,Clupea harengus
CA,I5034 ,2,NL,64T2 ,MRN2,,,,721938,2018NL039,2018,W,126417,,,1,28,,l,,,,,MN1,239,,,,,,,,126417,Clupea harengus
CA,I5034 ,2,NL,64T2 ,MRN2,,,,721938,2018NL039,2018,W,126417,,,1,29,,l,,,,,MN1,240,,,,,,,,126417,Clupea harengus
CA,I5034 ,2,NL,64T2 ,MRN2,,,,721938,2018NL039,2018,W,126417,,,1,30,,l,,,,,MN1,241,,,,,,,,126417,Clupea harengus
CA,I5034 ,2,NL,64T2 ,MRN2,,,,721938,2018NL039,2018,W,126417,,,1,31,,l,,,,,MN1,242,,,,,,,,126417,Clupea harengus
CA,I5034 ,2,NL,64T2 ,MRN2,,,,721938,2018NL039,2018,W,126417,,,1,32,,l,,,,,MN1,243,,,,,,,,126417,Clupea harengus
CA,I5034 ,2,NL,64T2 ,MRN2,,,,721939,2018NL040,2018,W,126417,,,1,20,,l,,,,,MN1,244,,,,,,,,126417,Clupea harengus
CA,I5034 ,2,NL,64T2 ,MRN2,,,,721939,2018NL040,2018,W,126417,,,1,23,,l,,,,,MN1,245,,,,,,,,126417,Clupea harengus
CA,I5034 ,2,NL,64T2 ,MRN2,,,,721939,2018NL040,2018,W,126417,,,1,24,,l,,,,,MN1,246,,,,,,,,126417,Clupea harengus
CA,I5034 ,2,NL,64T2 ,MRN2,,,,721939,2018NL040,2018,W,126417,,,1,25,,l,,,,,MN1,247,,,,,,,,126417,Clupea harengus
CA,I5034 ,2,NL,64T2 ,MRN2,,,,721939,2018NL040,2018,W,126417,,,1,26,,l,,,,,MN1,248,,,,,,,,126417,Clupea harengus
CA,I5034 ,2,NL,64T2 ,MRN2,,,,721939,2018NL040,2018,W,126417,,,1,27,,l,,,,,MN1,249,,,,,,,,126417,Clupea harengus
CA,I5034 ,2,NL,64T2 ,MRN2,,,,721939,2018NL040,2018,W,126417,,,1,28,,l,,,,,MN1,250,,,,,,,,126417,Clupea harengus
CA,I5034 ,2,NL,64T2 ,MRN2,,,,721939,2018NL040,2018,W,126417,,,1,29,,l,,,,,MN1,251,,,,,,,,126417,Clupea harengus
CA,I5034 ,2,NL,64T2 ,MRN2,,,,721939,2018NL040,2018,W,126417,,,1,30,,l,,,,,MN1,252,,,,,,,,126417,Clupea harengus
CA,I5034 ,2,NL,64T2 ,MRN2,,,,721939,2018NL040,2018,W,126417,,,1,31,,l,,,,,MN1,253,,,,,,,,126417,Clupea harengus
CA,I5034 ,2,NL,64T2 ,MRN2,,,,721939,2018NL040,2018,W,126417,,,1,32,,l,,,,,MN1,254,,,,,,,,126417,Clupea harengus
CA,I5034 ,2,NL,64T2 ,MRN2,,,,721939,2018NL040,2018,W,126417,,,1,34,,l,,,,,MN1,255,,,,,,,,126417,Clupea harengus
CA,I5034 ,2,NL,64T2 ,MRN2,,,,721940,2018NL041,2018,W,126417,,,1,24,,l,,,,,MN1,256,,,,,,,,126417,Clupea harengus
CA,I5034 ,2,NL,64T2 ,MRN2,,,,721940,2018NL041,2018,W,126417,,,1,25,,l,,,,,MN1,257,,,,,,,,126417,Clupea harengus
CA,I5034 ,2,NL,64T2 ,MRN2,,,,721940,2018NL041,2018,W,126417,,,1,26,,l,,,,,MN1,258,,,,,,,,126417,Clupea harengus
CA,I5034 ,2,NL,64T2 ,MRN2,,,,721940,2018NL041,2018,W,126417,,,1,28,,l,,,,,MN1,259,,,,,,,,126417,Clupea harengus
CA,I5034 ,2,NL,64T2 ,MRN2,,,,721940,2018NL041,2018,W,126417,,,1,29,,l,,,,,MN1,260,,,,,,,,126417,Clupea harengus
CA,I5034 ,2,NL,64T2 ,MRN2,,,,721940,2018NL041,2018,W,126417,,,1,30,,l,,,,,MN1,261,,,,,,,,126417,Clupea harengus
CA,I5034 ,2,NL,64T2 ,MRN2,,,,721940,2018NL041,2018,W,126417,,,1,31,,l,,,,,MN1,262,,,,,,,,126417,Clupea harengus
CA,I5034 ,2,NL,64T2 ,MRN2,,,,721940,2018NL041,2018,W,126417,,,1,32,,l,,,,,MN1,263,,,,,,,,126417,Clupea harengus
CA,I5034 ,2,NL,64T2 ,MRN2,,,,721940,2018NL041,2018,W,126417,,,1,34,,l,,,,,MN1,264,,,,,,,,126417,Clupea harengus
CA,I5034 ,2,NL,64T2 ,MRN2,,,,721940,2018NL041,2018,W,126417,,,1,35,,l,,,,,MN1,265,,,,,,,,126417,Clupea harengus
CA,I5034 ,2,NL,64T2 ,MRN2,,,,721940,2018NL041,2018,W,126417,,,1,36,,l,,,,,MN1,266,,,,,,,,126417,Clupea harengus
CA,I5034 ,2,NL,64T2 ,MRN2,,,,721940,2018NL041,2018,W,126417,,,1,37,,l,,,,,MN1,267,,,,,,,,126417,Clupea harengus
CA,I5034 ,2,NL,64T2 ,MRN2,,,,721940,2018NL041,2018,W,126417,,,1,38,,l,,,,,MN1,268,,,,,,,,126417,Clupea harengus
CA,I5034 ,2,NL,64T2 ,MRN2,,,,721941,2018NL042,2018,W,126417,,,1,23,,l,,,,,MN1,269,,,,,,,,126417,Clupea harengus
CA,I5034 ,2,NL,64T2 ,MRN2,,,,721941,2018NL042,2018,W,126417,,,1,24,,l,,,,,MN1,270,,,,,,,,126417,Clupea harengus
CA,I5034 ,2,NL,64T2 ,MRN2,,,,721941,2018NL042,2018,W,126417,,,1,25,,l,,,,,MN1,271,,,,,,,,126417,Clupea harengus
CA,I5034 ,2,NL,64T2 ,MRN2,,,,721941,2018NL042,2018,W,126417,,,1,27,,l,,,,,MN1,272,,,,,,,,126417,Clupea harengus
CA,I5034 ,2,NL,64T2 ,MRN2,,,,721941,2018NL042,2018,W,126417,,,1,28,,l,,,,,MN1,273,,,,,,,,126417,Clupea harengus
CA,I5034 ,2,NL,64T2 ,MRN2,,,,721941,2018NL042,2018,W,126417,,,1,29,,l,,,,,MN1,274,,,,,,,,126417,Clupea harengus
CA,I5034 ,2,NL,64T2 ,MRN2,,,,721941,2018NL042,2018,W,126417,,,1,0,,l,,,,,MN1,275,,,,,,,,126417,Clupea harengus
CA,I5034 ,2,NL,64T2 ,MRN2,,,,721942,2018NL043,2018,W,126417,,,1,24,,l,,,,,MN1,276,,,,,,,,126417,Clupea harengus
CA,I5034 ,2,NL,64T2 ,MRN2,,,,721942,2018NL043,2018,W,126417,,,1,25,,l,,,,,MN1,277,,,,,,,,126417,Clupea harengus
CA,I5034 ,2,NL,64T2 ,MRN2,,,,721942,2018NL043,2018,W,126417,,,1,26,,l,,,,,MN1,278,,,,,,,,126417,Clupea harengus
CA,I5034 ,2,NL,64T2 ,MRN2,,,,721942,2018NL043,2018,W,126417,,,1,28,,l,,,,,MN1,279,,,,,,,,126417,Clupea harengus
CA,I5034 ,2,NL,64T2 ,MRN2,,,,721942,2018NL043,2018,W,126417,,,1,29,,l,,,,,MN1,280,,,,,,,,126417,Clupea harengus
CA,I5034 ,2,NL,64T2 ,MRN2,,,,721942,2018NL043,2018,W,126417,,,1,30,,l,,,,,MN1,281,,,,,,,,126417,Clupea harengus
CA,I5034 ,2,NL,64T2 ,MRN2,,,,721943,2018NL044,2018,W,126417,,,1,23,,l,,,,,MN1,282,,,,,,,,126417,Clupea harengus
CA,I5034 ,2,NL,64T2 ,MRN2,,,,721943,2018NL044,2018,W,126417,,,1,24,,l,,,,,MN1,283,,,,,,,,126417,Clupea harengus
CA,I5034 ,2,NL,64T2 ,MRN2,,,,721943,2018NL044,2018,W,126417,,,1,25,,l,,,,,MN1,284,,,,,,,,126417,Clupea harengus
CA,I5034 ,2,NL,64T2 ,MRN2,,,,721943,2018NL044,2018,W,126417,,,1,27,,l,,,,,MN1,285,,,,,,,,126417,Clupea harengus
CA,I5034 ,2,NL,64T2 ,MRN2,,,,721943,2018NL044,2018,W,126417,,,1,28,,l,,,,,MN1,286,,,,,,,,126417,Clupea harengus
CA,I5034 ,2,NL,64T2 ,MRN2,,,,721943,2018NL044,2018,W,126417,,,1,29,,l,,,,,MN1,287,,,,,,,,126417,Clupea harengus
CA,I5034 ,2,NL,64T2 ,MRN2,,,,721943,2018NL044,2018,W,126417,,,1,30,,l,,,,,MN1,288,,,,,,,,126417,Clupea harengus
CA,I5034 ,2,NL,64T2 ,MRN2,,,,721943,2018NL044,2018,W,126417,,,1,31,,l,,,,,MN1,289,,,,,,,,126417,Clupea harengus
CA,I5034 ,2,NL,64T2 ,MRN2,,,,721943,2018NL044,2018,W,126417,,,1,32,,l,,,,,MN1,290,,,,,,,,126417,Clupea harengus
CA,I5034 ,2,NL,64T2 ,MRN2,,,,721943,2018NL044,2018,W,126417,,,1,38,,l,,,,,MN1,291,,,,,,,,126417,Clupea harengus
CA,I5034 ,2,NL,64T2 ,MRN2,,,,721943,2018NL044,2018,W,126417,,,1,0,,l,,,,,MN1,292,,,,,,,,126417,Clupea harengus
CA,I5034 ,2,NL,64T2 ,MRN2,,,,721944,2018NL045,2018,W,126417,,,1,21,,l,,,,,MN1,293,,,,,,,,126417,Clupea harengus
CA,I5034 ,2,NL,64T2 ,MRN2,,,,721944,2018NL045,2018,W,126417,,,1,23,,l,,,,,MN1,294,,,,,,,,126417,Clupea harengus
CA,I5034 ,2,NL,64T2 ,MRN2,,,,721944,2018NL045,2018,W,126417,,,1,24,,l,,,,,MN1,295,,,,,,,,126417,Clupea harengus
CA,I5034 ,2,NL,64T2 ,MRN2,,,,721944,2018NL045,2018,W,126417,,,1,25,,l,,,,,MN1,296,,,,,,,,126417,Clupea harengus
CA,I5034 ,2,NL,64T2 ,MRN2,,,,721944,2018NL045,2018,W,126417,,,1,26,,l,,,,,MN1,297,,,,,,,,126417,Clupea harengus
CA,I5034 ,2,NL,64T2 ,MRN2,,,,721944,2018NL045,2018,W,126417,,,1,27,,l,,,,,MN1,298,,,,,,,,126417,Clupea harengus
CA,I5034 ,2,NL,64T2 ,MRN2,,,,721944,2018NL045,2018,W,126417,,,1,28,,l,,,,,MN1,299,,,,,,,,126417,Clupea harengus
CA,I5034 ,2,NL,64T2 ,MRN2,,,,721944,2018NL045,2018,W,126417,,,1,29,,l,,,,,MN1,300,,,,,,,,126417,Clupea harengus
CA,I5034 ,2,NL,64T2 ,MRN2,,,,721944,2018NL045,2018,W,126417,,,1,31,,l,,,,,MN1,301,,,,,,,,126417,Clupea harengus
CA,I5034 ,2,NL,64T2 ,MRN2,,,,721944,2018NL045,2018,W,126417,,,1,0,,l,,,,,MN1,302,,,,,,,,126417,Clupea harengus
CA,I5034 ,2,NL,64T2 ,MRN2,,,,721945,2018NL050,2018,W,126417,,,1,15,,l,,,,,MN1,303,,,,,,,,126417,Clupea harengus
CA,I5034 ,2,NL,64T2 ,MRN2,,,,721945,2018NL050,2018,W,126417,,,1,21,,l,,,,,MN1,304,,,,,,,,126417,Clupea harengus
CA,I5034 ,2,NL,64T2 ,MRN2,,,,721945,2018NL050,2018,W,126417,,,1,22,,l,,,,,MN1,305,,,,,,,,126417,Clupea harengus
CA,I5034 ,2,NL,64T2 ,MRN2,,,,721945,2018NL050,2018,W,126417,,,1,23,,l,,,,,MN1,306,,,,,,,,126417,Clupea harengus
CA,I5034 ,2,NL,64T2 ,MRN2,,,,721945,2018NL050,2018,W,126417,,,1,24,,l,,,,,MN1,307,,,,,,,,126417,Clupea harengus
CA,I5034 ,2,NL,64T2 ,MRN2,,,,721945,2018NL050,2018,W,126417,,,1,26,,l,,,,,MN1,308,,,,,,,,126417,Clupea harengus
CA,I5034 ,2,NL,64T2 ,MRN2,,,,721945,2018NL050,2018,W,126417,,,1,27,,l,,,,,MN1,309,,,,,,,,126417,Clupea harengus
CA,I5034 ,2,NL,64T2 ,MRN2,,,,721945,2018NL050,2018,W,126417,,,1,28,,l,,,,,MN1,310,,,,,,,,126417,Clupea harengus
CA,I5034 ,2,NL,64T2 ,MRN2,,,,721945,2018NL050,2018,W,126417,,,1,0,,l,,,,,MN1,311,,,,,,,,126417,Clupea harengus
CA,I5034 ,2,NL,64T2 ,MRN2,,,,721946,2018NL051,2018,W,126417,,,1,17,,l,,,,,MN1,312,,,,,,,,126417,Clupea harengus
CA,I5034 ,2,NL,64T2 ,MRN2,,,,721946,2018NL051,2018,W,126417,,,1,18,,l,,,,,MN1,313,,,,,,,,126417,Clupea harengus
CA,I5034 ,2,NL,64T2 ,MRN2,,,,721946,2018NL051,2018,W,126417,,,1,21,,l,,,,,MN1,314,,,,,,,,126417,Clupea harengus
CA,I5034 ,2,NL,64T2 ,MRN2,,,,721946,2018NL051,2018,W,126417,,,1,22,,l,,,,,MN1,315,,,,,,,,126417,Clupea harengus
CA,I5034 ,2,NL,64T2 ,MRN2,,,,721946,2018NL051,2018,W,126417,,,1,23,,l,,,,,MN1,316,,,,,,,,126417,Clupea harengus
CA,I5034 ,2,NL,64T2 ,MRN2,,,,721946,2018NL051,2018,W,126417,,,1,24,,l,,,,,MN1,317,,,,,,,,126417,Clupea harengus
CA,I5034 ,2,NL,64T2 ,MRN2,,,,721946,2018NL051,2018,W,126417,,,1,25,,l,,,,,MN1,318,,,,,,,,126417,Clupea harengus
CA,I5034 ,2,NL,64T2 ,MRN2,,,,721946,2018NL051,2018,W,126417,,,1,26,,l,,,,,MN1,319,,,,,,,,126417,Clupea harengus
CA,I5034 ,2,NL,64T2 ,MRN2,,,,721946,2018NL051,2018,W,126417,,,1,27,,l,,,,,MN1,320,,,,,,,,126417,Clupea harengus
CA,I5034 ,2,NL,64T2 ,MRN2,,,,721946,2018NL051,2018,W,126417,,,1,28,,l,,,,,MN1,321,,,,,,,,126417,Clupea harengus
CA,I5034 ,2,NL,64T2 ,MRN2,,,,721946,2018NL051,2018,W,126417,,,1,29,,l,,,,,MN1,322,,,,,,,,126417,Clupea harengus
CA,I5034 ,2,NL,64T2 ,MRN2,,,,721946,2018NL051,2018,W,126417,,,1,30,,l,,,,,MN1,323,,,,,,,,126417,Clupea harengus
CA,I5034 ,2,NL,64T2 ,MRN2,,,,721946,2018NL051,2018,W,126417,,,1,0,,l,,,,,MN1,324,,,,,,,,126417,Clupea harengus
CA,I5034 ,2,NL,64T2 ,MRN2,,,,721947,2018NL052,2018,W,126417,,,1,20,,l,,,,,MN1,325,,,,,,,,126417,Clupea harengus
CA,I5034 ,2,NL,64T2 ,MRN2,,,,721947,2018NL052,2018,W,126417,,,1,22,,l,,,,,MN1,326,,,,,,,,126417,Clupea harengus
CA,I5034 ,2,NL,64T2 ,MRN2,,,,721947,2018NL052,2018,W,126417,,,1,23,,l,,,,,MN1,327,,,,,,,,126417,Clupea harengus
CA,I5034 ,2,NL,64T2 ,MRN2,,,,721947,2018NL052,2018,W,126417,,,1,24,,l,,,,,MN1,328,,,,,,,,126417,Clupea harengus
CA,I5034 ,2,NL,64T2 ,MRN2,,,,721947,2018NL052,2018,W,126417,,,1,25,,l,,,,,MN1,329,,,,,,,,126417,Clupea harengus
CA,I5034 ,2,NL,64T2 ,MRN2,,,,721947,2018NL052,2018,W,126417,,,1,26,,l,,,,,MN1,330,,,,,,,,126417,Clupea harengus
CA,I5034 ,2,NL,64T2 ,MRN2,,,,721947,2018NL052,2018,W,126417,,,1,27,,l,,,,,MN1,331,,,,,,,,126417,Clupea harengus
CA,I5034 ,2,NL,64T2 ,MRN2,,,,721947,2018NL052,2018,W,126417,,,1,28,,l,,,,,MN1,332,,,,,,,,126417,Clupea harengus
CA,I5034 ,2,NL,64T2 ,MRN2,,,,721947,2018NL052,2018,W,126417,,,1,29,,l,,,,,MN1,333,,,,,,,,126417,Clupea harengus
CA,I5034 ,2,NL,64T2 ,MRN2,,,,721947,2018NL052,2018,W,126417,,,1,33,,l,,,,,MN1,334,,,,,,,,126417,Clupea harengus
CA,I5034 ,2,NL,64T2 ,MRN2,,,,721947,2018NL052,2018,W,126417,,,1,0,,l,,,,,MN1,335,,,,,,,,126417,Clupea harengus
CA,I5034 ,2,NL,64T2 ,MRN2,,,,721948,2018NL053,2018,W,126417,,,1,24,,l,,,,,MN1,336,,,,,,,,126417,Clupea harengus
CA,I5034 ,2,NL,64T2 ,MRN2,,,,721948,2018NL053,2018,W,126417,,,1,25,,l,,,,,MN1,337,,,,,,,,126417,Clupea harengus
CA,I5034 ,2,NL,64T2 ,MRN2,,,,721949,2018NL054,2018,W,126417,,,1,23,,l,,,,,MN1,338,,,,,,,,126417,Clupea harengus
CA,I5034 ,2,NL,64T2 ,MRN2,,,,721949,2018NL054,2018,W,126417,,,1,24,,l,,,,,MN1,339,,,,,,,,126417,Clupea harengus
CA,I5034 ,2,NL,64T2 ,MRN2,,,,721949,2018NL054,2018,W,126417,,,1,25,,l,,,,,MN1,340,,,,,,,,126417,Clupea harengus
CA,I5034 ,2,NL,64T2 ,MRN2,,,,721949,2018NL054,2018,W,126417,,,1,0,,l,,,,,MN1,341,,,,,,,,126417,Clupea harengus
CA,I5034 ,2,NL,64T2 ,MRN2,,,,721950,2018NL055,2018,W,126417,,,1,20,,l,,,,,MN1,342,,,,,,,,126417,Clupea harengus
CA,I5034 ,2,NL,64T2 ,MRN2,,,,721950,2018NL055,2018,W,126417,,,1,22,,l,,,,,MN1,343,,,,,,,,126417,Clupea harengus
CA,I5034 ,2,NL,64T2 ,MRN2,,,,721950,2018NL055,2018,W,126417,,,1,23,,l,,,,,MN1,344,,,,,,,,126417,Clupea harengus
CA,I5034 ,2,NL,64T2 ,MRN2,,,,721950,2018NL055,2018,W,126417,,,1,24,,l,,,,,MN1,345,,,,,,,,126417,Clupea harengus
CA,I5034 ,2,NL,64T2 ,MRN2,,,,721950,2018NL055,2018,W,126417,,,1,25,,l,,,,,MN1,346,,,,,,,,126417,Clupea harengus
CA,I5034 ,2,NL,64T2 ,MRN2,,,,721950,2018NL055,2018,W,126417,,,1,26,,l,,,,,MN1,347,,,,,,,,126417,Clupea harengus
CA,I5034 ,2,NL,64T2 ,MRN2,,,,721950,2018NL055,2018,W,126417,,,1,27,,l,,,,,MN1,348,,,,,,,,126417,Clupea harengus
CA,I5034 ,2,NL,64T2 ,MRN2,,,,721950,2018NL055,2018,W,126417,,,1,28,,l,,,,,MN1,349,,,,,,,,126417,Clupea harengus
CA,I5034 ,2,NL,64T2 ,MRN2,,,,721950,2018NL055,2018,W,126417,,,1,29,,l,,,,,MN1,350,,,,,,,,126417,Clupea harengus
CA,I5034 ,2,NL,64T2 ,MRN2,,,,721950,2018NL055,2018,W,126417,,,1,33,,l,,,,,MN1,351,,,,,,,,126417,Clupea harengus
CA,I5034 ,2,NL,64T2 ,MRN2,,,,721951,2018NL056,2018,W,126417,,,1,21,,l,,,,,MN1,352,,,,,,,,126417,Clupea harengus
CA,I5034 ,2,NL,64T2 ,MRN2,,,,721951,2018NL056,2018,W,126417,,,1,22,,l,,,,,MN1,353,,,,,,,,126417,Clupea harengus
CA,I5034 ,2,NL,64T2 ,MRN2,,,,721951,2018NL056,2018,W,126417,,,1,23,,l,,,,,MN1,354,,,,,,,,126417,Clupea harengus
CA,I5034 ,2,NL,64T2 ,MRN2,,,,721951,2018NL056,2018,W,126417,,,1,24,,l,,,,,MN1,355,,,,,,,,126417,Clupea harengus
CA,I5034 ,2,NL,64T2 ,MRN2,,,,721951,2018NL056,2018,W,126417,,,1,25,,l,,,,,MN1,356,,,,,,,,126417,Clupea harengus
CA,I5034 ,2,NL,64T2 ,MRN2,,,,721951,2018NL056,2018,W,126417,,,1,26,,l,,,,,MN1,357,,,,,,,,126417,Clupea harengus
CA,I5034 ,2,NL,64T2 ,MRN2,,,,721951,2018NL056,2018,W,126417,,,1,27,,l,,,,,MN1,358,,,,,,,,126417,Clupea harengus
CA,I5034 ,2,NL,64T2 ,MRN2,,,,721951,2018NL056,2018,W,126417,,,1,28,,l,,,,,MN1,359,,,,,,,,126417,Clupea harengus
CA,I5034 ,2,NL,64T2 ,MRN2,,,,721951,2018NL056,2018,W,126417,,,1,29,,l,,,,,MN1,360,,,,,,,,126417,Clupea harengus
CA,I5034 ,2,NL,64T2 ,MRN2,,,,721952,2018NL057,2018,W,126417,,,1,24,,l,,,,,MN1,361,,,,,,,,126417,Clupea harengus
CA,I5034 ,2,NL,64T2 ,MRN2,,,,721952,2018NL057,2018,W,126417,,,1,25,,l,,,,,MN1,362,,,,,,,,126417,Clupea harengus
CA,I5034 ,2,NL,64T2 ,MRN2,,,,721952,2018NL057,2018,W,126417,,,1,26,,l,,,,,MN1,363,,,,,,,,126417,Clupea harengus
CA,I5034 ,2,NL,64T2 ,MRN2,,,,721952,2018NL057,2018,W,126417,,,1,27,,l,,,,,MN1,364,,,,,,,,126417,Clupea harengus
CA,I5034 ,2,NL,64T2 ,MRN2,,,,721952,2018NL057,2018,W,126417,,,1,28,,l,,,,,MN1,365,,,,,,,,126417,Clupea harengus
CA,I5034 ,2,NL,64T2 ,MRN2,,,,721952,2018NL057,2018,W,126417,,,1,29,,l,,,,,MN1,366,,,,,,,,126417,Clupea harengus
CA,I5034 ,2,NL,64T2 ,MRN2,,,,721952,2018NL057,2018,W,126417,,,1,30,,l,,,,,MN1,367,,,,,,,,126417,Clupea harengus
CA,I5034 ,2,NL,64T2 ,MRN2,,,,721952,2018NL057,2018,W,126417,,,1,31,,l,,,,,MN1,368,,,,,,,,126417,Clupea harengus
CA,I5034 ,2,NL,64T2 ,MRN2,,,,721952,2018NL057,2018,W,126417,,,1,32,,l,,,,,MN1,369,,,,,,,,126417,Clupea harengus
CA,I5034 ,2,NL,64T2 ,MRN2,,,,721952,2018NL057,2018,W,126417,,,1,33,,l,,,,,MN1,370,,,,,,,,126417,Clupea harengus
CA,I5034 ,2,NL,64T2 ,MRN2,,,,721952,2018NL057,2018,W,126417,,,1,34,,l,,,,,MN1,371,,,,,,,,126417,Clupea harengus
CA,I5034 ,2,NL,64T2 ,MRN2,,,,721952,2018NL057,2018,W,126417,,,1,35,,l,,,,,MN1,372,,,,,,,,126417,Clupea harengus
CA,I5034 ,2,NL,64T2 ,MRN2,,,,721953,2018NL058,2018,W,126417,,,1,18,,l,,,,,MN1,373,,,,,,,,126417,Clupea harengus
CA,I5034 ,2,NL,64T2 ,MRN2,,,,721953,2018NL058,2018,W,126417,,,1,21,,l,,,,,MN1,374,,,,,,,,126417,Clupea harengus
CA,I5034 ,2,NL,64T2 ,MRN2,,,,721953,2018NL058,2018,W,126417,,,1,24,,l,,,,,MN1,375,,,,,,,,126417,Clupea harengus
CA,I5034 ,2,NL,64T2 ,MRN2,,,,721953,2018NL058,2018,W,126417,,,1,28,,l,,,,,MN1,376,,,,,,,,126417,Clupea harengus
CA,I5034 ,2,NL,64T2 ,MRN2,,,,721953,2018NL058,2018,W,126417,,,1,31,,l,,,,,MN1,377,,,,,,,,126417,Clupea harengus
CA,I5034 ,2,NL,64T2 ,MRN2,,,,721953,2018NL058,2018,W,126417,,,1,33,,l,,,,,MN1,378,,,,,,,,126417,Clupea harengus
CA,I5034 ,2,NL,64T2 ,MRN2,,,,721953,2018NL058,2018,W,126417,,,1,38,,l,,,,,MN1,379,,,,,,,,126417,Clupea harengus
CA,I5034 ,2,NL,64T2 ,MRN2,,,,721953,2018NL058,2018,W,126417,,,1,40,,l,,,,,MN1,380,,,,,,,,126417,Clupea harengus
CA,I5034 ,2,NL,64T2 ,MRN2,,,,721953,2018NL058,2018,W,126417,,,1,0,,l,,,,,MN1,381,,,,,,,,126417,Clupea harengus
CA,I5034 ,2,NL,64T2 ,MRN2,,,,721954,2018NL059,2018,W,126417,,,1,25,,l,,,,,MN1,382,,,,,,,,126417,Clupea harengus
CA,I5034 ,2,NL,64T2 ,MRN2,,,,721954,2018NL059,2018,W,126417,,,1,26,,l,,,,,MN1,383,,,,,,,,126417,Clupea harengus
CA,I5034 ,2,NL,64T2 ,MRN2,,,,721954,2018NL059,2018,W,126417,,,1,27,,l,,,,,MN1,384,,,,,,,,126417,Clupea harengus
CA,I5034 ,2,NL,64T2 ,MRN2,,,,721954,2018NL059,2018,W,126417,,,1,28,,l,,,,,MN1,385,,,,,,,,126417,Clupea harengus
CA,I5034 ,2,NL,64T2 ,MRN2,,,,721954,2018NL059,2018,W,126417,,,1,29,,l,,,,,MN1,386,,,,,,,,126417,Clupea harengus
CA,I5034 ,2,NL,64T2 ,MRN2,,,,721954,2018NL059,2018,W,126417,,,1,30,,l,,,,,MN1,387,,,,,,,,126417,Clupea harengus
CA,I5034 ,2,NL,64T2 ,MRN2,,,,721954,2018NL059,2018,W,126417,,,1,31,,l,,,,,MN1,388,,,,,,,,126417,Clupea harengus
CA,I5034 ,2,NL,64T2 ,MRN2,,,,721954,2018NL059,2018,W,126417,,,1,32,,l,,,,,MN1,389,,,,,,,,126417,Clupea harengus
CA,I5034 ,2,NL,64T2 ,MRN2,,,,721954,2018NL059,2018,W,126417,,,1,33,,l,,,,,MN1,390,,,,,,,,126417,Clupea harengus
CA,I5034 ,2,NL,64T2 ,MRN2,,,,721955,2018NL060,2018,W,126417,,,1,25,,l,,,,,MN1,391,,,,,,,,126417,Clupea harengus
CA,I5034 ,2,NL,64T2 ,MRN2,,,,721955,2018NL060,2018,W,126417,,,1,26,,l,,,,,MN1,392,,,,,,,,126417,Clupea harengus
CA,I5034 ,2,NL,64T2 ,MRN2,,,,721955,2018NL060,2018,W,126417,,,1,27,,l,,,,,MN1,393,,,,,,,,126417,Clupea harengus
CA,I5034 ,2,NL,64T2 ,MRN2,,,,721955,2018NL060,2018,W,126417,,,1,28,,l,,,,,MN1,394,,,,,,,,126417,Clupea harengus
CA,I5034 ,2,NL,64T2 ,MRN2,,,,721955,2018NL060,2018,W,126417,,,1,29,,l,,,,,MN1,395,,,,,,,,126417,Clupea harengus
CA,I5034 ,2,NL,64T2 ,MRN2,,,,721955,2018NL060,2018,W,126417,,,1,30,,l,,,,,MN1,396,,,,,,,,126417,Clupea harengus
CA,I5034 ,2,NL,64T2 ,MRN2,,,,721955,2018NL060,2018,W,126417,,,1,31,,l,,,,,MN1,397,,,,,,,,126417,Clupea harengus
CA,I5034 ,2,NL,64T2 ,MRN2,,,,721955,2018NL060,2018,W,126417,,,1,32,,l,,,,,MN1,398,,,,,,,,126417,Clupea harengus
CA,I5034 ,2,NL,64T2 ,MRN2,,,,721955,2018NL060,2018,W,126417,,,1,33,,l,,,,,MN1,399,,,,,,,,126417,Clupea harengus
CA,I5034 ,2,NL,64T2 ,MRN2,,,,721955,2018NL060,2018,W,126417,,,1,34,,l,,,,,MN1,400,,,,,,,,126417,Clupea harengus
CA,I5034 ,2,NL,64T2 ,MRN2,,,,721956,2018NL061,2018,W,126417,,,1,22,,l,,,,,MN1,401,,,,,,,,126417,Clupea harengus
CA,I5034 ,2,NL,64T2 ,MRN2,,,,721956,2018NL061,2018,W,126417,,,1,23,,l,,,,,MN1,402,,,,,,,,126417,Clupea harengus
CA,I5034 ,2,NL,64T2 ,MRN2,,,,721956,2018NL061,2018,W,126417,,,1,24,,l,,,,,MN1,403,,,,,,,,126417,Clupea harengus
CA,I5034 ,2,NL,64T2 ,MRN2,,,,721956,2018NL061,2018,W,126417,,,1,25,,l,,,,,MN1,404,,,,,,,,126417,Clupea harengus
CA,I5034 ,2,NL,64T2 ,MRN2,,,,721956,2018NL061,2018,W,126417,,,1,26,,l,,,,,MN1,405,,,,,,,,126417,Clupea harengus
CA,I5034 ,2,NL,64T2 ,MRN2,,,,721956,2018NL061,2018,W,126417,,,1,27,,l,,,,,MN1,406,,,,,,,,126417,Clupea harengus
CA,I5034 ,2,NL,64T2 ,MRN2,,,,721956,2018NL061,2018,W,126417,,,1,28,,l,,,,,MN1,407,,,,,,,,126417,Clupea harengus
CA,I5034 ,2,NL,64T2 ,MRN2,,,,721956,2018NL061,2018,W,126417,,,1,29,,l,,,,,MN1,408,,,,,,,,126417,Clupea harengus
CA,I5034 ,2,NL,64T2 ,MRN2,,,,721956,2018NL061,2018,W,126417,,,1,30,,l,,,,,MN1,409,,,,,,,,126417,Clupea harengus
CA,I5034 ,2,NL,64T2 ,MRN2,,,,721956,2018NL061,2018,W,126417,,,1,31,,l,,,,,MN1,410,,,,,,,,126417,Clupea harengus
CA,I5034 ,2,NL,64T2 ,MRN2,,,,721956,2018NL061,2018,W,126417,,,1,33,,l,,,,,MN1,411,,,,,,,,126417,Clupea harengus
CA,I5034 ,2,NL,64T2 ,MRN2,,,,721908,2018NL062,2018,W,126417,,,1,20,,l,,,,,MN1,412,,,,,,,,126417,Clupea harengus
CA,I5034 ,2,NL,64T2 ,MRN2,,,,721908,2018NL062,2018,W,126417,,,1,21,,l,,,,,MN1,413,,,,,,,,126417,Clupea harengus
CA,I5034 ,2,NL,64T2 ,MRN2,,,,721908,2018NL062,2018,W,126417,,,1,22,,l,,,,,MN1,414,,,,,,,,126417,Clupea harengus
CA,I5034 ,2,NL,64T2 ,MRN2,,,,721908,2018NL062,2018,W,126417,,,1,23,,l,,,,,MN1,415,,,,,,,,126417,Clupea harengus
CA,I5034 ,2,NL,64T2 ,MRN2,,,,721908,2018NL062,2018,W,126417,,,1,24,,l,,,,,MN1,416,,,,,,,,126417,Clupea harengus
CA,I5034 ,2,NL,64T2 ,MRN2,,,,721908,2018NL062,2018,W,126417,,,1,25,,l,,,,,MN1,417,,,,,,,,126417,Clupea harengus
CA,I5034 ,2,NL,64T2 ,MRN2,,,,721908,2018NL062,2018,W,126417,,,1,26,,l,,,,,MN1,418,,,,,,,,126417,Clupea harengus
CA,I5034 ,2,NL,64T2 ,MRN2,,,,721908,2018NL062,2018,W,126417,,,1,27,,l,,,,,MN1,419,,,,,,,,126417,Clupea harengus
CA,I5034 ,2,NL,64T2 ,MRN2,,,,721908,2018NL062,2018,W,126417,,,1,28,,l,,,,,MN1,420,,,,,,,,126417,Clupea harengus
CA,I5034 ,2,NL,64T2 ,MRN2,,,,721908,2018NL062,2018,W,126417,,,1,29,,l,,,,,MN1,421,,,,,,,,126417,Clupea harengus
CA,I5034 ,2,NL,64T2 ,MRN2,,,,721908,2018NL062,2018,W,126417,,,1,31,,l,,,,,MN1,422,,,,,,,,126417,Clupea harengus
CA,I5034 ,2,NL,64T2 ,MRN2,,,,721908,2018NL062,2018,W,126417,,,1,32,,l,,,,,MN1,423,,,,,,,,126417,Clupea harengus
CA,I5034 ,2,NL,64T2 ,MRN2,,,,721908,2018NL062,2018,W,126417,,,1,0,,l,,,,,MN1,424,,,,,,,,126417,Clupea harengus
CA,I5034 ,2,NL,64T2 ,MRN2,,,,748720,2019NL001,2019,W,126417,,,1,21,,l,,,,,MN1,425,,,,,,,,126417,Clupea harengus
CA,I5034 ,2,NL,64T2 ,MRN2,,,,748720,2019NL001,2019,W,126417,,,1,22,,l,,,,,MN1,426,,,,,,,,126417,Clupea harengus
CA,I5034 ,2,NL,64T2 ,MRN2,,,,748720,2019NL001,2019,W,126417,,,1,23,,l,,,,,MN1,427,,,,,,,,126417,Clupea harengus
CA,I5034 ,2,NL,64T2 ,MRN2,,,,748720,2019NL001,2019,W,126417,,,1,24,,l,,,,,MN1,428,,,,,,,,126417,Clupea harengus
CA,I5034 ,2,NL,64T2 ,MRN2,,,,748720,2019NL001,2019,W,126417,,,1,26,,l,,,,,MN1,429,,,,,,,,126417,Clupea harengus
CA,I5034 ,2,NL,64T2 ,MRN2,,,,748720,2019NL001,2019,W,126417,,,1,27,,l,,,,,MN1,430,,,,,,,,126417,Clupea harengus
CA,I5034 ,2,NL,64T2 ,MRN2,,,,748720,2019NL001,2019,W,126417,,,1,28,,l,,,,,MN1,431,,,,,,,,126417,Clupea harengus
CA,I5034 ,2,NL,64T2 ,MRN2,,,,748721,2019NL002,2019,W,126417,,,1,21,,l,,,,,MN1,432,,,,,,,,126417,Clupea harengus
CA,I5034 ,2,NL,64T2 ,MRN2,,,,748721,2019NL002,2019,W,126417,,,1,22,,l,,,,,MN1,433,,,,,,,,126417,Clupea harengus
CA,I5034 ,2,NL,64T2 ,MRN2,,,,748721,2019NL002,2019,W,126417,,,1,23,,l,,,,,MN1,434,,,,,,,,126417,Clupea harengus
CA,I5034 ,2,NL,64T2 ,MRN2,,,,748721,2019NL002,2019,W,126417,,,1,24,,l,,,,,MN1,435,,,,,,,,126417,Clupea harengus
CA,I5034 ,2,NL,64T2 ,MRN2,,,,748721,2019NL002,2019,W,126417,,,1,25,,l,,,,,MN1,436,,,,,,,,126417,Clupea harengus
CA,I5034 ,2,NL,64T2 ,MRN2,,,,748721,2019NL002,2019,W,126417,,,1,26,,l,,,,,MN1,437,,,,,,,,126417,Clupea harengus
CA,I5034 ,2,NL,64T2 ,MRN2,,,,748722,2019NL003,2019,W,126417,,,1,23,,l,,,,,MN1,438,,,,,,,,126417,Clupea harengus
CA,I5034 ,2,NL,64T2 ,MRN2,,,,748722,2019NL003,2019,W,126417,,,1,27,,l,,,,,MN1,439,,,,,,,,126417,Clupea harengus
CA,I5034 ,2,NL,64T2 ,MRN2,,,,748722,2019NL003,2019,W,126417,,,1,31,,l,,,,,MN1,440,,,,,,,,126417,Clupea harengus
CA,I5034 ,2,NL,64T2 ,MRN2,,,,748722,2019NL003,2019,W,126417,,,1,0,,l,,,,,MN1,441,,,,,,,,126417,Clupea harengus
CA,I5034 ,2,NL,64T2 ,MRN2,,,,748789,2019NL004,2019,W,126417,,,1,9,,l,,,,,MN1,442,,,,,,,,126417,Clupea harengus
CA,I5034 ,2,NL,64T2 ,MRN2,,,,748789,2019NL004,2019,W,126417,,,1,10,,l,,,,,MN1,443,,,,,,,,126417,Clupea harengus
CA,I5034 ,2,NL,64T2 ,MRN2,,,,748789,2019NL004,2019,W,126417,,,1,12,,l,,,,,MN1,444,,,,,,,,126417,Clupea harengus
CA,I5034 ,2,NL,64T2 ,MRN2,,,,748789,2019NL004,2019,W,126417,,,1,21,,l,,,,,MN1,445,,,,,,,,126417,Clupea harengus
CA,I5034 ,2,NL,64T2 ,MRN2,,,,748789,2019NL004,2019,W,126417,,,1,22,,l,,,,,MN1,446,,,,,,,,126417,Clupea harengus
CA,I5034 ,2,NL,64T2 ,MRN2,,,,748789,2019NL004,2019,W,126417,,,1,23,,l,,,,,MN1,447,,,,,,,,126417,Clupea harengus
CA,I5034 ,2,NL,64T2 ,MRN2,,,,748789,2019NL004,2019,W,126417,,,1,24,,l,,,,,MN1,448,,,,,,,,126417,Clupea harengus
CA,I5034 ,2,NL,64T2 ,MRN2,,,,748789,2019NL004,2019,W,126417,,,1,25,,l,,,,,MN1,449,,,,,,,,126417,Clupea harengus
CA,I5034 ,2,NL,64T2 ,MRN2,,,,748789,2019NL004,2019,W,126417,,,1,26,,l,,,,,MN1,450,,,,,,,,126417,Clupea harengus
CA,I5034 ,2,NL,64T2 ,MRN2,,,,748789,2019NL004,2019,W,126417,,,1,27,,l,,,,,MN1,451,,,,,,,,126417,Clupea harengus
CA,I5034 ,2,NL,64T2 ,MRN2,,,,748789,2019NL004,2019,W,126417,,,1,28,,l,,,,,MN1,452,,,,,,,,126417,Clupea harengus
CA,I5034 ,2,NL,64T2 ,MRN2,,,,748789,2019NL004,2019,W,126417,,,1,29,,l,,,,,MN1,453,,,,,,,,126417,Clupea harengus
CA,I5034 ,2,NL,64T2 ,MRN2,,,,748789,2019NL004,2019,W,126417,,,1,30,,l,,,,,MN1,454,,,,,,,,126417,Clupea harengus
CA,I5034 ,2,NL,64T2 ,MRN2,,,,748789,2019NL004,2019,W,126417,,,1,32,,l,,,,,MN1,455,,,,,,,,126417,Clupea harengus
CA,I5034 ,2,NL,64T2 ,MRN2,,,,748789,2019NL004,2019,W,126417,,,1,0,,l,,,,,MN1,456,,,,,,,,126417,Clupea harengus
CA,I5034 ,2,NL,64T2 ,MRN2,,,,748719,2019NL005,2019,W,126417,,,1,11,,l,,,,,MN1,457,,,,,,,,126417,Clupea harengus
CA,I5034 ,2,NL,64T2 ,MRN2,,,,748719,2019NL005,2019,W,126417,,,1,21,,l,,,,,MN1,458,,,,,,,,126417,Clupea harengus
CA,I5034 ,2,NL,64T2 ,MRN2,,,,748719,2019NL005,2019,W,126417,,,1,23,,l,,,,,MN1,459,,,,,,,,126417,Clupea harengus
CA,I5034 ,2,NL,64T2 ,MRN2,,,,748719,2019NL005,2019,W,126417,,,1,25,,l,,,,,MN1,460,,,,,,,,126417,Clupea harengus
CA,I5034 ,2,NL,64T2 ,MRN2,,,,748719,2019NL005,2019,W,126417,,,1,26,,l,,,,,MN1,461,,,,,,,,126417,Clupea harengus
CA,I5034 ,2,NL,64T2 ,MRN2,,,,748719,2019NL005,2019,W,126417,,,1,27,,l,,,,,MN1,462,,,,,,,,126417,Clupea harengus
CA,I5034 ,2,NL,64T2 ,MRN2,,,,748719,2019NL005,2019,W,126417,,,1,28,,l,,,,,MN1,463,,,,,,,,126417,Clupea harengus
CA,I5034 ,2,NL,64T2 ,MRN2,,,,748719,2019NL005,2019,W,126417,,,1,29,,l,,,,,MN1,464,,,,,,,,126417,Clupea harengus
CA,I5034 ,2,NL,64T2 ,MRN2,,,,748719,2019NL005,2019,W,126417,,,1,25,,l,,,,,MN1,465,,,,,,,,126417,Clupea harengus
CA,I5034 ,2,NL,64T2 ,MRN2,,,,748719,2019NL005,2019,W,126417,,,1,0,,l,,,,,MN1,466,,,,,,,,126417,Clupea harengus
CA,I5034 ,2,NL,64T2 ,MRN2,,,,748725,2019NL006,2019,W,126417,,,1,23,,l,,,,,MN1,467,,,,,,,,126417,Clupea harengus
CA,I5034 ,2,NL,64T2 ,MRN2,,,,748725,2019NL006,2019,W,126417,,,1,24,,l,,,,,MN1,468,,,,,,,,126417,Clupea harengus
CA,I5034 ,2,NL,64T2 ,MRN2,,,,748725,2019NL006,2019,W,126417,,,1,27,,l,,,,,MN1,469,,,,,,,,126417,Clupea harengus
CA,I5034 ,2,NL,64T2 ,MRN2,,,,748725,2019NL006,2019,W,126417,,,1,28,,l,,,,,MN1,470,,,,,,,,126417,Clupea harengus
CA,I5034 ,2,NL,64T2 ,MRN2,,,,748726,2019NL007,2019,W,126417,,,1,22,,l,,,,,MN1,471,,,,,,,,126417,Clupea harengus
CA,I5034 ,2,NL,64T2 ,MRN2,,,,748726,2019NL007,2019,W,126417,,,1,26,,l,,,,,MN1,472,,,,,,,,126417,Clupea harengus
CA,I5034 ,2,NL,64T2 ,MRN2,,,,748726,2019NL007,2019,W,126417,,,1,27,,l,,,,,MN1,473,,,,,,,,126417,Clupea harengus
CA,I5034 ,2,NL,64T2 ,MRN2,,,,748726,2019NL007,2019,W,126417,,,1,28,,l,,,,,MN1,474,,,,,,,,126417,Clupea harengus
CA,I5034 ,2,NL,64T2 ,MRN2,,,,748726,2019NL007,2019,W,126417,,,1,29,,l,,,,,MN1,475,,,,,,,,126417,Clupea harengus
CA,I5034 ,2,NL,64T2 ,MRN2,,,,748726,2019NL007,2019,W,126417,,,1,30,,l,,,,,MN1,476,,,,,,,,126417,Clupea harengus
CA,I5034 ,2,NL,64T2 ,MRN2,,,,748726,2019NL007,2019,W,126417,,,1,31,,l,,,,,MN1,477,,,,,,,,126417,Clupea harengus
CA,I5034 ,2,NL,64T2 ,MRN2,,,,748726,2019NL007,2019,W,126417,,,1,32,,l,,,,,MN1,478,,,,,,,,126417,Clupea harengus
CA,I5034 ,2,NL,64T2 ,MRN2,,,,748726,2019NL007,2019,W,126417,,,1,33,,l,,,,,MN1,479,,,,,,,,126417,Clupea harengus
CA,I5034 ,2,NL,64T2 ,MRN2,,,,748726,2019NL007,2019,W,126417,,,1,34,,l,,,,,MN1,480,,,,,,,,126417,Clupea harengus
CA,I5034 ,2,NL,64T2 ,MRN2,,,,748726,2019NL007,2019,W,126417,,,1,35,,l,,,,,MN1,481,,,,,,,,126417,Clupea harengus
CA,I5034 ,2,NL,64T2 ,MRN2,,,,748726,2019NL007,2019,W,126417,,,1,36,,l,,,,,MN1,482,,,,,,,,126417,Clupea harengus
CA,I5034 ,2,NL,64T2 ,MRN2,,,,748726,2019NL007,2019,W,126417,,,1,38,,l,,,,,MN1,483,,,,,,,,126417,Clupea harengus
CA,I5034 ,2,NL,64T2 ,MRN2,,,,748726,2019NL007,2019,W,126417,,,1,40,,l,,,,,MN1,484,,,,,,,,126417,Clupea harengus
CA,I5034 ,2,NL,64T2 ,MRN2,,,,748726,2019NL007,2019,W,126417,,,1,41,,l,,,,,MN1,485,,,,,,,,126417,Clupea harengus
CA,I5034 ,2,NL,64T2 ,MRN2,,,,748727,2019NL008,2019,W,126417,,,1,31,,l,,,,,MN1,486,,,,,,,,126417,Clupea harengus
CA,I5034 ,2,NL,64T2 ,MRN2,,,,748727,2019NL008,2019,W,126417,,,1,34,,l,,,,,MN1,487,,,,,,,,126417,Clupea harengus
CA,I5034 ,2,NL,64T2 ,MRN2,,,,748727,2019NL008,2019,W,126417,,,1,35,,l,,,,,MN1,488,,,,,,,,126417,Clupea harengus
CA,I5034 ,2,NL,64T2 ,MRN2,,,,748727,2019NL008,2019,W,126417,,,1,36,,l,,,,,MN1,489,,,,,,,,126417,Clupea harengus
CA,I5034 ,2,NL,64T2 ,MRN2,,,,748727,2019NL008,2019,W,126417,,,1,37,,l,,,,,MN1,490,,,,,,,,126417,Clupea harengus
CA,I5034 ,2,NL,64T2 ,MRN2,,,,748727,2019NL008,2019,W,126417,,,1,38,,l,,,,,MN1,491,,,,,,,,126417,Clupea harengus
CA,I5034 ,2,NL,64T2 ,MRN2,,,,748727,2019NL008,2019,W,126417,,,1,40,,l,,,,,MN1,492,,,,,,,,126417,Clupea harengus
CA,I5034 ,2,NL,64T2 ,MRN2,,,,748727,2019NL008,2019,W,126417,,,1,28,,l,,,,,MN1,493,,,,,,,,126417,Clupea harengus
CA,I5034 ,2,NL,64T2 ,MRN2,,,,748727,2019NL008,2019,W,126417,,,1,0,,l,,,,,MN1,494,,,,,,,,126417,Clupea harengus
CA,I5034 ,2,NL,64T2 ,MRN2,,,,748729,2019NL010,2019,W,126417,,,1,0,,l,,,,,MN1,495,,,,,,,,126417,Clupea harengus
CA,I5034 ,2,NL,64T2 ,MRN2,,,,748730,2019NL011,2019,W,126417,,,1,31,,l,,,,,MN1,496,,,,,,,,126417,Clupea harengus
CA,I5034 ,2,NL,64T2 ,MRN2,,,,748730,2019NL011,2019,W,126417,,,1,0,,l,,,,,MN1,497,,,,,,,,126417,Clupea harengus
CA,I5034 ,2,NL,64T2 ,MRN2,,,,748735,2019NL016,2019,W,126417,,,1,30,,l,,,,,MN1,498,,,,,,,,126417,Clupea harengus
CA,I5034 ,2,NL,64T2 ,MRN2,,,,748735,2019NL016,2019,W,126417,,,1,31,,l,,,,,MN1,499,,,,,,,,126417,Clupea harengus
CA,I5034 ,2,NL,64T2 ,MRN2,,,,748738,2019NL019,2019,W,126417,,,1,34,,l,,,,,MN1,500,,,,,,,,126417,Clupea harengus
CA,I5034 ,2,NL,64T2 ,MRN2,,,,748741,2019NL022,2019,W,126417,,,1,0,,l,,,,,MN1,501,,,,,,,,126417,Clupea harengus
CA,I5034 ,2,NL,64T2 ,MRN2,,,,748742,2019NL023,2019,W,126417,,,1,33,,l,,,,,MN1,502,,,,,,,,126417,Clupea harengus
CA,I5034 ,2,NL,64T2 ,MRN2,,,,748743,2019NL024,2019,W,126417,,,1,16,,l,,,,,MN1,503,,,,,,,,126417,Clupea harengus
CA,I5034 ,2,NL,64T2 ,MRN2,,,,748745,2019NL026,2019,W,126417,,,1,35,,l,,,,,MN1,504,,,,,,,,126417,Clupea harengus
CA,I5034 ,2,NL,64T2 ,MRN2,,,,748750,2019NL031,2019,W,126417,,,1,0,,l,,,,,MN1,505,,,,,,,,126417,Clupea harengus
CA,I5034 ,2,NL,64T2 ,MRN2,,,,748752,2019NL033,2019,W,126417,,,1,32,,l,,,,,MN1,506,,,,,,,,126417,Clupea harengus
CA,I5034 ,2,NL,64T2 ,MRN2,,,,748752,2019NL033,2019,W,126417,,,1,33,,l,,,,,MN1,507,,,,,,,,126417,Clupea harengus
CA,I5034 ,2,NL,64T2 ,MRN2,,,,748752,2019NL033,2019,W,126417,,,1,28,,l,,,,,MN1,508,,,,,,,,126417,Clupea harengus
CA,I5034 ,2,NL,64T2 ,MRN2,,,,748752,2019NL033,2019,W,126417,,,1,30,,l,,,,,MN1,509,,,,,,,,126417,Clupea harengus
CA,I5034 ,2,NL,64T2 ,MRN2,,,,748753,2019NL034,2019,W,126417,,,1,0,,l,,,,,MN1,510,,,,,,,,126417,Clupea harengus
CA,I5034 ,2,NL,64T2 ,MRN2,,,,748754,2019NL035,2019,W,126417,,,1,27,,l,,,,,MN1,511,,,,,,,,126417,Clupea harengus
CA,I5034 ,2,NL,64T2 ,MRN2,,,,748755,2019NL036,2019,W,126417,,,1,22,,l,,,,,MN1,512,,,,,,,,126417,Clupea harengus
CA,I5034 ,2,NL,64T2 ,MRN2,,,,748755,2019NL036,2019,W,126417,,,1,25,,l,,,,,MN1,513,,,,,,,,126417,Clupea harengus
CA,I5034 ,2,NL,64T2 ,MRN2,,,,748755,2019NL036,2019,W,126417,,,1,26,,l,,,,,MN1,514,,,,,,,,126417,Clupea harengus
CA,I5034 ,2,NL,64T2 ,MRN2,,,,748755,2019NL036,2019,W,126417,,,1,28,,l,,,,,MN1,515,,,,,,,,126417,Clupea harengus
CA,I5034 ,2,NL,64T2 ,MRN2,,,,748755,2019NL036,2019,W,126417,,,1,29,,l,,,,,MN1,516,,,,,,,,126417,Clupea harengus
CA,I5034 ,2,NL,64T2 ,MRN2,,,,748755,2019NL036,2019,W,126417,,,1,30,,l,,,,,MN1,517,,,,,,,,126417,Clupea harengus
CA,I5034 ,2,NL,64T2 ,MRN2,,,,748755,2019NL036,2019,W,126417,,,1,0,,l,,,,,MN1,518,,,,,,,,126417,Clupea harengus
CA,I5034 ,2,NL,64T2 ,MRN2,,,,748757,2019NL038,2019,W,126417,,,1,34,,l,,,,,MN1,519,,,,,,,,126417,Clupea harengus
CA,I5034 ,2,NL,64T2 ,MRN2,,,,748757,2019NL038,2019,W,126417,,,1,36,,l,,,,,MN1,520,,,,,,,,126417,Clupea harengus
CA,I5034 ,2,NL,64T2 ,MRN2,,,,748757,2019NL038,2019,W,126417,,,1,0,,l,,,,,MN1,521,,,,,,,,126417,Clupea harengus
CA,I5034 ,2,NL,64T2 ,MRN2,,,,748758,2019NL039,2019,W,126417,,,1,26,,l,,,,,MN1,522,,,,,,,,126417,Clupea harengus
CA,I5034 ,2,NL,64T2 ,MRN2,,,,748758,2019NL039,2019,W,126417,,,1,36,,l,,,,,MN1,523,,,,,,,,126417,Clupea harengus
CA,I5034 ,2,NL,64T2 ,MRN2,,,,748762,2019NL043,2019,W,126417,,,1,0,,l,,,,,MN1,524,,,,,,,,126417,Clupea harengus
CA,I5034 ,2,NL,64T2 ,MRN2,,,,748768,2019NL048,2019,W,126417,,,1,26,,l,,,,,MN1,525,,,,,,,,126417,Clupea harengus
CA,I5034 ,2,NL,64T2 ,MRN2,,,,748768,2019NL048,2019,W,126417,,,1,27,,l,,,,,MN1,526,,,,,,,,126417,Clupea harengus
CA,I5034 ,2,NL,64T2 ,MRN2,,,,748768,2019NL048,2019,W,126417,,,1,30,,l,,,,,MN1,527,,,,,,,,126417,Clupea harengus
CA,I5034 ,2,NL,64T2 ,MRN2,,,,748768,2019NL048,2019,W,126417,,,1,0,,l,,,,,MN1,528,,,,,,,,126417,Clupea harengus
CA,I5034 ,2,NL,64T2 ,MRN2,,,,748769,2019NL049,2019,W,126417,,,1,23,,l,,,,,MN1,529,,,,,,,,126417,Clupea harengus
CA,I5034 ,2,NL,64T2 ,MRN2,,,,748769,2019NL049,2019,W,126417,,,1,25,,l,,,,,MN1,530,,,,,,,,126417,Clupea harengus
CA,I5034 ,2,NL,64T2 ,MRN2,,,,748769,2019NL049,2019,W,126417,,,1,26,,l,,,,,MN1,531,,,,,,,,126417,Clupea harengus
CA,I5034 ,2,NL,64T2 ,MRN2,,,,748769,2019NL049,2019,W,126417,,,1,27,,l,,,,,MN1,532,,,,,,,,126417,Clupea harengus
CA,I5034 ,2,NL,64T2 ,MRN2,,,,748769,2019NL049,2019,W,126417,,,1,28,,l,,,,,MN1,533,,,,,,,,126417,Clupea harengus
CA,I5034 ,2,NL,64T2 ,MRN2,,,,748769,2019NL049,2019,W,126417,,,1,21,,l,,,,,MN1,534,,,,,,,,126417,Clupea harengus
CA,I5034 ,2,NL,64T2 ,MRN2,,,,748769,2019NL049,2019,W,126417,,,1,22,,l,,,,,MN1,535,,,,,,,,126417,Clupea harengus
CA,I5034 ,2,NL,64T2 ,MRN2,,,,748769,2019NL049,2019,W,126417,,,1,23,,l,,,,,MN1,536,,,,,,,,126417,Clupea harengus
CA,I5034 ,2,NL,64T2 ,MRN2,,,,748769,2019NL049,2019,W,126417,,,1,24,,l,,,,,MN1,537,,,,,,,,126417,Clupea harengus
CA,I5034 ,2,NL,64T2 ,MRN2,,,,748769,2019NL049,2019,W,126417,,,1,25,,l,,,,,MN1,538,,,,,,,,126417,Clupea harengus
CA,I5034 ,2,NL,64T2 ,MRN2,,,,748769,2019NL049,2019,W,126417,,,1,26,,l,,,,,MN1,539,,,,,,,,126417,Clupea harengus
CA,I5034 ,2,NL,64T2 ,MRN2,,,,748769,2019NL049,2019,W,126417,,,1,27,,l,,,,,MN1,540,,,,,,,,126417,Clupea harengus
CA,I5034 ,2,NL,64T2 ,MRN2,,,,748769,2019NL049,2019,W,126417,,,1,0,,l,,,,,MN1,541,,,,,,,,126417,Clupea harengus
CA,I5034 ,2,NL,64T2 ,MRN2,,,,748770,2019NL050,2019,W,126417,,,1,22,,l,,,,,MN1,542,,,,,,,,126417,Clupea harengus
CA,I5034 ,2,NL,64T2 ,MRN2,,,,748770,2019NL050,2019,W,126417,,,1,23,,l,,,,,MN1,543,,,,,,,,126417,Clupea harengus
CA,I5034 ,2,NL,64T2 ,MRN2,,,,748770,2019NL050,2019,W,126417,,,1,24,,l,,,,,MN1,544,,,,,,,,126417,Clupea harengus
CA,I5034 ,2,NL,64T2 ,MRN2,,,,748770,2019NL050,2019,W,126417,,,1,29,,l,,,,,MN1,545,,,,,,,,126417,Clupea harengus
CA,I5034 ,2,NL,64T2 ,MRN2,,,,748770,2019NL050,2019,W,126417,,,1,30,,l,,,,,MN1,546,,,,,,,,126417,Clupea harengus
CA,I5034 ,2,NL,64T2 ,MRN2,,,,748770,2019NL050,2019,W,126417,,,1,20,,l,,,,,MN1,547,,,,,,,,126417,Clupea harengus
CA,I5034 ,2,NL,64T2 ,MRN2,,,,748770,2019NL050,2019,W,126417,,,1,21,,l,,,,,MN1,548,,,,,,,,126417,Clupea harengus
CA,I5034 ,2,NL,64T2 ,MRN2,,,,748770,2019NL050,2019,W,126417,,,1,22,,l,,,,,MN1,549,,,,,,,,126417,Clupea harengus
CA,I5034 ,2,NL,64T2 ,MRN2,,,,748770,2019NL050,2019,W,126417,,,1,23,,l,,,,,MN1,550,,,,,,,,126417,Clupea harengus
CA,I5034 ,2,NL,64T2 ,MRN2,,,,748770,2019NL050,2019,W,126417,,,1,24,,l,,,,,MN1,551,,,,,,,,126417,Clupea harengus
CA,I5034 ,2,NL,64T2 ,MRN2,,,,748770,2019NL050,2019,W,126417,,,1,25,,l,,,,,MN1,552,,,,,,,,126417,Clupea harengus
CA,I5034 ,2,NL,64T2 ,MRN2,,,,748770,2019NL050,2019,W,126417,,,1,26,,l,,,,,MN1,553,,,,,,,,126417,Clupea harengus
CA,I5034 ,2,NL,64T2 ,MRN2,,,,748770,2019NL050,2019,W,126417,,,1,29,,l,,,,,MN1,554,,,,,,,,126417,Clupea harengus
CA,I5034 ,2,NL,64T2 ,MRN2,,,,748771,2019NL051,2019,W,126417,,,1,21,,l,,,,,MN1,555,,,,,,,,126417,Clupea harengus
CA,I5034 ,2,NL,64T2 ,MRN2,,,,748771,2019NL051,2019,W,126417,,,1,22,,l,,,,,MN1,556,,,,,,,,126417,Clupea harengus
CA,I5034 ,2,NL,64T2 ,MRN2,,,,748771,2019NL051,2019,W,126417,,,1,23,,l,,,,,MN1,557,,,,,,,,126417,Clupea harengus
CA,I5034 ,2,NL,64T2 ,MRN2,,,,748771,2019NL051,2019,W,126417,,,1,24,,l,,,,,MN1,558,,,,,,,,126417,Clupea harengus
CA,I5034 ,2,NL,64T2 ,MRN2,,,,748771,2019NL051,2019,W,126417,,,1,25,,l,,,,,MN1,559,,,,,,,,126417,Clupea harengus
CA,I5034 ,2,NL,64T2 ,MRN2,,,,748771,2019NL051,2019,W,126417,,,1,26,,l,,,,,MN1,560,,,,,,,,126417,Clupea harengus
CA,I5034 ,2,NL,64T2 ,MRN2,,,,748771,2019NL051,2019,W,126417,,,1,27,,l,,,,,MN1,561,,,,,,,,126417,Clupea harengus
CA,I5034 ,2,NL,64T2 ,MRN2,,,,748771,2019NL051,2019,W,126417,,,1,29,,l,,,,,MN1,562,,,,,,,,126417,Clupea harengus
CA,I5034 ,2,NL,64T2 ,MRN2,,,,748771,2019NL051,2019,W,126417,,,1,20,,l,,,,,MN1,563,,,,,,,,126417,Clupea harengus
CA,I5034 ,2,NL,64T2 ,MRN2,,,,748771,2019NL051,2019,W,126417,,,1,21,,l,,,,,MN1,564,,,,,,,,126417,Clupea harengus
CA,I5034 ,2,NL,64T2 ,MRN2,,,,748771,2019NL051,2019,W,126417,,,1,22,,l,,,,,MN1,565,,,,,,,,126417,Clupea harengus
CA,I5034 ,2,NL,64T2 ,MRN2,,,,748771,2019NL051,2019,W,126417,,,1,23,,l,,,,,MN1,566,,,,,,,,126417,Clupea harengus
CA,I5034 ,2,NL,64T2 ,MRN2,,,,748771,2019NL051,2019,W,126417,,,1,24,,l,,,,,MN1,567,,,,,,,,126417,Clupea harengus
CA,I5034 ,2,NL,64T2 ,MRN2,,,,748771,2019NL051,2019,W,126417,,,1,26,,l,,,,,MN1,568,,,,,,,,126417,Clupea harengus
CA,I5034 ,2,NL,64T2 ,MRN2,,,,748772,2019NL052,2019,W,126417,,,1,25,,l,,,,,MN1,569,,,,,,,,126417,Clupea harengus
CA,I5034 ,2,NL,64T2 ,MRN2,,,,748772,2019NL052,2019,W,126417,,,1,26,,l,,,,,MN1,570,,,,,,,,126417,Clupea harengus
CA,I5034 ,2,NL,64T2 ,MRN2,,,,748772,2019NL052,2019,W,126417,,,1,27,,l,,,,,MN1,571,,,,,,,,126417,Clupea harengus
CA,I5034 ,2,NL,64T2 ,MRN2,,,,748772,2019NL052,2019,W,126417,,,1,28,,l,,,,,MN1,572,,,,,,,,126417,Clupea harengus
CA,I5034 ,2,NL,64T2 ,MRN2,,,,748772,2019NL052,2019,W,126417,,,1,19,,l,,,,,MN1,573,,,,,,,,126417,Clupea harengus
CA,I5034 ,2,NL,64T2 ,MRN2,,,,748772,2019NL052,2019,W,126417,,,1,20,,l,,,,,MN1,574,,,,,,,,126417,Clupea harengus
CA,I5034 ,2,NL,64T2 ,MRN2,,,,748772,2019NL052,2019,W,126417,,,1,21,,l,,,,,MN1,575,,,,,,,,126417,Clupea harengus
CA,I5034 ,2,NL,64T2 ,MRN2,,,,748772,2019NL052,2019,W,126417,,,1,22,,l,,,,,MN1,576,,,,,,,,126417,Clupea harengus
CA,I5034 ,2,NL,64T2 ,MRN2,,,,748772,2019NL052,2019,W,126417,,,1,23,,l,,,,,MN1,577,,,,,,,,126417,Clupea harengus
CA,I5034 ,2,NL,64T2 ,MRN2,,,,748772,2019NL052,2019,W,126417,,,1,24,,l,,,,,MN1,578,,,,,,,,126417,Clupea harengus
CA,I5034 ,2,NL,64T2 ,MRN2,,,,748772,2019NL052,2019,W,126417,,,1,0,,l,,,,,MN1,579,,,,,,,,126417,Clupea harengus
CA,I5034 ,2,NL,64T2 ,MRN2,,,,748773,2019NL053,2019,W,126417,,,1,23,,l,,,,,MN1,580,,,,,,,,126417,Clupea harengus
CA,I5034 ,2,NL,64T2 ,MRN2,,,,748773,2019NL053,2019,W,126417,,,1,23,,l,,,,,MN1,581,,,,,,,,126417,Clupea harengus
CA,I5034 ,2,NL,64T2 ,MRN2,,,,748773,2019NL053,2019,W,126417,,,1,25,,l,,,,,MN1,582,,,,,,,,126417,Clupea harengus
CA,I5034 ,2,NL,64T2 ,MRN2,,,,748773,2019NL053,2019,W,126417,,,1,0,,l,,,,,MN1,583,,,,,,,,126417,Clupea harengus
CA,I5034 ,2,NL,64T2 ,MRN2,,,,748775,2019NL055,2019,W,126417,,,1,21,,l,,,,,MN1,584,,,,,,,,126417,Clupea harengus
CA,I5034 ,2,NL,64T2 ,MRN2,,,,748775,2019NL055,2019,W,126417,,,1,22,,l,,,,,MN1,585,,,,,,,,126417,Clupea harengus
CA,I5034 ,2,NL,64T2 ,MRN2,,,,748775,2019NL055,2019,W,126417,,,1,23,,l,,,,,MN1,586,,,,,,,,126417,Clupea harengus
CA,I5034 ,2,NL,64T2 ,MRN2,,,,748775,2019NL055,2019,W,126417,,,1,24,,l,,,,,MN1,587,,,,,,,,126417,Clupea harengus
CA,I5034 ,2,NL,64T2 ,MRN2,,,,748775,2019NL055,2019,W,126417,,,1,25,,l,,,,,MN1,588,,,,,,,,126417,Clupea harengus
CA,I5034 ,2,NL,64T2 ,MRN2,,,,748775,2019NL055,2019,W,126417,,,1,26,,l,,,,,MN1,589,,,,,,,,126417,Clupea harengus
CA,I5034 ,2,NL,64T2 ,MRN2,,,,748775,2019NL055,2019,W,126417,,,1,27,,l,,,,,MN1,590,,,,,,,,126417,Clupea harengus
CA,I5034 ,2,NL,64T2 ,MRN2,,,,748775,2019NL055,2019,W,126417,,,1,28,,l,,,,,MN1,591,,,,,,,,126417,Clupea harengus
CA,I5034 ,2,NL,64T2 ,MRN2,,,,748776,2019NL056,2019,W,126417,,,1,22,,l,,,,,MN1,592,,,,,,,,126417,Clupea harengus
CA,I5034 ,2,NL,64T2 ,MRN2,,,,748776,2019NL056,2019,W,126417,,,1,24,,l,,,,,MN1,593,,,,,,,,126417,Clupea harengus
CA,I5034 ,2,NL,64T2 ,MRN2,,,,748776,2019NL056,2019,W,126417,,,1,25,,l,,,,,MN1,594,,,,,,,,126417,Clupea harengus
CA,I5034 ,2,NL,64T2 ,MRN2,,,,748776,2019NL056,2019,W,126417,,,1,26,,l,,,,,MN1,595,,,,,,,,126417,Clupea harengus
CA,I5034 ,2,NL,64T2 ,MRN2,,,,748776,2019NL056,2019,W,126417,,,1,27,,l,,,,,MN1,596,,,,,,,,126417,Clupea harengus
CA,I5034 ,2,NL,64T2 ,MRN2,,,,748776,2019NL056,2019,W,126417,,,1,28,,l,,,,,MN1,597,,,,,,,,126417,Clupea harengus
CA,I5034 ,2,NL,64T2 ,MRN2,,,,748776,2019NL056,2019,W,126417,,,1,29,,l,,,,,MN1,598,,,,,,,,126417,Clupea harengus
CA,I5034 ,2,NL,64T2 ,MRN2,,,,748776,2019NL056,2019,W,126417,,,1,30,,l,,,,,MN1,599,,,,,,,,126417,Clupea harengus
CA,I5034 ,2,NL,64T2 ,MRN2,,,,748776,2019NL056,2019,W,126417,,,1,31,,l,,,,,MN1,600,,,,,,,,126417,Clupea harengus
CA,I5034 ,2,NL,64T2 ,MRN2,,,,748776,2019NL056,2019,W,126417,,,1,19,,l,,,,,MN1,601,,,,,,,,126417,Clupea harengus
CA,I5034 ,2,NL,64T2 ,MRN2,,,,748776,2019NL056,2019,W,126417,,,1,21,,l,,,,,MN1,602,,,,,,,,126417,Clupea harengus
CA,I5034 ,2,NL,64T2 ,MRN2,,,,748776,2019NL056,2019,W,126417,,,1,22,,l,,,,,MN1,603,,,,,,,,126417,Clupea harengus
CA,I5034 ,2,NL,64T2 ,MRN2,,,,748776,2019NL056,2019,W,126417,,,1,23,,l,,,,,MN1,604,,,,,,,,126417,Clupea harengus
CA,I5034 ,2,NL,64T2 ,MRN2,,,,748776,2019NL056,2019,W,126417,,,1,24,,l,,,,,MN1,605,,,,,,,,126417,Clupea harengus
CA,I5034 ,2,NL,64T2 ,MRN2,,,,748776,2019NL056,2019,W,126417,,,1,25,,l,,,,,MN1,606,,,,,,,,126417,Clupea harengus
CA,I5034 ,2,NL,64T2 ,MRN2,,,,748776,2019NL056,2019,W,126417,,,1,26,,l,,,,,MN1,607,,,,,,,,126417,Clupea harengus
CA,I5034 ,2,NL,64T2 ,MRN2,,,,748776,2019NL056,2019,W,126417,,,1,27,,l,,,,,MN1,608,,,,,,,,126417,Clupea harengus
CA,I5034 ,2,NL,64T2 ,MRN2,,,,748776,2019NL056,2019,W,126417,,,1,28,,l,,,,,MN1,609,,,,,,,,126417,Clupea harengus
CA,I5034 ,2,NL,64T2 ,MRN2,,,,748776,2019NL056,2019,W,126417,,,1,29,,l,,,,,MN1,610,,,,,,,,126417,Clupea harengus
CA,I5034 ,2,NL,64T2 ,MRN2,,,,748777,2019NL057,2019,W,126417,,,1,23,,l,,,,,MN1,611,,,,,,,,126417,Clupea harengus
CA,I5034 ,2,NL,64T2 ,MRN2,,,,748777,2019NL057,2019,W,126417,,,1,24,,l,,,,,MN1,612,,,,,,,,126417,Clupea harengus
CA,I5034 ,2,NL,64T2 ,MRN2,,,,748777,2019NL057,2019,W,126417,,,1,25,,l,,,,,MN1,613,,,,,,,,126417,Clupea harengus
CA,I5034 ,2,NL,64T2 ,MRN2,,,,748777,2019NL057,2019,W,126417,,,1,26,,l,,,,,MN1,614,,,,,,,,126417,Clupea harengus
CA,I5034 ,2,NL,64T2 ,MRN2,,,,748777,2019NL057,2019,W,126417,,,1,27,,l,,,,,MN1,615,,,,,,,,126417,Clupea harengus
CA,I5034 ,2,NL,64T2 ,MRN2,,,,748777,2019NL057,2019,W,126417,,,1,28,,l,,,,,MN1,616,,,,,,,,126417,Clupea harengus
CA,I5034 ,2,NL,64T2 ,MRN2,,,,748777,2019NL057,2019,W,126417,,,1,29,,l,,,,,MN1,617,,,,,,,,126417,Clupea harengus
CA,I5034 ,2,NL,64T2 ,MRN2,,,,748777,2019NL057,2019,W,126417,,,1,30,,l,,,,,MN1,618,,,,,,,,126417,Clupea harengus
CA,I5034 ,2,NL,64T2 ,MRN2,,,,748777,2019NL057,2019,W,126417,,,1,31,,l,,,,,MN1,619,,,,,,,,126417,Clupea harengus
CA,I5034 ,2,NL,64T2 ,MRN2,,,,748777,2019NL057,2019,W,126417,,,1,32,,l,,,,,MN1,620,,,,,,,,126417,Clupea harengus
CA,I5034 ,2,NL,64T2 ,MRN2,,,,748777,2019NL057,2019,W,126417,,,1,33,,l,,,,,MN1,621,,,,,,,,126417,Clupea harengus
CA,I5034 ,2,NL,64T2 ,MRN2,,,,748777,2019NL057,2019,W,126417,,,1,34,,l,,,,,MN1,622,,,,,,,,126417,Clupea harengus
CA,I5034 ,2,NL,64T2 ,MRN2,,,,748777,2019NL057,2019,W,126417,,,1,22,,l,,,,,MN1,623,,,,,,,,126417,Clupea harengus
CA,I5034 ,2,NL,64T2 ,MRN2,,,,748777,2019NL057,2019,W,126417,,,1,24,,l,,,,,MN1,624,,,,,,,,126417,Clupea harengus
CA,I5034 ,2,NL,64T2 ,MRN2,,,,748777,2019NL057,2019,W,126417,,,1,25,,l,,,,,MN1,625,,,,,,,,126417,Clupea harengus
CA,I5034 ,2,NL,64T2 ,MRN2,,,,748777,2019NL057,2019,W,126417,,,1,26,,l,,,,,MN1,626,,,,,,,,126417,Clupea harengus
CA,I5034 ,2,NL,64T2 ,MRN2,,,,748777,2019NL057,2019,W,126417,,,1,28,,l,,,,,MN1,627,,,,,,,,126417,Clupea harengus
CA,I5034 ,2,NL,64T2 ,MRN2,,,,748777,2019NL057,2019,W,126417,,,1,29,,l,,,,,MN1,628,,,,,,,,126417,Clupea harengus
CA,I5034 ,2,NL,64T2 ,MRN2,,,,748777,2019NL057,2019,W,126417,,,1,30,,l,,,,,MN1,629,,,,,,,,126417,Clupea harengus
CA,I5034 ,2,NL,64T2 ,MRN2,,,,748777,2019NL057,2019,W,126417,,,1,31,,l,,,,,MN1,630,,,,,,,,126417,Clupea harengus
CA,I5034 ,2,NL,64T2 ,MRN2,,,,748777,2019NL057,2019,W,126417,,,1,34,,l,,,,,MN1,631,,,,,,,,126417,Clupea harengus
CA,I5034 ,2,NL,64T2 ,MRN2,,,,748778,2019NL058,2019,W,126417,,,1,25,,l,,,,,MN1,632,,,,,,,,126417,Clupea harengus
CA,I5034 ,2,NL,64T2 ,MRN2,,,,748778,2019NL058,2019,W,126417,,,1,26,,l,,,,,MN1,633,,,,,,,,126417,Clupea harengus
CA,I5034 ,2,NL,64T2 ,MRN2,,,,748778,2019NL058,2019,W,126417,,,1,27,,l,,,,,MN1,634,,,,,,,,126417,Clupea harengus
CA,I5034 ,2,NL,64T2 ,MRN2,,,,748778,2019NL058,2019,W,126417,,,1,28,,l,,,,,MN1,635,,,,,,,,126417,Clupea harengus
CA,I5034 ,2,NL,64T2 ,MRN2,,,,748778,2019NL058,2019,W,126417,,,1,29,,l,,,,,MN1,636,,,,,,,,126417,Clupea harengus
CA,I5034 ,2,NL,64T2 ,MRN2,,,,748778,2019NL058,2019,W,126417,,,1,30,,l,,,,,MN1,637,,,,,,,,126417,Clupea harengus
CA,I5034 ,2,NL,64T2 ,MRN2,,,,748778,2019NL058,2019,W,126417,,,1,31,,l,,,,,MN1,638,,,,,,,,126417,Clupea harengus
CA,I5034 ,2,NL,64T2 ,MRN2,,,,748778,2019NL058,2019,W,126417,,,1,32,,l,,,,,MN1,639,,,,,,,,126417,Clupea harengus
CA,I5034 ,2,NL,64T2 ,MRN2,,,,748778,2019NL058,2019,W,126417,,,1,33,,l,,,,,MN1,640,,,,,,,,126417,Clupea harengus
CA,I5034 ,2,NL,64T2 ,MRN2,,,,748778,2019NL058,2019,W,126417,,,1,34,,l,,,,,MN1,641,,,,,,,,126417,Clupea harengus
CA,I5034 ,2,NL,64T2 ,MRN2,,,,748778,2019NL058,2019,W,126417,,,1,35,,l,,,,,MN1,642,,,,,,,,126417,Clupea harengus
CA,I5034 ,2,NL,64T2 ,MRN2,,,,748778,2019NL058,2019,W,126417,,,1,25,,l,,,,,MN1,643,,,,,,,,126417,Clupea harengus
CA,I5034 ,2,NL,64T2 ,MRN2,,,,748778,2019NL058,2019,W,126417,,,1,26,,l,,,,,MN1,644,,,,,,,,126417,Clupea harengus
CA,I5034 ,2,NL,64T2 ,MRN2,,,,748778,2019NL058,2019,W,126417,,,1,27,,l,,,,,MN1,645,,,,,,,,126417,Clupea harengus
CA,I5034 ,2,NL,64T2 ,MRN2,,,,748778,2019NL058,2019,W,126417,,,1,28,,l,,,,,MN1,646,,,,,,,,126417,Clupea harengus
CA,I5034 ,2,NL,64T2 ,MRN2,,,,748778,2019NL058,2019,W,126417,,,1,29,,l,,,,,MN1,647,,,,,,,,126417,Clupea harengus
CA,I5034 ,2,NL,64T2 ,MRN2,,,,748778,2019NL058,2019,W,126417,,,1,30,,l,,,,,MN1,648,,,,,,,,126417,Clupea harengus
CA,I5034 ,2,NL,64T2 ,MRN2,,,,748778,2019NL058,2019,W,126417,,,1,31,,l,,,,,MN1,649,,,,,,,,126417,Clupea harengus
CA,I5034 ,2,NL,64T2 ,MRN2,,,,748778,2019NL058,2019,W,126417,,,1,32,,l,,,,,MN1,650,,,,,,,,126417,Clupea harengus
CA,I5034 ,2,NL,64T2 ,MRN2,,,,748778,2019NL058,2019,W,126417,,,1,33,,l,,,,,MN1,651,,,,,,,,126417,Clupea harengus
CA,I5034 ,2,NL,64T2 ,MRN2,,,,748778,2019NL058,2019,W,126417,,,1,0,,l,,,,,MN1,652,,,,,,,,126417,Clupea harengus
CA,I5034 ,2,NL,64T2 ,MRN2,,,,748779,2019NL059,2019,W,126417,,,1,19,,l,,,,,MN1,653,,,,,,,,126417,Clupea harengus
CA,I5034 ,2,NL,64T2 ,MRN2,,,,748779,2019NL059,2019,W,126417,,,1,24,,l,,,,,MN1,654,,,,,,,,126417,Clupea harengus
CA,I5034 ,2,NL,64T2 ,MRN2,,,,748779,2019NL059,2019,W,126417,,,1,26,,l,,,,,MN1,655,,,,,,,,126417,Clupea harengus
CA,I5034 ,2,NL,64T2 ,MRN2,,,,748779,2019NL059,2019,W,126417,,,1,27,,l,,,,,MN1,656,,,,,,,,126417,Clupea harengus
CA,I5034 ,2,NL,64T2 ,MRN2,,,,748779,2019NL059,2019,W,126417,,,1,28,,l,,,,,MN1,657,,,,,,,,126417,Clupea harengus
CA,I5034 ,2,NL,64T2 ,MRN2,,,,748779,2019NL059,2019,W,126417,,,1,29,,l,,,,,MN1,658,,,,,,,,126417,Clupea harengus
CA,I5034 ,2,NL,64T2 ,MRN2,,,,748779,2019NL059,2019,W,126417,,,1,30,,l,,,,,MN1,659,,,,,,,,126417,Clupea harengus
CA,I5034 ,2,NL,64T2 ,MRN2,,,,748779,2019NL059,2019,W,126417,,,1,31,,l,,,,,MN1,660,,,,,,,,126417,Clupea harengus
CA,I5034 ,2,NL,64T2 ,MRN2,,,,748779,2019NL059,2019,W,126417,,,1,32,,l,,,,,MN1,661,,,,,,,,126417,Clupea harengus
CA,I5034 ,2,NL,64T2 ,MRN2,,,,748779,2019NL059,2019,W,126417,,,1,25,,l,,,,,MN1,662,,,,,,,,126417,Clupea harengus
CA,I5034 ,2,NL,64T2 ,MRN2,,,,748779,2019NL059,2019,W,126417,,,1,26,,l,,,,,MN1,663,,,,,,,,126417,Clupea harengus
CA,I5034 ,2,NL,64T2 ,MRN2,,,,748779,2019NL059,2019,W,126417,,,1,27,,l,,,,,MN1,664,,,,,,,,126417,Clupea harengus
CA,I5034 ,2,NL,64T2 ,MRN2,,,,748779,2019NL059,2019,W,126417,,,1,28,,l,,,,,MN1,665,,,,,,,,126417,Clupea harengus
CA,I5034 ,2,NL,64T2 ,MRN2,,,,748779,2019NL059,2019,W,126417,,,1,29,,l,,,,,MN1,666,,,,,,,,126417,Clupea harengus
CA,I5034 ,2,NL,64T2 ,MRN2,,,,748779,2019NL059,2019,W,126417,,,1,31,,l,,,,,MN1,667,,,,,,,,126417,Clupea harengus
CA,I5034 ,2,NL,64T2 ,MRN2,,,,748779,2019NL059,2019,W,126417,,,1,32,,l,,,,,MN1,668,,,,,,,,126417,Clupea harengus
CA,I5034 ,2,NL,64T2 ,MRN2,,,,748780,2019NL060,2019,W,126417,,,1,22,,l,,,,,MN1,669,,,,,,,,126417,Clupea harengus
CA,I5034 ,2,NL,64T2 ,MRN2,,,,748780,2019NL060,2019,W,126417,,,1,24,,l,,,,,MN1,670,,,,,,,,126417,Clupea harengus
CA,I5034 ,2,NL,64T2 ,MRN2,,,,748780,2019NL060,2019,W,126417,,,1,25,,l,,,,,MN1,671,,,,,,,,126417,Clupea harengus
CA,I5034 ,2,NL,64T2 ,MRN2,,,,748780,2019NL060,2019,W,126417,,,1,26,,l,,,,,MN1,672,,,,,,,,126417,Clupea harengus
CA,I5034 ,2,NL,64T2 ,MRN2,,,,748780,2019NL060,2019,W,126417,,,1,27,,l,,,,,MN1,673,,,,,,,,126417,Clupea harengus
CA,I5034 ,2,NL,64T2 ,MRN2,,,,748780,2019NL060,2019,W,126417,,,1,28,,l,,,,,MN1,674,,,,,,,,126417,Clupea harengus
CA,I5034 ,2,NL,64T2 ,MRN2,,,,748780,2019NL060,2019,W,126417,,,1,29,,l,,,,,MN1,675,,,,,,,,126417,Clupea harengus
CA,I5034 ,2,NL,64T2 ,MRN2,,,,748780,2019NL060,2019,W,126417,,,1,30,,l,,,,,MN1,676,,,,,,,,126417,Clupea harengus
CA,I5034 ,2,NL,64T2 ,MRN2,,,,748780,2019NL060,2019,W,126417,,,1,33,,l,,,,,MN1,677,,,,,,,,126417,Clupea harengus
CA,I5034 ,2,NL,64T2 ,MRN2,,,,748780,2019NL060,2019,W,126417,,,1,25,,l,,,,,MN1,678,,,,,,,,126417,Clupea harengus
CA,I5034 ,2,NL,64T2 ,MRN2,,,,748780,2019NL060,2019,W,126417,,,1,26,,l,,,,,MN1,679,,,,,,,,126417,Clupea harengus
CA,I5034 ,2,NL,64T2 ,MRN2,,,,748780,2019NL060,2019,W,126417,,,1,27,,l,,,,,MN1,680,,,,,,,,126417,Clupea harengus
CA,I5034 ,2,NL,64T2 ,MRN2,,,,748780,2019NL060,2019,W,126417,,,1,28,,l,,,,,MN1,681,,,,,,,,126417,Clupea harengus
CA,I5034 ,2,NL,64T2 ,MRN2,,,,748780,2019NL060,2019,W,126417,,,1,29,,l,,,,,MN1,682,,,,,,,,126417,Clupea harengus
CA,I5034 ,2,NL,64T2 ,MRN2,,,,748780,2019NL060,2019,W,126417,,,1,30,,l,,,,,MN1,683,,,,,,,,126417,Clupea harengus
CA,I5034 ,2,NL,64T2 ,MRN2,,,,748780,2019NL060,2019,W,126417,,,1,32,,l,,,,,MN1,684,,,,,,,,126417,Clupea harengus
CA,I5034 ,2,NL,64T2 ,MRN2,,,,748780,2019NL060,2019,W,126417,,,1,33,,l,,,,,MN1,685,,,,,,,,126417,Clupea harengus
CA,I5034 ,2,NL,64T2 ,MRN2,,,,748780,2019NL060,2019,W,126417,,,1,0,,l,,,,,MN1,686,,,,,,,,126417,Clupea harengus
CA,I5034 ,2,NL,64T2 ,MRN2,,,,748781,2019NL061,2019,W,126417,,,1,22,,l,,,,,MN1,687,,,,,,,,126417,Clupea harengus
CA,I5034 ,2,NL,64T2 ,MRN2,,,,748781,2019NL061,2019,W,126417,,,1,23,,l,,,,,MN1,688,,,,,,,,126417,Clupea harengus
CA,I5034 ,2,NL,64T2 ,MRN2,,,,748781,2019NL061,2019,W,126417,,,1,24,,l,,,,,MN1,689,,,,,,,,126417,Clupea harengus
CA,I5034 ,2,NL,64T2 ,MRN2,,,,748781,2019NL061,2019,W,126417,,,1,25,,l,,,,,MN1,690,,,,,,,,126417,Clupea harengus
CA,I5034 ,2,NL,64T2 ,MRN2,,,,748781,2019NL061,2019,W,126417,,,1,26,,l,,,,,MN1,691,,,,,,,,126417,Clupea harengus
CA,I5034 ,2,NL,64T2 ,MRN2,,,,748781,2019NL061,2019,W,126417,,,1,27,,l,,,,,MN1,692,,,,,,,,126417,Clupea harengus
CA,I5034 ,2,NL,64T2 ,MRN2,,,,748781,2019NL061,2019,W,126417,,,1,28,,l,,,,,MN1,693,,,,,,,,126417,Clupea harengus
CA,I5034 ,2,NL,64T2 ,MRN2,,,,748781,2019NL061,2019,W,126417,,,1,29,,l,,,,,MN1,694,,,,,,,,126417,Clupea harengus
CA,I5034 ,2,NL,64T2 ,MRN2,,,,748781,2019NL061,2019,W,126417,,,1,30,,l,,,,,MN1,695,,,,,,,,126417,Clupea harengus
CA,I5034 ,2,NL,64T2 ,MRN2,,,,748781,2019NL061,2019,W,126417,,,1,31,,l,,,,,MN1,696,,,,,,,,126417,Clupea harengus
CA,I5034 ,2,NL,64T2 ,MRN2,,,,748781,2019NL061,2019,W,126417,,,1,32,,l,,,,,MN1,697,,,,,,,,126417,Clupea harengus
CA,I5034 ,2,NL,64T2 ,MRN2,,,,748781,2019NL061,2019,W,126417,,,1,33,,l,,,,,MN1,698,,,,,,,,126417,Clupea harengus
CA,I5034 ,2,NL,64T2 ,MRN2,,,,748782,2019NL062,2019,W,126417,,,1,24,,l,,,,,MN1,699,,,,,,,,126417,Clupea harengus
CA,I5034 ,2,NL,64T2 ,MRN2,,,,748782,2019NL062,2019,W,126417,,,1,25,,l,,,,,MN1,700,,,,,,,,126417,Clupea harengus
CA,I5034 ,2,NL,64T2 ,MRN2,,,,748782,2019NL062,2019,W,126417,,,1,26,,l,,,,,MN1,701,,,,,,,,126417,Clupea harengus
CA,I5034 ,2,NL,64T2 ,MRN2,,,,748782,2019NL062,2019,W,126417,,,1,27,,l,,,,,MN1,702,,,,,,,,126417,Clupea harengus
CA,I5034 ,2,NL,64T2 ,MRN2,,,,748782,2019NL062,2019,W,126417,,,1,28,,l,,,,,MN1,703,,,,,,,,126417,Clupea harengus
CA,I5034 ,2,NL,64T2 ,MRN2,,,,748782,2019NL062,2019,W,126417,,,1,29,,l,,,,,MN1,704,,,,,,,,126417,Clupea harengus
CA,I5034 ,2,NL,64T2 ,MRN2,,,,748782,2019NL062,2019,W,126417,,,1,30,,l,,,,,MN1,705,,,,,,,,126417,Clupea harengus
CA,I5034 ,2,NL,64T2 ,MRN2,,,,748782,2019NL062,2019,W,126417,,,1,31,,l,,,,,MN1,706,,,,,,,,126417,Clupea harengus
CA,I5034 ,2,NL,64T2 ,MRN2,,,,748782,2019NL062,2019,W,126417,,,1,34,,l,,,,,MN1,707,,,,,,,,126417,Clupea harengus
CA,I5034 ,2,NL,64T2 ,MRN2,,,,748782,2019NL062,2019,W,126417,,,1,22,,l,,,,,MN1,708,,,,,,,,126417,Clupea harengus
CA,I5034 ,2,NL,64T2 ,MRN2,,,,748782,2019NL062,2019,W,126417,,,1,23,,l,,,,,MN1,709,,,,,,,,126417,Clupea harengus
CA,I5034 ,2,NL,64T2 ,MRN2,,,,748782,2019NL062,2019,W,126417,,,1,24,,l,,,,,MN1,710,,,,,,,,126417,Clupea harengus
CA,I5034 ,2,NL,64T2 ,MRN2,,,,748782,2019NL062,2019,W,126417,,,1,25,,l,,,,,MN1,711,,,,,,,,126417,Clupea harengus
CA,I5034 ,2,NL,64T2 ,MRN2,,,,748782,2019NL062,2019,W,126417,,,1,26,,l,,,,,MN1,712,,,,,,,,126417,Clupea harengus
CA,I5034 ,2,NL,64T2 ,MRN2,,,,748782,2019NL062,2019,W,126417,,,1,27,,l,,,,,MN1,713,,,,,,,,126417,Clupea harengus
CA,I5034 ,2,NL,64T2 ,MRN2,,,,748782,2019NL062,2019,W,126417,,,1,28,,l,,,,,MN1,714,,,,,,,,126417,Clupea harengus
CA,I5034 ,2,NL,64T2 ,MRN2,,,,748782,2019NL062,2019,W,126417,,,1,30,,l,,,,,MN1,715,,,,,,,,126417,Clupea harengus
CA,I5034 ,2,NL,64T2 ,MRN2 ,,,,10033370,2021NL5400121,2021,W,126417,,,1,23,,d ,,,,,MN1 ,716,,,,,,,,126417,Clupea harengus
CA,I5034 ,2,NL,64T2 ,MRN2 ,,,,10033370,2021NL5400121,2021,W,126417,,,1,24,,d ,,,,,MN1 ,717,,,,,,,,126417,Clupea harengus
CA,I5034 ,2,NL,64T2 ,MRN2 ,,,,10033370,2021NL5400121,2021,W,126417,,,1,26,,d ,,,,,MN1 ,718,,,,,,,,126417,Clupea harengus
CA,I5034 ,2,NL,64T2 ,MRN2 ,,,,10033370,2021NL5400121,2021,W,126417,,,1,27,,d ,,,,,MN1 ,719,,,,,,,,126417,Clupea harengus
CA,I5034 ,2,NL,64T2 ,MRN2 ,,,,10033370,2021NL5400121,2021,W,126417,,,1,28,,d ,,,,,MN1 ,720,,,,,,,,126417,Clupea harengus
CA,I5034 ,2,NL,64T2 ,MRN2 ,,,,10033370,2021NL5400121,2021,W,126417,,,1,29,,d ,,,,,MN1 ,721,,,,,,,,126417,Clupea harengus
CA,I5034 ,2,NL,64T2 ,MRN2 ,,,,10033370,2021NL5400121,2021,W,126417,,,1,30,,d ,,,,,MN1 ,722,,,,,,,,126417,Clupea harengus
CA,I5034 ,2,NL,64T2 ,MRN2 ,,,,10033370,2021NL5400121,2021,W,126417,,,1,31,,d ,,,,,MN1 ,723,,,,,,,,126417,Clupea harengus
CA,I5034 ,2,NL,64T2 ,MRN2 ,,,,10033370,2021NL5400121,2021,W,126417,,,1,32,,d ,,,,,MN1 ,724,,,,,,,,126417,Clupea harengus
CA,I5034 ,2,NL,64T2 ,MRN2 ,,,,10033370,2021NL5400121,2021,W,126417,,,1,33,,d ,,,,,MN1 ,725,,,,,,,,126417,Clupea harengus
CA,I5034 ,2,NL,64T2 ,MRN2 ,,,,10033370,2021NL5400121,2021,W,126417,,,1,34,,d ,,,,,MN1 ,726,,,,,,,,126417,Clupea harengus
CA,I5034 ,2,NL,64T2 ,MRN2 ,,,,10033371,2021NL5400122,2021,W,126417,,,1,22,,d ,,,,,MN1 ,727,,,,,,,,126417,Clupea harengus
CA,I5034 ,2,NL,64T2 ,MRN2 ,,,,10033371,2021NL5400122,2021,W,126417,,,1,23,,d ,,,,,MN1 ,728,,,,,,,,126417,Clupea harengus
CA,I5034 ,2,NL,64T2 ,MRN2 ,,,,10033371,2021NL5400122,2021,W,126417,,,1,24,,d ,,,,,MN1 ,729,,,,,,,,126417,Clupea harengus
CA,I5034 ,2,NL,64T2 ,MRN2 ,,,,10033371,2021NL5400122,2021,W,126417,,,1,25,,d ,,,,,MN1 ,730,,,,,,,,126417,Clupea harengus
CA,I5034 ,2,NL,64T2 ,MRN2 ,,,,10033371,2021NL5400122,2021,W,126417,,,1,26,,d ,,,,,MN1 ,731,,,,,,,,126417,Clupea harengus
CA,I5034 ,2,NL,64T2 ,MRN2 ,,,,10033371,2021NL5400122,2021,W,126417,,,1,27,,d ,,,,,MN1 ,732,,,,,,,,126417,Clupea harengus
CA,I5034 ,2,NL,64T2 ,MRN2 ,,,,10033371,2021NL5400122,2021,W,126417,,,1,28,,d ,,,,,MN1 ,733,,,,,,,,126417,Clupea harengus
CA,I5034 ,2,NL,64T2 ,MRN2 ,,,,10033371,2021NL5400122,2021,W,126417,,,1,29,,d ,,,,,MN1 ,734,,,,,,,,126417,Clupea harengus
CA,I5034 ,2,NL,64T2 ,MRN2 ,,,,10033371,2021NL5400122,2021,W,126417,,,1,30,,d ,,,,,MN1 ,735,,,,,,,,126417,Clupea harengus
CA,I5034 ,2,NL,64T2 ,MRN2 ,,,,10033372,2021NL5400123,2021,W,126417,,,1,22,,d ,,,,,MN1 ,736,,,,,,,,126417,Clupea harengus
CA,I5034 ,2,NL,64T2 ,MRN2 ,,,,10033372,2021NL5400123,2021,W,126417,,,1,23,,d ,,,,,MN1 ,737,,,,,,,,126417,Clupea harengus
CA,I5034 ,2,NL,64T2 ,MRN2 ,,,,10033372,2021NL5400123,2021,W,126417,,,1,24,,d ,,,,,MN1 ,738,,,,,,,,126417,Clupea harengus
CA,I5034 ,2,NL,64T2 ,MRN2 ,,,,10033372,2021NL5400123,2021,W,126417,,,1,25,,d ,,,,,MN1 ,739,,,,,,,,126417,Clupea harengus
CA,I5034 ,2,NL,64T2 ,MRN2 ,,,,10033372,2021NL5400123,2021,W,126417,,,1,26,,d ,,,,,MN1 ,740,,,,,,,,126417,Clupea harengus
CA,I5034 ,2,NL,64T2 ,MRN2 ,,,,10033372,2021NL5400123,2021,W,126417,,,1,28,,d ,,,,,MN1 ,741,,,,,,,,126417,Clupea harengus
CA,I5034 ,2,NL,64T2 ,MRN2 ,,,,10033372,2021NL5400123,2021,W,126417,,,1,31,,d ,,,,,MN1 ,742,,,,,,,,126417,Clupea harengus
CA,I5034 ,2,NL,64T2 ,MRN2 ,,,,10033373,2021NL5400124,2021,W,126417,,,1,21,,d ,,,,,MN1 ,743,,,,,,,,126417,Clupea harengus
CA,I5034 ,2,NL,64T2 ,MRN2 ,,,,10033373,2021NL5400124,2021,W,126417,,,1,22,,d ,,,,,MN1 ,744,,,,,,,,126417,Clupea harengus
CA,I5034 ,2,NL,64T2 ,MRN2 ,,,,10033373,2021NL5400124,2021,W,126417,,,1,23,,d ,,,,,MN1 ,745,,,,,,,,126417,Clupea harengus
CA,I5034 ,2,NL,64T2 ,MRN2 ,,,,10033373,2021NL5400124,2021,W,126417,,,1,24,,d ,,,,,MN1 ,746,,,,,,,,126417,Clupea harengus
CA,I5034 ,2,NL,64T2 ,MRN2 ,,,,10033373,2021NL5400124,2021,W,126417,,,1,25,,d ,,,,,MN1 ,747,,,,,,,,126417,Clupea harengus
CA,I5034 ,2,NL,64T2 ,MRN2 ,,,,10033373,2021NL5400124,2021,W,126417,,,1,26,,d ,,,,,MN1 ,748,,,,,,,,126417,Clupea harengus
CA,I5034 ,2,NL,64T2 ,MRN2 ,,,,10033373,2021NL5400124,2021,W,126417,,,1,27,,d ,,,,,MN1 ,749,,,,,,,,126417,Clupea harengus
CA,I5034 ,2,NL,64T2 ,MRN2 ,,,,10033373,2021NL5400124,2021,W,126417,,,1,28,,d ,,,,,MN1 ,750,,,,,,,,126417,Clupea harengus
CA,I5034 ,2,NL,64T2 ,MRN2 ,,,,10033373,2021NL5400124,2021,W,126417,,,1,29,,d ,,,,,MN1 ,751,,,,,,,,126417,Clupea harengus
CA,I5034 ,2,NL,64T2 ,MRN2 ,,,,10033369,2021NL5400125,2021,W,126417,,,1,14,,c ,,,,,MN1 ,752,,,,,,,,126417,Clupea harengus
CA,I5034 ,2,NL,64T2 ,MRN2 ,,,,10033369,2021NL5400125,2021,W,126417,,,1,21,,d ,,,,,MN1 ,753,,,,,,,,126417,Clupea harengus
CA,I5034 ,2,NL,64T2 ,MRN2 ,,,,10033369,2021NL5400125,2021,W,126417,,,1,22,,d ,,,,,MN1 ,754,,,,,,,,126417,Clupea harengus
CA,I5034 ,2,NL,64T2 ,MRN2 ,,,,10033369,2021NL5400125,2021,W,126417,,,1,23,,d ,,,,,MN1 ,755,,,,,,,,126417,Clupea harengus
CA,I5034 ,2,NL,64T2 ,MRN2 ,,,,10033369,2021NL5400125,2021,W,126417,,,1,24,,d ,,,,,MN1 ,756,,,,,,,,126417,Clupea harengus
CA,I5034 ,2,NL,64T2 ,MRN2 ,,,,10033369,2021NL5400125,2021,W,126417,,,1,25,,d ,,,,,MN1 ,757,,,,,,,,126417,Clupea harengus
CA,I5034 ,2,NL,64T2 ,MRN2 ,,,,10033369,2021NL5400125,2021,W,126417,,,1,26,,d ,,,,,MN1 ,758,,,,,,,,126417,Clupea harengus
CA,I5034 ,2,NL,64T2 ,MRN2 ,,,,10033369,2021NL5400125,2021,W,126417,,,1,9,,c ,,,,,MN1 ,759,,,,,,,,126417,Clupea harengus
CA,I5034 ,2,NL,64T2 ,MRN2 ,,,,10033374,2021NL5400126,2021,W,126417,,,1,21,,d ,,,,,MN1 ,760,,,,,,,,126417,Clupea harengus
CA,I5034 ,2,NL,64T2 ,MRN2 ,,,,10033374,2021NL5400126,2021,W,126417,,,1,24,,d ,,,,,MN1 ,761,,,,,,,,126417,Clupea harengus
CA,I5034 ,2,NL,64T2 ,MRN2 ,,,,10033374,2021NL5400126,2021,W,126417,,,1,25,,d ,,,,,MN1 ,762,,,,,,,,126417,Clupea harengus
CA,I5034 ,2,NL,64T2 ,MRN2 ,,,,10033374,2021NL5400126,2021,W,126417,,,1,26,,d ,,,,,MN1 ,763,,,,,,,,126417,Clupea harengus
CA,I5034 ,2,NL,64T2 ,MRN2 ,,,,10033374,2021NL5400126,2021,W,126417,,,1,27,,d ,,,,,MN1 ,764,,,,,,,,126417,Clupea harengus
CA,I5034 ,2,NL,64T2 ,MRN2 ,,,,10033374,2021NL5400126,2021,W,126417,,,1,28,,d ,,,,,MN1 ,765,,,,,,,,126417,Clupea harengus
CA,I5034 ,2,NL,64T2 ,MRN2 ,,,,10033374,2021NL5400126,2021,W,126417,,,1,29,,d ,,,,,MN1 ,766,,,,,,,,126417,Clupea harengus
CA,I5034 ,2,NL,64T2 ,MRN2 ,,,,10033374,2021NL5400126,2021,W,126417,,,1,30,,d ,,,,,MN1 ,767,,,,,,,,126417,Clupea harengus
CA,I5034 ,2,NL,64T2 ,MRN2 ,,,,10033374,2021NL5400126,2021,W,126417,,,1,31,,d ,,,,,MN1 ,768,,,,,,,,126417,Clupea harengus
CA,I5034 ,2,NL,64T2 ,MRN2 ,,,,10033375,2021NL5400127,2021,W,126417,,,1,25,,d ,,,,,MN1 ,769,,,,,,,,126417,Clupea harengus
CA,I5034 ,2,NL,64T2 ,MRN2 ,,,,10033375,2021NL5400127,2021,W,126417,,,1,26,,d ,,,,,MN1 ,770,,,,,,,,126417,Clupea harengus
CA,I5034 ,2,NL,64T2 ,MRN2 ,,,,10033375,2021NL5400127,2021,W,126417,,,1,27,,d ,,,,,MN1 ,771,,,,,,,,126417,Clupea harengus
CA,I5034 ,2,NL,64T2 ,MRN2 ,,,,10033375,2021NL5400127,2021,W,126417,,,1,28,,d ,,,,,MN1 ,772,,,,,,,,126417,Clupea harengus
CA,I5034 ,2,NL,64T2 ,MRN2 ,,,,10033375,2021NL5400127,2021,W,126417,,,1,29,,d ,,,,,MN1 ,773,,,,,,,,126417,Clupea harengus
CA,I5034 ,2,NL,64T2 ,MRN2 ,,,,10033375,2021NL5400127,2021,W,126417,,,1,30,,d ,,,,,MN1 ,774,,,,,,,,126417,Clupea harengus
CA,I5034 ,2,NL,64T2 ,MRN2 ,,,,10033375,2021NL5400127,2021,W,126417,,,1,31,,d ,,,,,MN1 ,775,,,,,,,,126417,Clupea harengus
CA,I5034 ,2,NL,64T2 ,MRN2 ,,,,10033375,2021NL5400127,2021,W,126417,,,1,32,,d ,,,,,MN1 ,776,,,,,,,,126417,Clupea harengus
CA,I5034 ,2,NL,64T2 ,MRN2 ,,,,10033376,2021NL5400128,2021,W,126417,,,1,19,,d ,,,,,MN1 ,777,,,,,,,,126417,Clupea harengus
CA,I5034 ,2,NL,64T2 ,MRN2 ,,,,10033376,2021NL5400128,2021,W,126417,,,1,21,,d ,,,,,MN1 ,778,,,,,,,,126417,Clupea harengus
CA,I5034 ,2,NL,64T2 ,MRN2 ,,,,10033376,2021NL5400128,2021,W,126417,,,1,22,,d ,,,,,MN1 ,779,,,,,,,,126417,Clupea harengus
CA,I5034 ,2,NL,64T2 ,MRN2 ,,,,10033376,2021NL5400128,2021,W,126417,,,1,23,,d ,,,,,MN1 ,780,,,,,,,,126417,Clupea harengus
CA,I5034 ,2,NL,64T2 ,MRN2 ,,,,10033376,2021NL5400128,2021,W,126417,,,1,24,,d ,,,,,MN1 ,781,,,,,,,,126417,Clupea harengus
CA,I5034 ,2,NL,64T2 ,MRN2 ,,,,10033376,2021NL5400128,2021,W,126417,,,1,25,,d ,,,,,MN1 ,782,,,,,,,,126417,Clupea harengus
CA,I5034 ,2,NL,64T2 ,MRN2 ,,,,10033376,2021NL5400128,2021,W,126417,,,1,26,,d ,,,,,MN1 ,783,,,,,,,,126417,Clupea harengus
CA,I5034 ,2,NL,64T2 ,MRN2 ,,,,10033376,2021NL5400128,2021,W,126417,,,1,28,,d ,,,,,MN1 ,784,,,,,,,,126417,Clupea harengus
CA,I5034 ,2,NL,64T2 ,MRN2 ,,,,10033376,2021NL5400128,2021,W,126417,,,1,31,,d ,,,,,MN1 ,785,,,,,,,,126417,Clupea harengus
CA,I5034 ,2,NL,64T2 ,MRN2 ,,,,10033377,2021NL5400129,2021,W,126417,,,1,24,,d ,,,,,MN1 ,786,,,,,,,,126417,Clupea harengus
CA,I5034 ,2,NL,64T2 ,MRN2 ,,,,10033377,2021NL5400129,2021,W,126417,,,1,25,,d ,,,,,MN1 ,787,,,,,,,,126417,Clupea harengus
CA,I5034 ,2,NL,64T2 ,MRN2 ,,,,10033377,2021NL5400129,2021,W,126417,,,1,26,,d ,,,,,MN1 ,788,,,,,,,,126417,Clupea harengus
CA,I5034 ,2,NL,64T2 ,MRN2 ,,,,10033377,2021NL5400129,2021,W,126417,,,1,27,,d ,,,,,MN1 ,789,,,,,,,,126417,Clupea harengus
CA,I5034 ,2,NL,64T2 ,MRN2 ,,,,10033377,2021NL5400129,2021,W,126417,,,1,28,,d ,,,,,MN1 ,790,,,,,,,,126417,Clupea harengus
CA,I5034 ,2,NL,64T2 ,MRN2 ,,,,10033377,2021NL5400129,2021,W,126417,,,1,29,,d ,,,,,MN1 ,791,,,,,,,,126417,Clupea harengus
CA,I5034 ,2,NL,64T2 ,MRN2 ,,,,10033377,2021NL5400129,2021,W,126417,,,1,30,,d ,,,,,MN1 ,792,,,,,,,,126417,Clupea harengus
CA,I5034 ,2,NL,64T2 ,MRN2 ,,,,10033377,2021NL5400129,2021,W,126417,,,1,31,,d ,,,,,MN1 ,793,,,,,,,,126417,Clupea harengus
CA,I5034 ,2,NL,64T2 ,MRN2 ,,,,10033377,2021NL5400129,2021,W,126417,,,1,32,,d ,,,,,MN1 ,794,,,,,,,,126417,Clupea harengus
CA,I5034 ,2,NL,64T2 ,MRN2 ,,,,10033377,2021NL5400129,2021,W,126417,,,1,36,,d ,,,,,MN1 ,795,,,,,,,,126417,Clupea harengus
CA,I5034 ,2,NL,64T2 ,MRN2 ,,,,10033378,2021NL5400130,2021,W,126417,,,1,23,,d ,,,,,MN1 ,796,,,,,,,,126417,Clupea harengus
CA,I5034 ,2,NL,64T2 ,MRN2 ,,,,10033378,2021NL5400130,2021,W,126417,,,1,24,,d ,,,,,MN1 ,797,,,,,,,,126417,Clupea harengus
CA,I5034 ,2,NL,64T2 ,MRN2 ,,,,10033378,2021NL5400130,2021,W,126417,,,1,25,,d ,,,,,MN1 ,798,,,,,,,,126417,Clupea harengus
CA,I5034 ,2,NL,64T2 ,MRN2 ,,,,10033378,2021NL5400130,2021,W,126417,,,1,26,,d ,,,,,MN1 ,799,,,,,,,,126417,Clupea harengus
CA,I5034 ,2,NL,64T2 ,MRN2 ,,,,10033378,2021NL5400130,2021,W,126417,,,1,27,,d ,,,,,MN1 ,800,,,,,,,,126417,Clupea harengus
CA,I5034 ,2,NL,64T2 ,MRN2 ,,,,10033378,2021NL5400130,2021,W,126417,,,1,28,,d ,,,,,MN1 ,801,,,,,,,,126417,Clupea harengus
CA,I5034 ,2,NL,64T2 ,MRN2 ,,,,10033378,2021NL5400130,2021,W,126417,,,1,29,,d ,,,,,MN1 ,802,,,,,,,,126417,Clupea harengus
CA,I5034 ,2,NL,64T2 ,MRN2 ,,,,10033378,2021NL5400130,2021,W,126417,,,1,30,,d ,,,,,MN1 ,803,,,,,,,,126417,Clupea harengus
CA,I5034 ,2,NL,64T2 ,MRN2 ,,,,10033378,2021NL5400130,2021,W,126417,,,1,31,,d ,,,,,MN1 ,804,,,,,,,,126417,Clupea harengus
CA,I5034 ,2,NL,64T2 ,MRN2 ,,,,10033379,2021NL5400131,2021,W,126417,,,1,26,,d ,,,,,MN1 ,805,,,,,,,,126417,Clupea harengus
CA,I5034 ,2,NL,64T2 ,MRN2 ,,,,10033379,2021NL5400131,2021,W,126417,,,1,27,,d ,,,,,MN1 ,806,,,,,,,,126417,Clupea harengus
CA,I5034 ,2,NL,64T2 ,MRN2 ,,,,10033379,2021NL5400131,2021,W,126417,,,1,28,,d ,,,,,MN1 ,807,,,,,,,,126417,Clupea harengus
CA,I5034 ,2,NL,64T2 ,MRN2 ,,,,10033379,2021NL5400131,2021,W,126417,,,1,29,,d ,,,,,MN1 ,808,,,,,,,,126417,Clupea harengus
CA,I5034 ,2,NL,64T2 ,MRN2 ,,,,10033379,2021NL5400131,2021,W,126417,,,1,30,,d ,,,,,MN1 ,809,,,,,,,,126417,Clupea harengus
CA,I5034 ,2,NL,64T2 ,MRN2 ,,,,10033379,2021NL5400131,2021,W,126417,,,1,31,,d ,,,,,MN1 ,810,,,,,,,,126417,Clupea harengus
CA,I5034 ,2,NL,64T2 ,MRN2 ,,,,10033379,2021NL5400131,2021,W,126417,,,1,32,,d ,,,,,MN1 ,811,,,,,,,,126417,Clupea harengus
CA,I5034 ,2,NL,64T2 ,MRN2 ,,,,10033379,2021NL5400131,2021,W,126417,,,1,33,,d ,,,,,MN1 ,812,,,,,,,,126417,Clupea harengus
CA,I5034 ,2,NL,64T2 ,MRN2 ,,,,10033379,2021NL5400131,2021,W,126417,,,1,34,,d ,,,,,MN1 ,813,,,,,,,,126417,Clupea harengus
CA,I5034 ,2,NL,64T2 ,MRN2 ,,,,10033379,2021NL5400131,2021,W,126417,,,1,35,,d ,,,,,MN1 ,814,,,,,,,,126417,Clupea harengus
CA,I5034 ,2,NL,64T2 ,MRN2 ,,,,10033379,2021NL5400131,2021,W,126417,,,1,36,,d ,,,,,MN1 ,815,,,,,,,,126417,Clupea harengus
CA,I5034 ,2,NL,64T2 ,MRN2 ,,,,10033379,2021NL5400131,2021,W,126417,,,1,37,,d ,,,,,MN1 ,816,,,,,,,,126417,Clupea harengus
CA,I5034 ,2,NL,64T2 ,MRN2 ,,,,10033379,2021NL5400131,2021,W,126417,,,1,40,,d ,,,,,MN1 ,817,,,,,,,,126417,Clupea harengus
CA,I5034 ,2,NL,64T2 ,MRN2 ,,,,10033381,2021NL5400133,2021,W,126417,,,1,28,,d ,,,,,MN1 ,818,,,,,,,,126417,Clupea harengus
CA,I5034 ,2,NL,64T2 ,MRN2 ,,,,10033381,2021NL5400133,2021,W,126417,,,1,29,,d ,,,,,MN1 ,819,,,,,,,,126417,Clupea harengus
CA,I5034 ,2,NL,64T2 ,MRN2 ,,,,10033381,2021NL5400133,2021,W,126417,,,1,30,,d ,,,,,MN1 ,820,,,,,,,,126417,Clupea harengus
CA,I5034 ,2,NL,64T2 ,MRN2 ,,,,10033381,2021NL5400133,2021,W,126417,,,1,31,,d ,,,,,MN1 ,821,,,,,,,,126417,Clupea harengus
CA,I5034 ,2,NL,64T2 ,MRN2 ,,,,10033381,2021NL5400133,2021,W,126417,,,1,33,,d ,,,,,MN1 ,822,,,,,,,,126417,Clupea harengus
CA,I5034 ,2,NL,64T2 ,MRN2 ,,,,10033381,2021NL5400133,2021,W,126417,,,1,36,,d ,,,,,MN1 ,823,,,,,,,,126417,Clupea harengus
CA,I5034 ,2,NL,64T2 ,MRN2 ,,,,10033381,2021NL5400133,2021,W,126417,,,1,38,,d ,,,,,MN1 ,824,,,,,,,,126417,Clupea harengus
CA,I5034 ,2,NL,64T2 ,MRN2 ,,,,10033382,2021NL5400134,2021,W,126417,,,1,26,,d ,,,,,MN1 ,825,,,,,,,,126417,Clupea harengus
CA,I5034 ,2,NL,64T2 ,MRN2 ,,,,10033382,2021NL5400134,2021,W,126417,,,1,29,,d ,,,,,MN1 ,826,,,,,,,,126417,Clupea harengus
CA,I5034 ,2,NL,64T2 ,MRN2 ,,,,10033383,2021NL5400135,2021,W,126417,,,1,33,,d ,,,,,MN1 ,827,,,,,,,,126417,Clupea harengus
CA,I5034 ,2,NL,64T2 ,MRN2 ,,,,10033383,2021NL5400135,2021,W,126417,,,1,33,,d ,,,,,MN1 ,828,,,,,,,,126417,Clupea harengus
CA,I5034 ,2,NL,64T2 ,MRN2 ,,,,10033384,2021NL5400136,2021,W,126417,,,1,24,,d ,,,,,MN1 ,829,,,,,,,,126417,Clupea harengus
CA,I5034 ,2,NL,64T2 ,MRN2 ,,,,10033384,2021NL5400136,2021,W,126417,,,1,25,,d ,,,,,MN1 ,830,,,,,,,,126417,Clupea harengus
CA,I5034 ,2,NL,64T2 ,MRN2 ,,,,10033384,2021NL5400136,2021,W,126417,,,1,26,,d ,,,,,MN1 ,831,,,,,,,,126417,Clupea harengus
CA,I5034 ,2,NL,64T2 ,MRN2 ,,,,10033384,2021NL5400136,2021,W,126417,,,1,27,,d ,,,,,MN1 ,832,,,,,,,,126417,Clupea harengus
CA,I5034 ,2,NL,64T2 ,MRN2 ,,,,10033384,2021NL5400136,2021,W,126417,,,1,30,,d ,,,,,MN1 ,833,,,,,,,,126417,Clupea harengus
CA,I5034 ,2,NL,64T2 ,MRN2 ,,,,10033385,2021NL5400137,2021,W,126417,,,1,23,,d ,,,,,MN1 ,834,,,,,,,,126417,Clupea harengus
CA,I5034 ,2,NL,64T2 ,MRN2 ,,,,10033385,2021NL5400137,2021,W,126417,,,1,24,,d ,,,,,MN1 ,835,,,,,,,,126417,Clupea harengus
CA,I5034 ,2,NL,64T2 ,MRN2 ,,,,10033385,2021NL5400137,2021,W,126417,,,1,24,,d ,,,,,MN1 ,836,,,,,,,,126417,Clupea harengus
CA,I5034 ,2,NL,64T2 ,MRN2 ,,,,10033385,2021NL5400137,2021,W,126417,,,1,28,,d ,,,,,MN1 ,837,,,,,,,,126417,Clupea harengus
CA,I5034 ,2,NL,64T2 ,MRN2 ,,,,10033386,2021NL5400138,2021,W,126417,,,1,24,,d ,,,,,MN1 ,838,,,,,,,,126417,Clupea harengus
CA,I5034 ,2,NL,64T2 ,MRN2 ,,,,10033386,2021NL5400138,2021,W,126417,,,1,25,,d ,,,,,MN1 ,839,,,,,,,,126417,Clupea harengus
CA,I5034 ,2,NL,64T2 ,MRN2 ,,,,10033386,2021NL5400138,2021,W,126417,,,1,26,,d ,,,,,MN1 ,840,,,,,,,,126417,Clupea harengus
CA,I5034 ,2,NL,64T2 ,MRN2 ,,,,10033386,2021NL5400138,2021,W,126417,,,1,27,,d ,,,,,MN1 ,841,,,,,,,,126417,Clupea harengus
CA,I5034 ,2,NL,64T2 ,MRN2 ,,,,10033386,2021NL5400138,2021,W,126417,,,1,28,,d ,,,,,MN1 ,842,,,,,,,,126417,Clupea harengus
CA,I5034 ,2,NL,64T2 ,MRN2 ,,,,10033386,2021NL5400138,2021,W,126417,,,1,29,,d ,,,,,MN1 ,843,,,,,,,,126417,Clupea harengus
CA,I5034 ,2,NL,64T2 ,MRN2 ,,,,10033387,2021NL5400139,2021,W,126417,,,1,28,,d ,,,,,MN1 ,844,,,,,,,,126417,Clupea harengus
CA,I5034 ,2,NL,64T2 ,MRN2 ,,,,10033388,2021NL5400140,2021,W,126417,,,1,0,,c ,,,,,MN1 ,845,,,,,,,,126417,Clupea harengus
CA,I5034 ,2,NL,64T2 ,MRN2 ,,,,10033389,2021NL5400141,2021,W,126417,,,1,40,,d ,,,,,MN1 ,846,,,,,,,,126417,Clupea harengus
CA,I5034 ,2,NL,64T2 ,MRN2 ,,,,10033389,2021NL5400141,2021,W,126417,,,1,42,,d ,,,,,MN1 ,847,,,,,,,,126417,Clupea harengus
CA,I5034 ,2,NL,64T2 ,MRN2 ,,,,10033390,2021NL5400143,2021,W,126417,,,1,23,,d ,,,,,MN1 ,848,,,,,,,,126417,Clupea harengus
CA,I5034 ,2,NL,64T2 ,MRN2 ,,,,10033390,2021NL5400143,2021,W,126417,,,1,25,,d ,,,,,MN1 ,849,,,,,,,,126417,Clupea harengus
CA,I5034 ,2,NL,64T2 ,MRN2 ,,,,10033390,2021NL5400143,2021,W,126417,,,1,26,,d ,,,,,MN1 ,850,,,,,,,,126417,Clupea harengus
CA,I5034 ,2,NL,64T2 ,MRN2 ,,,,10033390,2021NL5400143,2021,W,126417,,,1,27,,d ,,,,,MN1 ,851,,,,,,,,126417,Clupea harengus
CA,I5034 ,2,NL,64T2 ,MRN2 ,,,,10033390,2021NL5400143,2021,W,126417,,,1,28,,d ,,,,,MN1 ,852,,,,,,,,126417,Clupea harengus
CA,I5034 ,2,NL,64T2 ,MRN2 ,,,,10033390,2021NL5400143,2021,W,126417,,,1,29,,d ,,,,,MN1 ,853,,,,,,,,126417,Clupea harengus
CA,I5034 ,2,NL,64T2 ,MRN2 ,,,,10033390,2021NL5400143,2021,W,126417,,,1,0,,c ,,,,,MN1 ,854,,,,,,,,126417,Clupea harengus
CA,I5034 ,2,NL,64T2 ,MRN2 ,,,,10033391,2021NL5400144,2021,W,126417,,,1,25,,d ,,,,,MN1 ,855,,,,,,,,126417,Clupea harengus
CA,I5034 ,2,NL,64T2 ,MRN2 ,,,,10033391,2021NL5400144,2021,W,126417,,,1,26,,d ,,,,,MN1 ,856,,,,,,,,126417,Clupea harengus
CA,I5034 ,2,NL,64T2 ,MRN2 ,,,,10033391,2021NL5400144,2021,W,126417,,,1,27,,d ,,,,,MN1 ,857,,,,,,,,126417,Clupea harengus
CA,I5034 ,2,NL,64T2 ,MRN2 ,,,,10033391,2021NL5400144,2021,W,126417,,,1,28,,d ,,,,,MN1 ,858,,,,,,,,126417,Clupea harengus
CA,I5034 ,2,NL,64T2 ,MRN2 ,,,,10033391,2021NL5400144,2021,W,126417,,,1,29,,d ,,,,,MN1 ,859,,,,,,,,126417,Clupea harengus
CA,I5034 ,2,NL,64T2 ,MRN2 ,,,,10033391,2021NL5400144,2021,W,126417,,,1,30,,d ,,,,,MN1 ,860,,,,,,,,126417,Clupea harengus
CA,I5034 ,2,NL,64T2 ,MRN2 ,,,,10033391,2021NL5400144,2021,W,126417,,,1,31,,d ,,,,,MN1 ,861,,,,,,,,126417,Clupea harengus
CA,I5034 ,2,NL,64T2 ,MRN2 ,,,,10033391,2021NL5400144,2021,W,126417,,,1,33,,d ,,,,,MN1 ,862,,,,,,,,126417,Clupea harengus
CA,I5034 ,2,NL,64T2 ,MRN2 ,,,,10033391,2021NL5400144,2021,W,126417,,,1,34,,d ,,,,,MN1 ,863,,,,,,,,126417,Clupea harengus
CA,I5034 ,2,NL,64T2 ,MRN2 ,,,,10033392,2021NL5400145,2021,W,126417,,,1,30,,d ,,,,,MN1 ,864,,,,,,,,126417,Clupea harengus
CA,I5034 ,2,NL,64T2 ,MRN2 ,,,,10033393,2021NL5400146,2021,W,126417,,,1,28,,d ,,,,,MN1 ,865,,,,,,,,126417,Clupea harengus
CA,I5034 ,2,NL,64T2 ,MRN2 ,,,,10033393,2021NL5400146,2021,W,126417,,,1,29,,d ,,,,,MN1 ,866,,,,,,,,126417,Clupea harengus
CA,I5034 ,2,NL,64T2 ,MRN2 ,,,,10033393,2021NL5400146,2021,W,126417,,,1,30,,d ,,,,,MN1 ,867,,,,,,,,126417,Clupea harengus
CA,I5034 ,2,NL,64T2 ,MRN2 ,,,,10033393,2021NL5400146,2021,W,126417,,,1,31,,d ,,,,,MN1 ,868,,,,,,,,126417,Clupea harengus
CA,I5034 ,2,NL,64T2 ,MRN2 ,,,,10033393,2021NL5400146,2021,W,126417,,,1,32,,d ,,,,,MN1 ,869,,,,,,,,126417,Clupea harengus
CA,I5034 ,2,NL,64T2 ,MRN2 ,,,,10033393,2021NL5400146,2021,W,126417,,,1,34,,d ,,,,,MN1 ,870,,,,,,,,126417,Clupea harengus
CA,I5034 ,2,NL,64T2 ,MRN2 ,,,,10033393,2021NL5400146,2021,W,126417,,,1,0,,c ,,,,,MN1 ,871,,,,,,,,126417,Clupea harengus
CA,I5034 ,2,NL,64T2 ,MRN2 ,,,,10033394,2021NL5400147,2021,W,126417,,,1,25,,d ,,,,,MN1 ,872,,,,,,,,126417,Clupea harengus
CA,I5034 ,2,NL,64T2 ,MRN2 ,,,,10033394,2021NL5400147,2021,W,126417,,,1,26,,d ,,,,,MN1 ,873,,,,,,,,126417,Clupea harengus
CA,I5034 ,2,NL,64T2 ,MRN2 ,,,,10033394,2021NL5400147,2021,W,126417,,,1,27,,d ,,,,,MN1 ,874,,,,,,,,126417,Clupea harengus
CA,I5034 ,2,NL,64T2 ,MRN2 ,,,,10033394,2021NL5400147,2021,W,126417,,,1,28,,d ,,,,,MN1 ,875,,,,,,,,126417,Clupea harengus
CA,I5034 ,2,NL,64T2 ,MRN2 ,,,,10033394,2021NL5400147,2021,W,126417,,,1,30,,d ,,,,,MN1 ,876,,,,,,,,126417,Clupea harengus
CA,I5034 ,2,NL,64T2 ,MRN2 ,,,,10033394,2021NL5400147,2021,W,126417,,,1,31,,d ,,,,,MN1 ,877,,,,,,,,126417,Clupea harengus
CA,I5034 ,2,NL,64T2 ,MRN2 ,,,,10033394,2021NL5400147,2021,W,126417,,,1,32,,d ,,,,,MN1 ,878,,,,,,,,126417,Clupea harengus
CA,I5034 ,2,NL,64T2 ,MRN2 ,,,,10033394,2021NL5400147,2021,W,126417,,,1,0,,c ,,,,,MN1 ,879,,,,,,,,126417,Clupea harengus
CA,I5034 ,2,NL,64T2 ,MRN2 ,,,,10033395,2021NL5400148,2021,W,126417,,,1,29,,d ,,,,,MN1 ,880,,,,,,,,126417,Clupea harengus
CA,I5034 ,2,NL,64T2 ,MRN2 ,,,,10033395,2021NL5400148,2021,W,126417,,,1,32,,d ,,,,,MN1 ,881,,,,,,,,126417,Clupea harengus
CA,I5034 ,2,NL,64T2 ,MRN2 ,,,,10033396,2021NL5400149,2021,W,126417,,,1,25,,d ,,,,,MN1 ,882,,,,,,,,126417,Clupea harengus
CA,I5034 ,2,NL,64T2 ,MRN2 ,,,,10033396,2021NL5400149,2021,W,126417,,,1,26,,d ,,,,,MN1 ,883,,,,,,,,126417,Clupea harengus
CA,I5034 ,2,NL,64T2 ,MRN2 ,,,,10033396,2021NL5400149,2021,W,126417,,,1,27,,d ,,,,,MN1 ,884,,,,,,,,126417,Clupea harengus
CA,I5034 ,2,NL,64T2 ,MRN2 ,,,,10033396,2021NL5400149,2021,W,126417,,,1,28,,d ,,,,,MN1 ,885,,,,,,,,126417,Clupea harengus
CA,I5034 ,2,NL,64T2 ,MRN2 ,,,,10033396,2021NL5400149,2021,W,126417,,,1,29,,d ,,,,,MN1 ,886,,,,,,,,126417,Clupea harengus
CA,I5034 ,2,NL,64T2 ,MRN2 ,,,,10033396,2021NL5400149,2021,W,126417,,,1,30,,d ,,,,,MN1 ,887,,,,,,,,126417,Clupea harengus
CA,I5034 ,2,NL,64T2 ,MRN2 ,,,,10033396,2021NL5400149,2021,W,126417,,,1,31,,d ,,,,,MN1 ,888,,,,,,,,126417,Clupea harengus
CA,I5034 ,2,NL,64T2 ,MRN2 ,,,,10033396,2021NL5400149,2021,W,126417,,,1,32,,d ,,,,,MN1 ,889,,,,,,,,126417,Clupea harengus
CA,I5034 ,2,NL,64T2 ,MRN2 ,,,,10033396,2021NL5400149,2021,W,126417,,,1,33,,d ,,,,,MN1 ,890,,,,,,,,126417,Clupea harengus
CA,I5034 ,2,NL,64T2 ,MRN2 ,,,,10033396,2021NL5400149,2021,W,126417,,,1,34,,d ,,,,,MN1 ,891,,,,,,,,126417,Clupea harengus
CA,I5034 ,2,NL,64T2 ,MRN2 ,,,,10033397,2021NL5400150,2021,W,126417,,,1,31,,d ,,,,,MN1 ,892,,,,,,,,126417,Clupea harengus
CA,I5034 ,2,NL,64T2 ,MRN2 ,,,,10033397,2021NL5400150,2021,W,126417,,,1,32,,d ,,,,,MN1 ,893,,,,,,,,126417,Clupea harengus
CA,I5034 ,2,NL,64T2 ,MRN2 ,,,,10033397,2021NL5400150,2021,W,126417,,,1,0,,c ,,,,,MN1 ,894,,,,,,,,126417,Clupea harengus
CA,I5034 ,2,NL,64T2 ,MRN2 ,,,,10033398,2021NL5400151,2021,W,126417,,,1,30,,d ,,,,,MN1 ,895,,,,,,,,126417,Clupea harengus
CA,I5034 ,2,NL,64T2 ,MRN2 ,,,,10033398,2021NL5400151,2021,W,126417,,,1,31,,d ,,,,,MN1 ,896,,,,,,,,126417,Clupea harengus
CA,I5034 ,2,NL,64T2 ,MRN2 ,,,,10033398,2021NL5400151,2021,W,126417,,,1,33,,d ,,,,,MN1 ,897,,,,,,,,126417,Clupea harengus
CA,I5034 ,2,NL,64T2 ,MRN2 ,,,,10033398,2021NL5400151,2021,W,126417,,,1,34,,d ,,,,,MN1 ,898,,,,,,,,126417,Clupea harengus
CA,I5034 ,2,NL,64T2 ,MRN2 ,,,,10033398,2021NL5400151,2021,W,126417,,,1,0,,c ,,,,,MN1 ,899,,,,,,,,126417,Clupea harengus
CA,I5034 ,2,NL,64T2 ,MRN2 ,,,,10033399,2021NL5400152,2021,W,126417,,,1,18,,d ,,,,,MN1 ,900,,,,,,,,126417,Clupea harengus
CA,I5034 ,2,NL,64T2 ,MRN2 ,,,,10033399,2021NL5400152,2021,W,126417,,,1,24,,d ,,,,,MN1 ,901,,,,,,,,126417,Clupea harengus
CA,I5034 ,2,NL,64T2 ,MRN2 ,,,,10033399,2021NL5400152,2021,W,126417,,,1,25,,d ,,,,,MN1 ,902,,,,,,,,126417,Clupea harengus
CA,I5034 ,2,NL,64T2 ,MRN2 ,,,,10033399,2021NL5400152,2021,W,126417,,,1,27,,d ,,,,,MN1 ,903,,,,,,,,126417,Clupea harengus
CA,I5034 ,2,NL,64T2 ,MRN2 ,,,,10033399,2021NL5400152,2021,W,126417,,,1,28,,d ,,,,,MN1 ,904,,,,,,,,126417,Clupea harengus
CA,I5034 ,2,NL,64T2 ,MRN2 ,,,,10033399,2021NL5400152,2021,W,126417,,,1,29,,d ,,,,,MN1 ,905,,,,,,,,126417,Clupea harengus
CA,I5034 ,2,NL,64T2 ,MRN2 ,,,,10033399,2021NL5400152,2021,W,126417,,,1,32,,d ,,,,,MN1 ,906,,,,,,,,126417,Clupea harengus
CA,I5034 ,2,NL,64T2 ,MRN2 ,,,,10033399,2021NL5400152,2021,W,126417,,,1,34,,d ,,,,,MN1 ,907,,,,,,,,126417,Clupea harengus
CA,I5034 ,2,NL,64T2 ,MRN2 ,,,,10033399,2021NL5400152,2021,W,126417,,,1,35,,d ,,,,,MN1 ,908,,,,,,,,126417,Clupea harengus
CA,I5034 ,2,NL,64T2 ,MRN2 ,,,,10033399,2021NL5400152,2021,W,126417,,,1,36,,d ,,,,,MN1 ,909,,,,,,,,126417,Clupea harengus
CA,I5034 ,2,NL,64T2 ,MRN2 ,,,,10033399,2021NL5400152,2021,W,126417,,,1,0,,c ,,,,,MN1 ,910,,,,,,,,126417,Clupea harengus
CA,I5034 ,2,NL,64T2 ,MRN2 ,,,,10033400,2021NL5400153,2021,W,126417,,,1,22,,d ,,,,,MN1 ,911,,,,,,,,126417,Clupea harengus
CA,I5034 ,2,NL,64T2 ,MRN2 ,,,,10033400,2021NL5400153,2021,W,126417,,,1,23,,d ,,,,,MN1 ,912,,,,,,,,126417,Clupea harengus
CA,I5034 ,2,NL,64T2 ,MRN2 ,,,,10033400,2021NL5400153,2021,W,126417,,,1,25,,d ,,,,,MN1 ,913,,,,,,,,126417,Clupea harengus
CA,I5034 ,2,NL,64T2 ,MRN2 ,,,,10033400,2021NL5400153,2021,W,126417,,,1,26,,d ,,,,,MN1 ,914,,,,,,,,126417,Clupea harengus
CA,I5034 ,2,NL,64T2 ,MRN2 ,,,,10033400,2021NL5400153,2021,W,126417,,,1,27,,d ,,,,,MN1 ,915,,,,,,,,126417,Clupea harengus
CA,I5034 ,2,NL,64T2 ,MRN2 ,,,,10033400,2021NL5400153,2021,W,126417,,,1,28,,d ,,,,,MN1 ,916,,,,,,,,126417,Clupea harengus
CA,I5034 ,2,NL,64T2 ,MRN2 ,,,,10033400,2021NL5400153,2021,W,126417,,,1,0,,c ,,,,,MN1 ,917,,,,,,,,126417,Clupea harengus
CA,I5034 ,2,NL,64T2 ,MRN2 ,,,,10033401,2021NL5400154,2021,W,126417,,,1,29,,d ,,,,,MN1 ,918,,,,,,,,126417,Clupea harengus
CA,I5034 ,2,NL,64T2 ,MRN2 ,,,,10033402,2021NL5400155,2021,W,126417,,,1,23,,d ,,,,,MN1 ,919,,,,,,,,126417,Clupea harengus
CA,I5034 ,2,NL,64T2 ,MRN2 ,,,,10033402,2021NL5400155,2021,W,126417,,,1,27,,d ,,,,,MN1 ,920,,,,,,,,126417,Clupea harengus
CA,I5034 ,2,NL,64T2 ,MRN2 ,,,,10033402,2021NL5400155,2021,W,126417,,,1,28,,d ,,,,,MN1 ,921,,,,,,,,126417,Clupea harengus
CA,I5034 ,2,NL,64T2 ,MRN2 ,,,,10033402,2021NL5400155,2021,W,126417,,,1,29,,d ,,,,,MN1 ,922,,,,,,,,126417,Clupea harengus
CA,I5034 ,2,NL,64T2 ,MRN2 ,,,,10033402,2021NL5400155,2021,W,126417,,,1,30,,d ,,,,,MN1 ,923,,,,,,,,126417,Clupea harengus
CA,I5034 ,2,NL,64T2 ,MRN2 ,,,,10033402,2021NL5400155,2021,W,126417,,,1,31,,d ,,,,,MN1 ,924,,,,,,,,126417,Clupea harengus
CA,I5034 ,2,NL,64T2 ,MRN2 ,,,,10033402,2021NL5400155,2021,W,126417,,,1,32,,d ,,,,,MN1 ,925,,,,,,,,126417,Clupea harengus
CA,I5034 ,2,NL,64T2 ,MRN2 ,,,,10033402,2021NL5400155,2021,W,126417,,,1,33,,d ,,,,,MN1 ,926,,,,,,,,126417,Clupea harengus
CA,I5034 ,2,NL,64T2 ,MRN2 ,,,,10033402,2021NL5400155,2021,W,126417,,,1,34,,d ,,,,,MN1 ,927,,,,,,,,126417,Clupea harengus
CA,I5034 ,2,NL,64T2 ,MRN2 ,,,,10033402,2021NL5400155,2021,W,126417,,,1,35,,d ,,,,,MN1 ,928,,,,,,,,126417,Clupea harengus
CA,I5034 ,2,NL,64T2 ,MRN2 ,,,,10033402,2021NL5400155,2021,W,126417,,,1,36,,d ,,,,,MN1 ,929,,,,,,,,126417,Clupea harengus
CA,I5034 ,2,NL,64T2 ,MRN2 ,,,,10033403,2021NL5400156,2021,W,126417,,,1,27,,d ,,,,,MN1 ,930,,,,,,,,126417,Clupea harengus
CA,I5034 ,2,NL,64T2 ,MRN2 ,,,,10033403,2021NL5400156,2021,W,126417,,,1,28,,d ,,,,,MN1 ,931,,,,,,,,126417,Clupea harengus
CA,I5034 ,2,NL,64T2 ,MRN2 ,,,,10033403,2021NL5400156,2021,W,126417,,,1,29,,d ,,,,,MN1 ,932,,,,,,,,126417,Clupea harengus
CA,I5034 ,2,NL,64T2 ,MRN2 ,,,,10033403,2021NL5400156,2021,W,126417,,,1,30,,d ,,,,,MN1 ,933,,,,,,,,126417,Clupea harengus
CA,I5034 ,2,NL,64T2 ,MRN2 ,,,,10033403,2021NL5400156,2021,W,126417,,,1,31,,d ,,,,,MN1 ,934,,,,,,,,126417,Clupea harengus
CA,I5034 ,2,NL,64T2 ,MRN2 ,,,,10033403,2021NL5400156,2021,W,126417,,,1,32,,d ,,,,,MN1 ,935,,,,,,,,126417,Clupea harengus
CA,I5034 ,2,NL,64T2 ,MRN2 ,,,,10033403,2021NL5400156,2021,W,126417,,,1,33,,d ,,,,,MN1 ,936,,,,,,,,126417,Clupea harengus
CA,I5034 ,2,NL,64T2 ,MRN2 ,,,,10033403,2021NL5400156,2021,W,126417,,,1,34,,d ,,,,,MN1 ,937,,,,,,,,126417,Clupea harengus
CA,I5034 ,2,NL,64T2 ,MRN2 ,,,,10033403,2021NL5400156,2021,W,126417,,,1,35,,d ,,,,,MN1 ,938,,,,,,,,126417,Clupea harengus
CA,I5034 ,2,NL,64T2 ,MRN2 ,,,,10033404,2021NL5400157,2021,W,126417,,,1,24,,d ,,,,,MN1 ,939,,,,,,,,126417,Clupea harengus
CA,I5034 ,2,NL,64T2 ,MRN2 ,,,,10033404,2021NL5400157,2021,W,126417,,,1,25,,d ,,,,,MN1 ,940,,,,,,,,126417,Clupea harengus
CA,I5034 ,2,NL,64T2 ,MRN2 ,,,,10033404,2021NL5400157,2021,W,126417,,,1,26,,d ,,,,,MN1 ,941,,,,,,,,126417,Clupea harengus
CA,I5034 ,2,NL,64T2 ,MRN2 ,,,,10033404,2021NL5400157,2021,W,126417,,,1,27,,d ,,,,,MN1 ,942,,,,,,,,126417,Clupea harengus
CA,I5034 ,2,NL,64T2 ,MRN2 ,,,,10033404,2021NL5400157,2021,W,126417,,,1,28,,d ,,,,,MN1 ,943,,,,,,,,126417,Clupea harengus
CA,I5034 ,2,NL,64T2 ,MRN2 ,,,,10033404,2021NL5400157,2021,W,126417,,,1,29,,d ,,,,,MN1 ,944,,,,,,,,126417,Clupea harengus
CA,I5034 ,2,NL,64T2 ,MRN2 ,,,,10033404,2021NL5400157,2021,W,126417,,,1,30,,d ,,,,,MN1 ,945,,,,,,,,126417,Clupea harengus
CA,I5034 ,2,NL,64T2 ,MRN2 ,,,,10033404,2021NL5400157,2021,W,126417,,,1,31,,d ,,,,,MN1 ,946,,,,,,,,126417,Clupea harengus
CA,I5034 ,2,NL,64T2 ,MRN2 ,,,,10033404,2021NL5400157,2021,W,126417,,,1,32,,d ,,,,,MN1 ,947,,,,,,,,126417,Clupea harengus
CA,I5034 ,2,NL,64T2 ,MRN2 ,,,,10033405,2021NL5400158,2021,W,126417,,,1,26,,d ,,,,,MN1 ,948,,,,,,,,126417,Clupea harengus
CA,I5034 ,2,NL,64T2 ,MRN2 ,,,,10033405,2021NL5400158,2021,W,126417,,,1,27,,d ,,,,,MN1 ,949,,,,,,,,126417,Clupea harengus
CA,I5034 ,2,NL,64T2 ,MRN2 ,,,,10033405,2021NL5400158,2021,W,126417,,,1,28,,d ,,,,,MN1 ,950,,,,,,,,126417,Clupea harengus
CA,I5034 ,2,NL,64T2 ,MRN2 ,,,,10033405,2021NL5400158,2021,W,126417,,,1,29,,d ,,,,,MN1 ,951,,,,,,,,126417,Clupea harengus
CA,I5034 ,2,NL,64T2 ,MRN2 ,,,,10033405,2021NL5400158,2021,W,126417,,,1,30,,d ,,,,,MN1 ,952,,,,,,,,126417,Clupea harengus
CA,I5034 ,2,NL,64T2 ,MRN2 ,,,,10033405,2021NL5400158,2021,W,126417,,,1,0,,c ,,,,,MN1 ,953,,,,,,,,126417,Clupea harengus
CA,I5034 ,2,NL,64T2 ,MRN2 ,,,,10033406,2021NL5400159,2021,W,126417,,,1,24,,d ,,,,,MN1 ,954,,,,,,,,126417,Clupea harengus
CA,I5034 ,2,NL,64T2 ,MRN2 ,,,,10033406,2021NL5400159,2021,W,126417,,,1,25,,d ,,,,,MN1 ,955,,,,,,,,126417,Clupea harengus
CA,I5034 ,2,NL,64T2 ,MRN2 ,,,,10033406,2021NL5400159,2021,W,126417,,,1,27,,d ,,,,,MN1 ,956,,,,,,,,126417,Clupea harengus
CA,I5034 ,2,NL,64T2 ,MRN2 ,,,,10033406,2021NL5400159,2021,W,126417,,,1,29,,d ,,,,,MN1 ,957,,,,,,,,126417,Clupea harengus
CA,I5034 ,2,NL,64T2 ,MRN2 ,,,,10033406,2021NL5400159,2021,W,126417,,,1,30,,d ,,,,,MN1 ,958,,,,,,,,126417,Clupea harengus
CA,I5034 ,2,NL,64T2 ,MRN2 ,,,,10033406,2021NL5400159,2021,W,126417,,,1,31,,d ,,,,,MN1 ,959,,,,,,,,126417,Clupea harengus
CA,I5034 ,2,NL,64T2 ,MRN2 ,,,,10033406,2021NL5400159,2021,W,126417,,,1,33,,d ,,,,,MN1 ,960,,,,,,,,126417,Clupea harengus
CA,I5034 ,2,NL,64T2 ,MRN2 ,,,,10033406,2021NL5400159,2021,W,126417,,,1,35,,d ,,,,,MN1 ,961,,,,,,,,126417,Clupea harengus
CA,I5034 ,2,NL,64T2 ,MRN2 ,,,,10033406,2021NL5400159,2021,W,126417,,,1,38,,d ,,,,,MN1 ,962,,,,,,,,126417,Clupea harengus
CA,I5034 ,2,NL,64T2 ,MRN2 ,,,,10033407,2021NL5400160,2021,W,126417,,,1,24,,d ,,,,,MN1 ,963,,,,,,,,126417,Clupea harengus
CA,I5034 ,2,NL,64T2 ,MRN2 ,,,,10033407,2021NL5400160,2021,W,126417,,,1,28,,d ,,,,,MN1 ,964,,,,,,,,126417,Clupea harengus
CA,I5034 ,2,NL,64T2 ,MRN2 ,,,,10033407,2021NL5400160,2021,W,126417,,,1,31,,d ,,,,,MN1 ,965,,,,,,,,126417,Clupea harengus
CA,I5034 ,2,NL,64T2 ,MRN2 ,,,,10033407,2021NL5400160,2021,W,126417,,,1,33,,d ,,,,,MN1 ,966,,,,,,,,126417,Clupea harengus
CA,I5034 ,2,NL,64T2 ,MRN2 ,,,,10033407,2021NL5400160,2021,W,126417,,,1,37,,d ,,,,,MN1 ,967,,,,,,,,126417,Clupea harengus
CA,I5034 ,2,NL,64T2 ,MRN2 ,,,,10033408,2021NL5400161,2021,W,126417,,,1,24,,d ,,,,,MN1 ,968,,,,,,,,126417,Clupea harengus
CA,I5034 ,2,NL,64T2 ,MRN2 ,,,,10033408,2021NL5400161,2021,W,126417,,,1,25,,d ,,,,,MN1 ,969,,,,,,,,126417,Clupea harengus
CA,I5034 ,2,NL,64T2 ,MRN2 ,,,,10033408,2021NL5400161,2021,W,126417,,,1,27,,d ,,,,,MN1 ,970,,,,,,,,126417,Clupea harengus
CA,I5034 ,2,NL,64T2 ,MRN2 ,,,,10033408,2021NL5400161,2021,W,126417,,,1,28,,d ,,,,,MN1 ,971,,,,,,,,126417,Clupea harengus
CA,I5034 ,2,NL,64T2 ,MRN2 ,,,,10033408,2021NL5400161,2021,W,126417,,,1,29,,d ,,,,,MN1 ,972,,,,,,,,126417,Clupea harengus
CA,I5034 ,2,NL,64T2 ,MRN2 ,,,,10033408,2021NL5400161,2021,W,126417,,,1,30,,d ,,,,,MN1 ,973,,,,,,,,126417,Clupea harengus
CA,I5034 ,2,NL,64T2 ,MRN2 ,,,,10033408,2021NL5400161,2021,W,126417,,,1,31,,d ,,,,,MN1 ,974,,,,,,,,126417,Clupea harengus
CA,I5034 ,2,NL,64T2 ,MRN2 ,,,,10033408,2021NL5400161,2021,W,126417,,,1,32,,d ,,,,,MN1 ,975,,,,,,,,126417,Clupea harengus
CA,I5034 ,2,NL,64T2 ,MRN2 ,,,,10033408,2021NL5400161,2021,W,126417,,,1,33,,d ,,,,,MN1 ,976,,,,,,,,126417,Clupea harengus
CA,I5034 ,2,NL,64T2 ,MRN2 ,,,,10033409,2021NL5400162,2021,W,126417,,,1,24,,d ,,,,,MN1 ,977,,,,,,,,126417,Clupea harengus
CA,I5034 ,2,NL,64T2 ,MRN2 ,,,,10033409,2021NL5400162,2021,W,126417,,,1,28,,d ,,,,,MN1 ,978,,,,,,,,126417,Clupea harengus
CA,I5034 ,2,NL,64T2 ,MRN2 ,,,,10033409,2021NL5400162,2021,W,126417,,,1,34,,d ,,,,,MN1 ,979,,,,,,,,126417,Clupea harengus
CA,I5034 ,2,NL,64T2 ,MRN2 ,,,,10033409,2021NL5400162,2021,W,126417,,,1,0,,c ,,,,,MN1 ,980,,,,,,,,126417,Clupea harengus
CA,I5034 ,2,NL,64T2 ,MRN2 ,,,,10033410,2021NL5400163,2021,W,126417,,,1,28,,d ,,,,,MN1 ,981,,,,,,,,126417,Clupea harengus
CA,I5034 ,2,NL,64T2 ,MRN2 ,,,,10033410,2021NL5400163,2021,W,126417,,,1,0,,c ,,,,,MN1 ,982,,,,,,,,126417,Clupea harengus
CA,I5034 ,2,NL,64T2 ,MRN2 ,,,,10033411,2021NL5400164,2021,W,126417,,,1,23,,d ,,,,,MN1 ,983,,,,,,,,126417,Clupea harengus
CA,I5034 ,2,NL,64T2 ,MRN2 ,,,,10033411,2021NL5400164,2021,W,126417,,,1,24,,d ,,,,,MN1 ,984,,,,,,,,126417,Clupea harengus
CA,I5034 ,2,NL,64T2 ,MRN2 ,,,,10033411,2021NL5400164,2021,W,126417,,,1,25,,d ,,,,,MN1 ,985,,,,,,,,126417,Clupea harengus
CA,I5034 ,2,NL,64T2 ,MRN2 ,,,,10033411,2021NL5400164,2021,W,126417,,,1,26,,d ,,,,,MN1 ,986,,,,,,,,126417,Clupea harengus
CA,I5034 ,2,NL,64T2 ,MRN2 ,,,,10033411,2021NL5400164,2021,W,126417,,,1,27,,d ,,,,,MN1 ,987,,,,,,,,126417,Clupea harengus
CA,I5034 ,2,NL,64T2 ,MRN2 ,,,,10033411,2021NL5400164,2021,W,126417,,,1,27,,d ,,,,,MN1 ,988,,,,,,,,126417,Clupea harengus
CA,I5034 ,2,NL,64T2 ,MRN2 ,,,,10033411,2021NL5400164,2021,W,126417,,,1,28,,d ,,,,,MN1 ,989,,,,,,,,126417,Clupea harengus
CA,I5034 ,2,NL,64T2 ,MRN2 ,,,,10033411,2021NL5400164,2021,W,126417,,,1,28,,d ,,,,,MN1 ,990,,,,,,,,126417,Clupea harengus
CA,I5034 ,2,NL,64T2 ,MRN2 ,,,,10033411,2021NL5400164,2021,W,126417,,,1,29,,d ,,,,,MN1 ,991,,,,,,,,126417,Clupea harengus
CA,I5034 ,2,NL,64T2 ,MRN2 ,,,,10033411,2021NL5400164,2021,W,126417,,,1,29,,d ,,,,,MN1 ,992,,,,,,,,126417,Clupea harengus
CA,I5034 ,2,NL,64T2 ,MRN2 ,,,,10033411,2021NL5400164,2021,W,126417,,,1,30,,d ,,,,,MN1 ,993,,,,,,,,126417,Clupea harengus
CA,I5034 ,2,NL,64T2 ,MRN2 ,,,,10033411,2021NL5400164,2021,W,126417,,,1,30,,d ,,,,,MN1 ,994,,,,,,,,126417,Clupea harengus
CA,I5034 ,2,NL,64T2 ,MRN2 ,,,,10033411,2021NL5400164,2021,W,126417,,,1,31,,d ,,,,,MN1 ,995,,,,,,,,126417,Clupea harengus
CA,I5034 ,2,NL,64T2 ,MRN2 ,,,,10033411,2021NL5400164,2021,W,126417,,,1,33,,d ,,,,,MN1 ,996,,,,,,,,126417,Clupea harengus
CA,I5034 ,2,NL,64T2 ,MRN2 ,,,,10033411,2021NL5400164,2021,W,126417,,,1,34,,d ,,,,,MN1 ,997,,,,,,,,126417,Clupea harengus
CA,I5034 ,2,NL,64T2 ,MRN2 ,,,,10033411,2021NL5400164,2021,W,126417,,,1,0,,c ,,,,,MN1 ,998,,,,,,,,126417,Clupea harengus
CA,I5034 ,2,NL,64T2 ,MRN2 ,,,,10033427,2021NL5400165,2021,W,126417,,,1,23,,d ,,,,,MN1 ,999,,,,,,,,126417,Clupea harengus
CA,I5034 ,2,NL,64T2 ,MRN2 ,,,,10033427,2021NL5400165,2021,W,126417,,,1,24,,d ,,,,,MN1 ,1000,,,,,,,,126417,Clupea harengus
CA,I5034 ,2,NL,64T2 ,MRN2 ,,,,10033427,2021NL5400165,2021,W,126417,,,1,25,,d ,,,,,MN1 ,1001,,,,,,,,126417,Clupea harengus
CA,I5034 ,2,NL,64T2 ,MRN2 ,,,,10033427,2021NL5400165,2021,W,126417,,,1,26,,d ,,,,,MN1 ,1002,,,,,,,,126417,Clupea harengus
CA,I5034 ,2,NL,64T2 ,MRN2 ,,,,10033427,2021NL5400165,2021,W,126417,,,1,27,,d ,,,,,MN1 ,1003,,,,,,,,126417,Clupea harengus
CA,I5034 ,2,NL,64T2 ,MRN2 ,,,,10033427,2021NL5400165,2021,W,126417,,,1,28,,d ,,,,,MN1 ,1004,,,,,,,,126417,Clupea harengus
CA,I5034 ,2,NL,64T2 ,MRN2 ,,,,10033427,2021NL5400165,2021,W,126417,,,1,29,,d ,,,,,MN1 ,1005,,,,,,,,126417,Clupea harengus
CA,I5034 ,2,NL,64T2 ,MRN2 ,,,,10033427,2021NL5400165,2021,W,126417,,,1,30,,d ,,,,,MN1 ,1006,,,,,,,,126417,Clupea harengus
CA,I5034 ,2,NL,64T2 ,MRN2 ,,,,10033427,2021NL5400165,2021,W,126417,,,1,31,,d ,,,,,MN1 ,1007,,,,,,,,126417,Clupea harengus
CA,I5034 ,2,NL,64T2 ,MRN2 ,,,,10033427,2021NL5400165,2021,W,126417,,,1,33,,d ,,,,,MN1 ,1008,,,,,,,,126417,Clupea harengus
CA,I5034 ,2,NL,64T2 ,MRN2 ,,,,10033427,2021NL5400165,2021,W,126417,,,1,34,,d ,,,,,MN1 ,1009,,,,,,,,126417,Clupea harengus
CA,I5034 ,2,NL,64T2 ,MRN2 ,,,,10033412,2021NL5400166,2021,W,126417,,,1,24,,d ,,,,,MN1 ,1010,,,,,,,,126417,Clupea harengus
CA,I5034 ,2,NL,64T2 ,MRN2 ,,,,10033412,2021NL5400166,2021,W,126417,,,1,26,,d ,,,,,MN1 ,1011,,,,,,,,126417,Clupea harengus
CA,I5034 ,2,NL,64T2 ,MRN2 ,,,,10033412,2021NL5400166,2021,W,126417,,,1,27,,d ,,,,,MN1 ,1012,,,,,,,,126417,Clupea harengus
CA,I5034 ,2,NL,64T2 ,MRN2 ,,,,10033412,2021NL5400166,2021,W,126417,,,1,28,,d ,,,,,MN1 ,1013,,,,,,,,126417,Clupea harengus
CA,I5034 ,2,NL,64T2 ,MRN2 ,,,,10033412,2021NL5400166,2021,W,126417,,,1,30,,d ,,,,,MN1 ,1014,,,,,,,,126417,Clupea harengus
CA,I5034 ,2,NL,64T2 ,MRN2 ,,,,10033413,2021NL5400167,2021,W,126417,,,1,22,,d ,,,,,MN1 ,1015,,,,,,,,126417,Clupea harengus
CA,I5034 ,2,NL,64T2 ,MRN2 ,,,,10033413,2021NL5400167,2021,W,126417,,,1,23,,d ,,,,,MN1 ,1016,,,,,,,,126417,Clupea harengus
CA,I5034 ,2,NL,64T2 ,MRN2 ,,,,10033413,2021NL5400167,2021,W,126417,,,1,24,,d ,,,,,MN1 ,1017,,,,,,,,126417,Clupea harengus
CA,I5034 ,2,NL,64T2 ,MRN2 ,,,,10033413,2021NL5400167,2021,W,126417,,,1,25,,d ,,,,,MN1 ,1018,,,,,,,,126417,Clupea harengus
CA,I5034 ,2,NL,64T2 ,MRN2 ,,,,10033413,2021NL5400167,2021,W,126417,,,1,26,,d ,,,,,MN1 ,1019,,,,,,,,126417,Clupea harengus
CA,I5034 ,2,NL,64T2 ,MRN2 ,,,,10033413,2021NL5400167,2021,W,126417,,,1,27,,d ,,,,,MN1 ,1020,,,,,,,,126417,Clupea harengus
CA,I5034 ,2,NL,64T2 ,MRN2 ,,,,10033413,2021NL5400167,2021,W,126417,,,1,28,,d ,,,,,MN1 ,1021,,,,,,,,126417,Clupea harengus
CA,I5034 ,2,NL,64T2 ,MRN2 ,,,,10033413,2021NL5400167,2021,W,126417,,,1,29,,d ,,,,,MN1 ,1022,,,,,,,,126417,Clupea harengus
CA,I5034 ,2,NL,64T2 ,MRN2 ,,,,10033413,2021NL5400167,2021,W,126417,,,1,30,,d ,,,,,MN1 ,1023,,,,,,,,126417,Clupea harengus
CA,I5034 ,2,NL,64T2 ,MRN2 ,,,,10033413,2021NL5400167,2021,W,126417,,,1,31,,d ,,,,,MN1 ,1024,,,,,,,,126417,Clupea harengus
CA,I5034 ,2,NL,64T2 ,MRN2 ,,,,10033413,2021NL5400167,2021,W,126417,,,1,32,,d ,,,,,MN1 ,1025,,,,,,,,126417,Clupea harengus
CA,I5034 ,2,NL,64T2 ,MRN2 ,,,,10033414,2021NL5400168,2021,W,126417,,,1,22,,d ,,,,,MN1 ,1026,,,,,,,,126417,Clupea harengus
CA,I5034 ,2,NL,64T2 ,MRN2 ,,,,10033414,2021NL5400168,2021,W,126417,,,1,23,,d ,,,,,MN1 ,1027,,,,,,,,126417,Clupea harengus
CA,I5034 ,2,NL,64T2 ,MRN2 ,,,,10033414,2021NL5400168,2021,W,126417,,,1,24,,d ,,,,,MN1 ,1028,,,,,,,,126417,Clupea harengus
CA,I5034 ,2,NL,64T2 ,MRN2 ,,,,10033414,2021NL5400168,2021,W,126417,,,1,25,,d ,,,,,MN1 ,1029,,,,,,,,126417,Clupea harengus
CA,I5034 ,2,NL,64T2 ,MRN2 ,,,,10033414,2021NL5400168,2021,W,126417,,,1,26,,d ,,,,,MN1 ,1030,,,,,,,,126417,Clupea harengus
CA,I5034 ,2,NL,64T2 ,MRN2 ,,,,10033414,2021NL5400168,2021,W,126417,,,1,27,,d ,,,,,MN1 ,1031,,,,,,,,126417,Clupea harengus
CA,I5034 ,2,NL,64T2 ,MRN2 ,,,,10033414,2021NL5400168,2021,W,126417,,,1,28,,d ,,,,,MN1 ,1032,,,,,,,,126417,Clupea harengus
CA,I5034 ,2,NL,64T2 ,MRN2 ,,,,10033414,2021NL5400168,2021,W,126417,,,1,29,,d ,,,,,MN1 ,1033,,,,,,,,126417,Clupea harengus
CA,I5034 ,2,NL,64T2 ,MRN2 ,,,,10033414,2021NL5400168,2021,W,126417,,,1,30,,d ,,,,,MN1 ,1034,,,,,,,,126417,Clupea harengus
CA,I5034 ,2,NL,64T2 ,MRN2 ,,,,10033415,2021NL5400169,2021,W,126417,,,1,22,,d ,,,,,MN1 ,1035,,,,,,,,126417,Clupea harengus
CA,I5034 ,2,NL,64T2 ,MRN2 ,,,,10033415,2021NL5400169,2021,W,126417,,,1,23,,d ,,,,,MN1 ,1036,,,,,,,,126417,Clupea harengus
CA,I5034 ,2,NL,64T2 ,MRN2 ,,,,10033416,2021NL5400170,2021,W,126417,,,1,20,,d ,,,,,MN1 ,1037,,,,,,,,126417,Clupea harengus
CA,I5034 ,2,NL,64T2 ,MRN2 ,,,,10033416,2021NL5400170,2021,W,126417,,,1,21,,d ,,,,,MN1 ,1038,,,,,,,,126417,Clupea harengus
CA,I5034 ,2,NL,64T2 ,MRN2 ,,,,10033416,2021NL5400170,2021,W,126417,,,1,22,,d ,,,,,MN1 ,1039,,,,,,,,126417,Clupea harengus
CA,I5034 ,2,NL,64T2 ,MRN2 ,,,,10033416,2021NL5400170,2021,W,126417,,,1,23,,d ,,,,,MN1 ,1040,,,,,,,,126417,Clupea harengus
CA,I5034 ,2,NL,64T2 ,MRN2 ,,,,10033416,2021NL5400170,2021,W,126417,,,1,24,,d ,,,,,MN1 ,1041,,,,,,,,126417,Clupea harengus
CA,I5034 ,2,NL,64T2 ,MRN2 ,,,,10033416,2021NL5400170,2021,W,126417,,,1,25,,d ,,,,,MN1 ,1042,,,,,,,,126417,Clupea harengus
CA,I5034 ,2,NL,64T2 ,MRN2 ,,,,10033416,2021NL5400170,2021,W,126417,,,1,33,,d ,,,,,MN1 ,1043,,,,,,,,126417,Clupea harengus
CA,I5034 ,2,NL,64T2 ,MRN2 ,,,,10033417,2021NL5400271,2021,W,126417,,,1,20,,d ,,,,,MN1 ,1044,,,,,,,,126417,Clupea harengus
CA,I5034 ,2,NL,64T2 ,MRN2 ,,,,10033417,2021NL5400271,2021,W,126417,,,1,21,,d ,,,,,MN1 ,1045,,,,,,,,126417,Clupea harengus
CA,I5034 ,2,NL,64T2 ,MRN2 ,,,,10033417,2021NL5400271,2021,W,126417,,,1,22,,d ,,,,,MN1 ,1046,,,,,,,,126417,Clupea harengus
CA,I5034 ,2,NL,64T2 ,MRN2 ,,,,10033417,2021NL5400271,2021,W,126417,,,1,23,,d ,,,,,MN1 ,1047,,,,,,,,126417,Clupea harengus
CA,I5034 ,2,NL,64T2 ,MRN2 ,,,,10033417,2021NL5400271,2021,W,126417,,,1,24,,d ,,,,,MN1 ,1048,,,,,,,,126417,Clupea harengus
CA,I5034 ,2,NL,64T2 ,MRN2 ,,,,10033417,2021NL5400271,2021,W,126417,,,1,25,,d ,,,,,MN1 ,1049,,,,,,,,126417,Clupea harengus
CA,I5034 ,2,NL,64T2 ,MRN2 ,,,,10033417,2021NL5400271,2021,W,126417,,,1,26,,d ,,,,,MN1 ,1050,,,,,,,,126417,Clupea harengus
CA,I5034 ,2,NL,64T2 ,MRN2 ,,,,10033418,2021NL5400272,2021,W,126417,,,1,18,,d ,,,,,MN1 ,1051,,,,,,,,126417,Clupea harengus
CA,I5034 ,2,NL,64T2 ,MRN2 ,,,,10033418,2021NL5400272,2021,W,126417,,,1,21,,d ,,,,,MN1 ,1052,,,,,,,,126417,Clupea harengus
CA,I5034 ,2,NL,64T2 ,MRN2 ,,,,10033418,2021NL5400272,2021,W,126417,,,1,22,,d ,,,,,MN1 ,1053,,,,,,,,126417,Clupea harengus
CA,I5034 ,2,NL,64T2 ,MRN2 ,,,,10033418,2021NL5400272,2021,W,126417,,,1,23,,d ,,,,,MN1 ,1054,,,,,,,,126417,Clupea harengus
CA,I5034 ,2,NL,64T2 ,MRN2 ,,,,10033418,2021NL5400272,2021,W,126417,,,1,24,,d ,,,,,MN1 ,1055,,,,,,,,126417,Clupea harengus
CA,I5034 ,2,NL,64T2 ,MRN2 ,,,,10033418,2021NL5400272,2021,W,126417,,,1,25,,d ,,,,,MN1 ,1056,,,,,,,,126417,Clupea harengus
CA,I5034 ,2,NL,64T2 ,MRN2 ,,,,10033418,2021NL5400272,2021,W,126417,,,1,26,,d ,,,,,MN1 ,1057,,,,,,,,126417,Clupea harengus
CA,I5034 ,2,NL,64T2 ,MRN2 ,,,,10033418,2021NL5400272,2021,W,126417,,,1,27,,d ,,,,,MN1 ,1058,,,,,,,,126417,Clupea harengus
CA,I5034 ,2,NL,64T2 ,MRN2 ,,,,10033418,2021NL5400272,2021,W,126417,,,1,28,,d ,,,,,MN1 ,1059,,,,,,,,126417,Clupea harengus
CA,I5034 ,2,NL,64T2 ,MRN2 ,,,,10033419,2021NL5400273,2021,W,126417,,,1,19,,d ,,,,,MN1 ,1060,,,,,,,,126417,Clupea harengus
CA,I5034 ,2,NL,64T2 ,MRN2 ,,,,10033419,2021NL5400273,2021,W,126417,,,1,21,,d ,,,,,MN1 ,1061,,,,,,,,126417,Clupea harengus
CA,I5034 ,2,NL,64T2 ,MRN2 ,,,,10033419,2021NL5400273,2021,W,126417,,,1,22,,d ,,,,,MN1 ,1062,,,,,,,,126417,Clupea harengus
CA,I5034 ,2,NL,64T2 ,MRN2 ,,,,10033419,2021NL5400273,2021,W,126417,,,1,23,,d ,,,,,MN1 ,1063,,,,,,,,126417,Clupea harengus
CA,I5034 ,2,NL,64T2 ,MRN2 ,,,,10033419,2021NL5400273,2021,W,126417,,,1,24,,d ,,,,,MN1 ,1064,,,,,,,,126417,Clupea harengus
CA,I5034 ,2,NL,64T2 ,MRN2 ,,,,10033419,2021NL5400273,2021,W,126417,,,1,25,,d ,,,,,MN1 ,1065,,,,,,,,126417,Clupea harengus
CA,I5034 ,2,NL,64T2 ,MRN2 ,,,,10033419,2021NL5400273,2021,W,126417,,,1,26,,d ,,,,,MN1 ,1066,,,,,,,,126417,Clupea harengus
CA,I5034 ,2,NL,64T2 ,MRN2 ,,,,10033419,2021NL5400273,2021,W,126417,,,1,27,,d ,,,,,MN1 ,1067,,,,,,,,126417,Clupea harengus
CA,I5034 ,2,NL,64T2 ,MRN2 ,,,,10033419,2021NL5400273,2021,W,126417,,,1,29,,d ,,,,,MN1 ,1068,,,,,,,,126417,Clupea harengus
CA,I5034 ,2,NL,64T2 ,MRN2 ,,,,10033420,2021NL5400274,2021,W,126417,,,1,20,,d ,,,,,MN1 ,1069,,,,,,,,126417,Clupea harengus
CA,I5034 ,2,NL,64T2 ,MRN2 ,,,,10033420,2021NL5400274,2021,W,126417,,,1,22,,d ,,,,,MN1 ,1070,,,,,,,,126417,Clupea harengus
CA,I5034 ,2,NL,64T2 ,MRN2 ,,,,10033420,2021NL5400274,2021,W,126417,,,1,23,,d ,,,,,MN1 ,1071,,,,,,,,126417,Clupea harengus
CA,I5034 ,2,NL,64T2 ,MRN2 ,,,,10033420,2021NL5400274,2021,W,126417,,,1,24,,d ,,,,,MN1 ,1072,,,,,,,,126417,Clupea harengus
CA,I5034 ,2,NL,64T2 ,MRN2 ,,,,10033420,2021NL5400274,2021,W,126417,,,1,25,,d ,,,,,MN1 ,1073,,,,,,,,126417,Clupea harengus
CA,I5034 ,2,NL,64T2 ,MRN2 ,,,,10033420,2021NL5400274,2021,W,126417,,,1,26,,d ,,,,,MN1 ,1074,,,,,,,,126417,Clupea harengus
CA,I5034 ,2,NL,64T2 ,MRN2 ,,,,10033420,2021NL5400274,2021,W,126417,,,1,27,,d ,,,,,MN1 ,1075,,,,,,,,126417,Clupea harengus
CA,I5034 ,2,NL,64T2 ,MRN2 ,,,,10033420,2021NL5400274,2021,W,126417,,,1,28,,d ,,,,,MN1 ,1076,,,,,,,,126417,Clupea harengus
CA,I5034 ,2,NL,64T2 ,MRN2 ,,,,10033421,2021NL5400275,2021,W,126417,,,1,20,,d ,,,,,MN1 ,1077,,,,,,,,126417,Clupea harengus
CA,I5034 ,2,NL,64T2 ,MRN2 ,,,,10033421,2021NL5400275,2021,W,126417,,,1,21,,d ,,,,,MN1 ,1078,,,,,,,,126417,Clupea harengus
CA,I5034 ,2,NL,64T2 ,MRN2 ,,,,10033421,2021NL5400275,2021,W,126417,,,1,22,,d ,,,,,MN1 ,1079,,,,,,,,126417,Clupea harengus
CA,I5034 ,2,NL,64T2 ,MRN2 ,,,,10033421,2021NL5400275,2021,W,126417,,,1,23,,d ,,,,,MN1 ,1080,,,,,,,,126417,Clupea harengus
CA,I5034 ,2,NL,64T2 ,MRN2 ,,,,10033421,2021NL5400275,2021,W,126417,,,1,24,,d ,,,,,MN1 ,1081,,,,,,,,126417,Clupea harengus
CA,I5034 ,2,NL,64T2 ,MRN2 ,,,,10033421,2021NL5400275,2021,W,126417,,,1,25,,d ,,,,,MN1 ,1082,,,,,,,,126417,Clupea harengus
CA,I5034 ,2,NL,64T2 ,MRN2 ,,,,10033421,2021NL5400275,2021,W,126417,,,1,26,,d ,,,,,MN1 ,1083,,,,,,,,126417,Clupea harengus
CA,I5034 ,2,NL,64T2 ,MRN2 ,,,,10033421,2021NL5400275,2021,W,126417,,,1,27,,d ,,,,,MN1 ,1084,,,,,,,,126417,Clupea harengus
CA,I5034 ,2,NL,64T2 ,MRN2 ,,,,10033421,2021NL5400275,2021,W,126417,,,1,29,,d ,,,,,MN1 ,1085,,,,,,,,126417,Clupea harengus
CA,I5034 ,2,NL,64T2 ,MRN2 ,,,,10033422,2021NL5400276,2021,W,126417,,,1,26,,d ,,,,,MN1 ,1086,,,,,,,,126417,Clupea harengus
CA,I5034 ,2,NL,64T2 ,MRN2 ,,,,10033422,2021NL5400276,2021,W,126417,,,1,27,,d ,,,,,MN1 ,1087,,,,,,,,126417,Clupea harengus
CA,I5034 ,2,NL,64T2 ,MRN2 ,,,,10033422,2021NL5400276,2021,W,126417,,,1,28,,d ,,,,,MN1 ,1088,,,,,,,,126417,Clupea harengus
CA,I5034 ,2,NL,64T2 ,MRN2 ,,,,10033422,2021NL5400276,2021,W,126417,,,1,29,,d ,,,,,MN1 ,1089,,,,,,,,126417,Clupea harengus
CA,I5034 ,2,NL,64T2 ,MRN2 ,,,,10033422,2021NL5400276,2021,W,126417,,,1,30,,d ,,,,,MN1 ,1090,,,,,,,,126417,Clupea harengus
CA,I5034 ,2,NL,64T2 ,MRN2 ,,,,10033422,2021NL5400276,2021,W,126417,,,1,31,,d ,,,,,MN1 ,1091,,,,,,,,126417,Clupea harengus
CA,I5034 ,2,NL,64T2 ,MRN2 ,,,,10033422,2021NL5400276,2021,W,126417,,,1,32,,d ,,,,,MN1 ,1092,,,,,,,,126417,Clupea harengus
CA,I5034 ,2,NL,64T2 ,MRN2 ,,,,10033423,2021NL5400277,2021,W,126417,,,1,27,,d ,,,,,MN1 ,1093,,,,,,,,126417,Clupea harengus
CA,I5034 ,2,NL,64T2 ,MRN2 ,,,,10033423,2021NL5400277,2021,W,126417,,,1,28,,d ,,,,,MN1 ,1094,,,,,,,,126417,Clupea harengus
CA,I5034 ,2,NL,64T2 ,MRN2 ,,,,10033423,2021NL5400277,2021,W,126417,,,1,29,,d ,,,,,MN1 ,1095,,,,,,,,126417,Clupea harengus
CA,I5034 ,2,NL,64T2 ,MRN2 ,,,,10033423,2021NL5400277,2021,W,126417,,,1,30,,d ,,,,,MN1 ,1096,,,,,,,,126417,Clupea harengus
CA,I5034 ,2,NL,64T2 ,MRN2 ,,,,10033423,2021NL5400277,2021,W,126417,,,1,31,,d ,,,,,MN1 ,1097,,,,,,,,126417,Clupea harengus
CA,I5034 ,2,NL,64T2 ,MRN2 ,,,,10033423,2021NL5400277,2021,W,126417,,,1,32,,d ,,,,,MN1 ,1098,,,,,,,,126417,Clupea harengus
CA,I5034 ,2,NL,64T2 ,MRN2 ,,,,10033423,2021NL5400277,2021,W,126417,,,1,33,,d ,,,,,MN1 ,1099,,,,,,,,126417,Clupea harengus
CA,I5034 ,2,NL,64T2 ,MRN2 ,,,,10033423,2021NL5400277,2021,W,126417,,,1,34,,d ,,,,,MN1 ,1100,,,,,,,,126417,Clupea harengus
CA,I5034 ,2,NL,64T2 ,MRN2 ,,,,10033423,2021NL5400277,2021,W,126417,,,1,35,,d ,,,,,MN1 ,1101,,,,,,,,126417,Clupea harengus
CA,I5034 ,2,NL,64T2 ,MRN2 ,,,,10033423,2021NL5400277,2021,W,126417,,,1,36,,d ,,,,,MN1 ,1102,,,,,,,,126417,Clupea harengus
CA,I5034 ,2,NL,64T2 ,MRN2 ,,,,10033424,2021NL5400278,2021,W,126417,,,1,17,,d ,,,,,MN1 ,1103,,,,,,,,126417,Clupea harengus
CA,I5034 ,2,NL,64T2 ,MRN2 ,,,,10033424,2021NL5400278,2021,W,126417,,,1,24,,d ,,,,,MN1 ,1104,,,,,,,,126417,Clupea harengus
CA,I5034 ,2,NL,64T2 ,MRN2 ,,,,10033424,2021NL5400278,2021,W,126417,,,1,25,,d ,,,,,MN1 ,1105,,,,,,,,126417,Clupea harengus
CA,I5034 ,2,NL,64T2 ,MRN2 ,,,,10033424,2021NL5400278,2021,W,126417,,,1,26,,d ,,,,,MN1 ,1106,,,,,,,,126417,Clupea harengus
CA,I5034 ,2,NL,64T2 ,MRN2 ,,,,10033424,2021NL5400278,2021,W,126417,,,1,27,,d ,,,,,MN1 ,1107,,,,,,,,126417,Clupea harengus
CA,I5034 ,2,NL,64T2 ,MRN2 ,,,,10033424,2021NL5400278,2021,W,126417,,,1,28,,d ,,,,,MN1 ,1108,,,,,,,,126417,Clupea harengus
CA,I5034 ,2,NL,64T2 ,MRN2 ,,,,10033424,2021NL5400278,2021,W,126417,,,1,29,,d ,,,,,MN1 ,1109,,,,,,,,126417,Clupea harengus
CA,I5034 ,2,NL,64T2 ,MRN2 ,,,,10033424,2021NL5400278,2021,W,126417,,,1,30,,d ,,,,,MN1 ,1110,,,,,,,,126417,Clupea harengus
CA,I5034 ,2,NL,64T2 ,MRN2 ,,,,10033425,2021NL5400279,2021,W,126417,,,1,15,,c ,,,,,MN1 ,1111,,,,,,,,126417,Clupea harengus
CA,I5034 ,2,NL,64T2 ,MRN2 ,,,,10033425,2021NL5400279,2021,W,126417,,,1,19,,d ,,,,,MN1 ,1112,,,,,,,,126417,Clupea harengus
CA,I5034 ,2,NL,64T2 ,MRN2 ,,,,10033425,2021NL5400279,2021,W,126417,,,1,24,,d ,,,,,MN1 ,1113,,,,,,,,126417,Clupea harengus
CA,I5034 ,2,NL,64T2 ,MRN2 ,,,,10033425,2021NL5400279,2021,W,126417,,,1,25,,d ,,,,,MN1 ,1114,,,,,,,,126417,Clupea harengus
CA,I5034 ,2,NL,64T2 ,MRN2 ,,,,10033425,2021NL5400279,2021,W,126417,,,1,26,,d ,,,,,MN1 ,1115,,,,,,,,126417,Clupea harengus
CA,I5034 ,2,NL,64T2 ,MRN2 ,,,,10033425,2021NL5400279,2021,W,126417,,,1,27,,d ,,,,,MN1 ,1116,,,,,,,,126417,Clupea harengus
CA,I5034 ,2,NL,64T2 ,MRN2 ,,,,10033425,2021NL5400279,2021,W,126417,,,1,28,,d ,,,,,MN1 ,1117,,,,,,,,126417,Clupea harengus
CA,I5034 ,2,NL,64T2 ,MRN2 ,,,,10033425,2021NL5400279,2021,W,126417,,,1,29,,d ,,,,,MN1 ,1118,,,,,,,,126417,Clupea harengus
CA,I5034 ,2,NL,64T2 ,MRN2 ,,,,10033425,2021NL5400279,2021,W,126417,,,1,30,,d ,,,,,MN1 ,1119,,,,,,,,126417,Clupea harengus
CA,I5034 ,2,NL,64T2 ,MRN2 ,,,,10033425,2021NL5400279,2021,W,126417,,,1,31,,d ,,,,,MN1 ,1120,,,,,,,,126417,Clupea harengus
CA,I5034 ,2,NL,64T2 ,MRN2 ,,,,10033425,2021NL5400279,2021,W,126417,,,1,33,,d ,,,,,MN1 ,1121,,,,,,,,126417,Clupea harengus
CA,I5034 ,2,NL,64T2 ,MRN2 ,,,,10033425,2021NL5400279,2021,W,126417,,,1,34,,d ,,,,,MN1 ,1122,,,,,,,,126417,Clupea harengus
CA,I5034 ,2,NL,64T2 ,MRN2 ,,,,10033425,2021NL5400279,2021,W,126417,,,1,35,,d ,,,,,MN1 ,1123,,,,,,,,126417,Clupea harengus
CA,I5034 ,2,NL,64T2 ,MRN2 ,,,,10033425,2021NL5400279,2021,W,126417,,,1,36,,d ,,,,,MN1 ,1124,,,,,,,,126417,Clupea harengus
CA,I5034 ,2,NO,58D4,MRN2 ,,,,242,MIK221,2021,W,126417,,,1,7,,,,,,,,1125,,,,,,,,126417,Clupea harengus
CA,I5034 ,2,NO,58D4,MRN2 ,,,,242,MIK221,2021,W,126417,,,1,13,,,,,,,,1126,,,,,,,,126417,Clupea harengus
CA,I5034 ,2,NO,58D4,MRN2 ,,,,242,MIK221,2021,W,126417,,,1,,,,,,,,,1127,,,,,,,,126417,Clupea harengus
CA,I5034 ,2,NO,58D4,MRN2 ,,,,248,MIK230,2021,W,126417,,,1,20,,,,,,,,1128,,,,,,,,126417,Clupea harengus
CA,I5034 ,2,NO,58D4,MRN2 ,,,,248,MIK230,2021,W,126417,,,1,21,,,,,,,,1129,,,,,,,,126417,Clupea harengus
CA,I5034 ,2,NO,58D4,MRN2 ,,,,248,MIK230,2021,W,126417,,,1,22,,,,,,,,1130,,,,,,,,126417,Clupea harengus
CA,I5034 ,2,NO,58D4,MRN2 ,,,,248,MIK230,2021,W,126417,,,1,23,,,,,,,,1131,,,,,,,,126417,Clupea harengus
CA,I5034 ,2,NO,58D4,MRN2 ,,,,248,MIK230,2021,W,126417,,,1,25,,,,,,,,1132,,,,,,,,126417,Clupea harengus
CA,I5034 ,2,NO,58D4,MRN2 ,,,,248,MIK230,2021,W,126417,,,1,25,,,,,,,,1133,,,,,,,,126417,Clupea harengus
CA,I5034 ,2,NO,58D4,MRN2 ,,,,248,MIK230,2021,W,126417,,,1,27,,,,,,,,1134,,,,,,,,126417,Clupea harengus
CA,I5034 ,2,NO,58D4,MRN2 ,,,,248,MIK230,2021,W,126417,,,1,29,,,,,,,,1135,,,,,,,,126417,Clupea harengus
CA,I5034 ,2,NO,58D4,MRN2 ,,,,248,MIK230,2021,W,126417,,,1,30,,,,,,,,1136,,,,,,,,126417,Clupea harengus
CA,I5034 ,2,NO,58D4,MRN2 ,,,,248,MIK230,2021,W,126417,,,1,31,,,,,,,,1137,,,,,,,,126417,Clupea harengus
CA,I5034 ,2,NO,58D4,MRN2 ,,,,248,MIK230,2021,W,126417,,,1,32,,,,,,,,1138,,,,,,,,126417,Clupea harengus
CA,I5034 ,2,NO,58D4,MRN2 ,,,,258,MIK241,2021,W,126417,,,1,29,,,,,,,,1139,,,,,,,,126417,Clupea harengus
CA,I5034 ,2,NO,58D4,MRN2 ,,,,261,MIK243,2021,W,126417,,,1,25,,,,,,,,1140,,,,,,,,126417,Clupea harengus
CA,I5034 ,2,NO,58D4,MRN2 ,,,,261,MIK243,2021,W,126417,,,1,27,,,,,,,,1141,,,,,,,,126417,Clupea harengus
CA,I5034 ,2,NO,58D4,MRN2 ,,,,261,MIK243,2021,W,126417,,,1,28,,,,,,,,1142,,,,,,,,126417,Clupea harengus
CA,I5034 ,2,NO,58D4,MRN2 ,,,,261,MIK243,2021,W,126417,,,1,29,,,,,,,,1143,,,,,,,,126417,Clupea harengus
CA,I5034 ,2,NO,58D4,MRN2 ,,,,261,MIK243,2021,W,126417,,,1,30,,,,,,,,1144,,,,,,,,126417,Clupea harengus
CA,I5034 ,2,NO,58D4,MRN2 ,,,,261,MIK243,2021,W,126417,,,1,31,,,,,,,,1145,,,,,,,,126417,Clupea harengus
CA,I5034 ,2,NO,58D4,MRN2 ,,,,261,MIK243,2021,W,126417,,,1,32,,,,,,,,1146,,,,,,,,126417,Clupea harengus
CA,I5034 ,2,NO,58D4,MRN2 ,,,,261,MIK243,2021,W,126417,,,1,33,,,,,,,,1147,,,,,,,,126417,Clupea harengus
CA,I5034 ,2,NO,58D4,MRN2 ,,,,261,MIK243,2021,W,126417,,,1,34,,,,,,,,1148,,,,,,,,126417,Clupea harengus
CA,I5034 ,2,NL,64T2 ,MRN2 ,,,,10057754,2022NL5400151,2022,W,126417,,,1,18,,d ,,,,,MN1 ,1149,,,,,,,,126417,Clupea harengus
CA,I5034 ,2,NL,64T2 ,MRN2 ,,,,10057754,2022NL5400151,2022,W,126417,,,1,20,,d ,,,,,MN1 ,1150,,,,,,,,126417,Clupea harengus
CA,I5034 ,2,NL,64T2 ,MRN2 ,,,,10057754,2022NL5400151,2022,W,126417,,,1,22,,d ,,,,,MN1 ,1151,,,,,,,,126417,Clupea harengus
CA,I5034 ,2,NL,64T2 ,MRN2 ,,,,10057754,2022NL5400151,2022,W,126417,,,1,23,,d ,,,,,MN1 ,1152,,,,,,,,126417,Clupea harengus
CA,I5034 ,2,NL,64T2 ,MRN2 ,,,,10057754,2022NL5400151,2022,W,126417,,,1,24,,d ,,,,,MN1 ,1153,,,,,,,,126417,Clupea harengus
CA,I5034 ,2,NL,64T2 ,MRN2 ,,,,10057754,2022NL5400151,2022,W,126417,,,1,25,,d ,,,,,MN1 ,1154,,,,,,,,126417,Clupea harengus
CA,I5034 ,2,NL,64T2 ,MRN2 ,,,,10057754,2022NL5400151,2022,W,126417,,,1,26,,d ,,,,,MN1 ,1155,,,,,,,,126417,Clupea harengus
CA,I5034 ,2,NL,64T2 ,MRN2 ,,,,10057754,2022NL5400151,2022,W,126417,,,1,27,,d ,,,,,MN1 ,1156,,,,,,,,126417,Clupea harengus
CA,I5034 ,2,NL,64T2 ,MRN2 ,,,,10057754,2022NL5400151,2022,W,126417,,,1,0,,c ,,,,,MN1 ,1157,,,,,,,,126417,Clupea harengus
CA,I5034 ,2,NL,64T2 ,MRN2 ,,,,10057755,2022NL5400152,2022,W,126417,,,1,23,,d ,,,,,MN1 ,1158,,,,,,,,126417,Clupea harengus
CA,I5034 ,2,NL,64T2 ,MRN2 ,,,,10057755,2022NL5400152,2022,W,126417,,,1,0,,c ,,,,,MN1 ,1159,,,,,,,,126417,Clupea harengus
CA,I5034 ,2,NL,64T2 ,MRN2 ,,,,10057756,2022NL5400153,2022,W,126417,,,1,0,,c ,,,,,MN1 ,1160,,,,,,,,126417,Clupea harengus
CA,I5034 ,2,NL,64T2 ,MRN2 ,,,,10057757,2022NL5400154,2022,W,126417,,,1,20,,d ,,,,,MN1 ,1161,,,,,,,,126417,Clupea harengus
CA,I5034 ,2,NL,64T2 ,MRN2 ,,,,10057757,2022NL5400154,2022,W,126417,,,1,21,,d ,,,,,MN1 ,1162,,,,,,,,126417,Clupea harengus
CA,I5034 ,2,NL,64T2 ,MRN2 ,,,,10057757,2022NL5400154,2022,W,126417,,,1,22,,d ,,,,,MN1 ,1163,,,,,,,,126417,Clupea harengus
CA,I5034 ,2,NL,64T2 ,MRN2 ,,,,10057757,2022NL5400154,2022,W,126417,,,1,23,,d ,,,,,MN1 ,1164,,,,,,,,126417,Clupea harengus
CA,I5034 ,2,NL,64T2 ,MRN2 ,,,,10057757,2022NL5400154,2022,W,126417,,,1,24,,d ,,,,,MN1 ,1165,,,,,,,,126417,Clupea harengus
CA,I5034 ,2,NL,64T2 ,MRN2 ,,,,10057757,2022NL5400154,2022,W,126417,,,1,25,,d ,,,,,MN1 ,1166,,,,,,,,126417,Clupea harengus
CA,I5034 ,2,NL,64T2 ,MRN2 ,,,,10057757,2022NL5400154,2022,W,126417,,,1,26,,d ,,,,,MN1 ,1167,,,,,,,,126417,Clupea harengus
CA,I5034 ,2,NL,64T2 ,MRN2 ,,,,10057757,2022NL5400154,2022,W,126417,,,1,27,,d ,,,,,MN1 ,1168,,,,,,,,126417,Clupea harengus
CA,I5034 ,2,NL,64T2 ,MRN2 ,,,,10057757,2022NL5400154,2022,W,126417,,,1,28,,d ,,,,,MN1 ,1169,,,,,,,,126417,Clupea harengus
CA,I5034 ,2,NL,64T2 ,MRN2 ,,,,10057757,2022NL5400154,2022,W,126417,,,1,29,,d ,,,,,MN1 ,1170,,,,,,,,126417,Clupea harengus
CA,I5034 ,2,NL,64T2 ,MRN2 ,,,,10057757,2022NL5400154,2022,W,126417,,,1,0,,c ,,,,,MN1 ,1171,,,,,,,,126417,Clupea harengus
CA,I5034 ,2,NL,64T2 ,MRN2 ,,,,10057753,2022NL5400155,2022,W,126417,,,1,17,,d ,,,,,MN1 ,1172,,,,,,,,126417,Clupea harengus
CA,I5034 ,2,NL,64T2 ,MRN2 ,,,,10057753,2022NL5400155,2022,W,126417,,,1,21,,d ,,,,,MN1 ,1173,,,,,,,,126417,Clupea harengus
CA,I5034 ,2,NL,64T2 ,MRN2 ,,,,10057759,2022NL5400156,2022,W,126417,,,1,16,,d ,,,,,MN1 ,1174,,,,,,,,126417,Clupea harengus
CA,I5034 ,2,NL,64T2 ,MRN2 ,,,,10057760,2022NL5400157,2022,W,126417,,,1,27,,d ,,,,,MN1 ,1175,,,,,,,,126417,Clupea harengus
CA,I5034 ,2,NL,64T2 ,MRN2 ,,,,10057760,2022NL5400157,2022,W,126417,,,1,28,,d ,,,,,MN1 ,1176,,,,,,,,126417,Clupea harengus
CA,I5034 ,2,NL,64T2 ,MRN2 ,,,,10057760,2022NL5400157,2022,W,126417,,,1,0,,c ,,,,,MN1 ,1177,,,,,,,,126417,Clupea harengus
CA,I5034 ,2,NL,64T2 ,MRN2 ,,,,10057761,2022NL5400158,2022,W,126417,,,1,26,,d ,,,,,MN1 ,1178,,,,,,,,126417,Clupea harengus
CA,I5034 ,2,NL,64T2 ,MRN2 ,,,,10057761,2022NL5400158,2022,W,126417,,,1,27,,d ,,,,,MN1 ,1179,,,,,,,,126417,Clupea harengus
CA,I5034 ,2,NL,64T2 ,MRN2 ,,,,10057761,2022NL5400158,2022,W,126417,,,1,28,,d ,,,,,MN1 ,1180,,,,,,,,126417,Clupea harengus
CA,I5034 ,2,NL,64T2 ,MRN2 ,,,,10057761,2022NL5400158,2022,W,126417,,,1,29,,d ,,,,,MN1 ,1181,,,,,,,,126417,Clupea harengus
CA,I5034 ,2,NL,64T2 ,MRN2 ,,,,10057761,2022NL5400158,2022,W,126417,,,1,30,,d ,,,,,MN1 ,1182,,,,,,,,126417,Clupea harengus
CA,I5034 ,2,NL,64T2 ,MRN2 ,,,,10057761,2022NL5400158,2022,W,126417,,,1,33,,d ,,,,,MN1 ,1183,,,,,,,,126417,Clupea harengus
CA,I5034 ,2,NL,64T2 ,MRN2 ,,,,10057761,2022NL5400158,2022,W,126417,,,1,34,,d ,,,,,MN1 ,1184,,,,,,,,126417,Clupea harengus
CA,I5034 ,2,NL,64T2 ,MRN2 ,,,,10057761,2022NL5400158,2022,W,126417,,,1,35,,d ,,,,,MN1 ,1185,,,,,,,,126417,Clupea harengus
CA,I5034 ,2,NL,64T2 ,MRN2 ,,,,10057761,2022NL5400158,2022,W,126417,,,1,0,,c ,,,,,MN1 ,1186,,,,,,,,126417,Clupea harengus
CA,I5034 ,2,NL,64T2 ,MRN2 ,,,,10057762,2022NL5400159,2022,W,126417,,,1,24,,d ,,,,,MN1 ,1187,,,,,,,,126417,Clupea harengus
CA,I5034 ,2,NL,64T2 ,MRN2 ,,,,10057762,2022NL5400159,2022,W,126417,,,1,25,,d ,,,,,MN1 ,1188,,,,,,,,126417,Clupea harengus
CA,I5034 ,2,NL,64T2 ,MRN2 ,,,,10057762,2022NL5400159,2022,W,126417,,,1,27,,d ,,,,,MN1 ,1189,,,,,,,,126417,Clupea harengus
CA,I5034 ,2,NL,64T2 ,MRN2 ,,,,10057762,2022NL5400159,2022,W,126417,,,1,28,,d ,,,,,MN1 ,1190,,,,,,,,126417,Clupea harengus
CA,I5034 ,2,NL,64T2 ,MRN2 ,,,,10057762,2022NL5400159,2022,W,126417,,,1,29,,d ,,,,,MN1 ,1191,,,,,,,,126417,Clupea harengus
CA,I5034 ,2,NL,64T2 ,MRN2 ,,,,10057762,2022NL5400159,2022,W,126417,,,1,30,,d ,,,,,MN1 ,1192,,,,,,,,126417,Clupea harengus
CA,I5034 ,2,NL,64T2 ,MRN2 ,,,,10057762,2022NL5400159,2022,W,126417,,,1,31,,d ,,,,,MN1 ,1193,,,,,,,,126417,Clupea harengus
CA,I5034 ,2,NL,64T2 ,MRN2 ,,,,10057762,2022NL5400159,2022,W,126417,,,1,32,,d ,,,,,MN1 ,1194,,,,,,,,126417,Clupea harengus
CA,I5034 ,2,NL,64T2 ,MRN2 ,,,,10057762,2022NL5400159,2022,W,126417,,,1,33,,d ,,,,,MN1 ,1195,,,,,,,,126417,Clupea harengus
CA,I5034 ,2,NL,64T2 ,MRN2 ,,,,10057762,2022NL5400159,2022,W,126417,,,1,34,,d ,,,,,MN1 ,1196,,,,,,,,126417,Clupea harengus
CA,I5034 ,2,NL,64T2 ,MRN2 ,,,,10057762,2022NL5400159,2022,W,126417,,,1,35,,d ,,,,,MN1 ,1197,,,,,,,,126417,Clupea harengus
CA,I5034 ,2,NL,64T2 ,MRN2 ,,,,10057762,2022NL5400159,2022,W,126417,,,1,36,,d ,,,,,MN1 ,1198,,,,,,,,126417,Clupea harengus
CA,I5034 ,2,NL,64T2 ,MRN2 ,,,,10057762,2022NL5400159,2022,W,126417,,,1,37,,d ,,,,,MN1 ,1199,,,,,,,,126417,Clupea harengus
CA,I5034 ,2,NL,64T2 ,MRN2 ,,,,10057762,2022NL5400159,2022,W,126417,,,1,38,,d ,,,,,MN1 ,1200,,,,,,,,126417,Clupea harengus
CA,I5034 ,2,NL,64T2 ,MRN2 ,,,,10057762,2022NL5400159,2022,W,126417,,,1,39,,d ,,,,,MN1 ,1201,,,,,,,,126417,Clupea harengus
CA,I5034 ,2,NL,64T2 ,MRN2 ,,,,10057762,2022NL5400159,2022,W,126417,,,1,40,,d ,,,,,MN1 ,1202,,,,,,,,126417,Clupea harengus
CA,I5034 ,2,NL,64T2 ,MRN2 ,,,,10057762,2022NL5400159,2022,W,126417,,,1,41,,d ,,,,,MN1 ,1203,,,,,,,,126417,Clupea harengus
CA,I5034 ,2,NL,64T2 ,MRN2 ,,,,10057763,2022NL5400162,2022,W,126417,,,1,24,,d ,,,,,MN1 ,1204,,,,,,,,126417,Clupea harengus
CA,I5034 ,2,NL,64T2 ,MRN2 ,,,,10057764,2022NL5400163,2022,W,126417,,,1,22,,d ,,,,,MN1 ,1205,,,,,,,,126417,Clupea harengus
CA,I5034 ,2,NL,64T2 ,MRN2 ,,,,10057764,2022NL5400163,2022,W,126417,,,1,23,,d ,,,,,MN1 ,1206,,,,,,,,126417,Clupea harengus
CA,I5034 ,2,NL,64T2 ,MRN2 ,,,,10057764,2022NL5400163,2022,W,126417,,,1,24,,d ,,,,,MN1 ,1207,,,,,,,,126417,Clupea harengus
CA,I5034 ,2,NL,64T2 ,MRN2 ,,,,10057764,2022NL5400163,2022,W,126417,,,1,25,,d ,,,,,MN1 ,1208,,,,,,,,126417,Clupea harengus
CA,I5034 ,2,NL,64T2 ,MRN2 ,,,,10057764,2022NL5400163,2022,W,126417,,,1,26,,d ,,,,,MN1 ,1209,,,,,,,,126417,Clupea harengus
CA,I5034 ,2,NL,64T2 ,MRN2 ,,,,10057764,2022NL5400163,2022,W,126417,,,1,27,,d ,,,,,MN1 ,1210,,,,,,,,126417,Clupea harengus
CA,I5034 ,2,NL,64T2 ,MRN2 ,,,,10057764,2022NL5400163,2022,W,126417,,,1,28,,d ,,,,,MN1 ,1211,,,,,,,,126417,Clupea harengus
CA,I5034 ,2,NL,64T2 ,MRN2 ,,,,10057764,2022NL5400163,2022,W,126417,,,1,29,,d ,,,,,MN1 ,1212,,,,,,,,126417,Clupea harengus
CA,I5034 ,2,NL,64T2 ,MRN2 ,,,,10057764,2022NL5400163,2022,W,126417,,,1,30,,d ,,,,,MN1 ,1213,,,,,,,,126417,Clupea harengus
CA,I5034 ,2,NL,64T2 ,MRN2 ,,,,10057764,2022NL5400163,2022,W,126417,,,1,31,,d ,,,,,MN1 ,1214,,,,,,,,126417,Clupea harengus
CA,I5034 ,2,NL,64T2 ,MRN2 ,,,,10057764,2022NL5400163,2022,W,126417,,,1,32,,d ,,,,,MN1 ,1215,,,,,,,,126417,Clupea harengus
CA,I5034 ,2,NL,64T2 ,MRN2 ,,,,10057764,2022NL5400163,2022,W,126417,,,1,33,,d ,,,,,MN1 ,1216,,,,,,,,126417,Clupea harengus
CA,I5034 ,2,NL,64T2 ,MRN2 ,,,,10057764,2022NL5400163,2022,W,126417,,,1,34,,d ,,,,,MN1 ,1217,,,,,,,,126417,Clupea harengus
CA,I5034 ,2,NL,64T2 ,MRN2 ,,,,10057764,2022NL5400163,2022,W,126417,,,1,35,,d ,,,,,MN1 ,1218,,,,,,,,126417,Clupea harengus
CA,I5034 ,2,NL,64T2 ,MRN2 ,,,,10057765,2022NL5400164,2022,W,126417,,,1,21,,d ,,,,,MN1 ,1219,,,,,,,,126417,Clupea harengus
CA,I5034 ,2,NL,64T2 ,MRN2 ,,,,10057765,2022NL5400164,2022,W,126417,,,1,23,,d ,,,,,MN1 ,1220,,,,,,,,126417,Clupea harengus
CA,I5034 ,2,NL,64T2 ,MRN2 ,,,,10057765,2022NL5400164,2022,W,126417,,,1,24,,d ,,,,,MN1 ,1221,,,,,,,,126417,Clupea harengus
CA,I5034 ,2,NL,64T2 ,MRN2 ,,,,10057765,2022NL5400164,2022,W,126417,,,1,25,,d ,,,,,MN1 ,1222,,,,,,,,126417,Clupea harengus
CA,I5034 ,2,NL,64T2 ,MRN2 ,,,,10057765,2022NL5400164,2022,W,126417,,,1,26,,d ,,,,,MN1 ,1223,,,,,,,,126417,Clupea harengus
CA,I5034 ,2,NL,64T2 ,MRN2 ,,,,10057765,2022NL5400164,2022,W,126417,,,1,28,,d ,,,,,MN1 ,1224,,,,,,,,126417,Clupea harengus
CA,I5034 ,2,NL,64T2 ,MRN2 ,,,,10057765,2022NL5400164,2022,W,126417,,,1,0,,c ,,,,,MN1 ,1225,,,,,,,,126417,Clupea harengus
CA,I5034 ,2,NL,64T2 ,MRN2 ,,,,10057766,2022NL5400165,2022,W,126417,,,1,24,,d ,,,,,MN1 ,1226,,,,,,,,126417,Clupea harengus
CA,I5034 ,2,NL,64T2 ,MRN2 ,,,,10057766,2022NL5400165,2022,W,126417,,,1,25,,d ,,,,,MN1 ,1227,,,,,,,,126417,Clupea harengus
CA,I5034 ,2,NL,64T2 ,MRN2 ,,,,10057766,2022NL5400165,2022,W,126417,,,1,26,,d ,,,,,MN1 ,1228,,,,,,,,126417,Clupea harengus
CA,I5034 ,2,NL,64T2 ,MRN2 ,,,,10057766,2022NL5400165,2022,W,126417,,,1,27,,d ,,,,,MN1 ,1229,,,,,,,,126417,Clupea harengus
CA,I5034 ,2,NL,64T2 ,MRN2 ,,,,10057766,2022NL5400165,2022,W,126417,,,1,28,,d ,,,,,MN1 ,1230,,,,,,,,126417,Clupea harengus
CA,I5034 ,2,NL,64T2 ,MRN2 ,,,,10057766,2022NL5400165,2022,W,126417,,,1,29,,d ,,,,,MN1 ,1231,,,,,,,,126417,Clupea harengus
CA,I5034 ,2,NL,64T2 ,MRN2 ,,,,10057766,2022NL5400165,2022,W,126417,,,1,30,,d ,,,,,MN1 ,1232,,,,,,,,126417,Clupea harengus
CA,I5034 ,2,NL,64T2 ,MRN2 ,,,,10057766,2022NL5400165,2022,W,126417,,,1,31,,d ,,,,,MN1 ,1233,,,,,,,,126417,Clupea harengus
CA,I5034 ,2,NL,64T2 ,MRN2 ,,,,10057766,2022NL5400165,2022,W,126417,,,1,32,,d ,,,,,MN1 ,1234,,,,,,,,126417,Clupea harengus
CA,I5034 ,2,NL,64T2 ,MRN2 ,,,,10057766,2022NL5400165,2022,W,126417,,,1,33,,d ,,,,,MN1 ,1235,,,,,,,,126417,Clupea harengus
CA,I5034 ,2,NL,64T2 ,MRN2 ,,,,10057767,2022NL5400166,2022,W,126417,,,1,26,,d ,,,,,MN1 ,1236,,,,,,,,126417,Clupea harengus
CA,I5034 ,2,NL,64T2 ,MRN2 ,,,,10057767,2022NL5400166,2022,W,126417,,,1,27,,d ,,,,,MN1 ,1237,,,,,,,,126417,Clupea harengus
CA,I5034 ,2,NL,64T2 ,MRN2 ,,,,10057767,2022NL5400166,2022,W,126417,,,1,28,,d ,,,,,MN1 ,1238,,,,,,,,126417,Clupea harengus
CA,I5034 ,2,NL,64T2 ,MRN2 ,,,,10057767,2022NL5400166,2022,W,126417,,,1,29,,d ,,,,,MN1 ,1239,,,,,,,,126417,Clupea harengus
CA,I5034 ,2,NL,64T2 ,MRN2 ,,,,10057767,2022NL5400166,2022,W,126417,,,1,30,,d ,,,,,MN1 ,1240,,,,,,,,126417,Clupea harengus
CA,I5034 ,2,NL,64T2 ,MRN2 ,,,,10057767,2022NL5400166,2022,W,126417,,,1,31,,d ,,,,,MN1 ,1241,,,,,,,,126417,Clupea harengus
CA,I5034 ,2,NL,64T2 ,MRN2 ,,,,10057767,2022NL5400166,2022,W,126417,,,1,32,,d ,,,,,MN1 ,1242,,,,,,,,126417,Clupea harengus
CA,I5034 ,2,NL,64T2 ,MRN2 ,,,,10057767,2022NL5400166,2022,W,126417,,,1,33,,d ,,,,,MN1 ,1243,,,,,,,,126417,Clupea harengus
CA,I5034 ,2,NL,64T2 ,MRN2 ,,,,10057767,2022NL5400166,2022,W,126417,,,1,34,,d ,,,,,MN1 ,1244,,,,,,,,126417,Clupea harengus
CA,I5034 ,2,NL,64T2 ,MRN2 ,,,,10057767,2022NL5400166,2022,W,126417,,,1,35,,d ,,,,,MN1 ,1245,,,,,,,,126417,Clupea harengus
CA,I5034 ,2,NL,64T2 ,MRN2 ,,,,10057767,2022NL5400166,2022,W,126417,,,1,36,,d ,,,,,MN1 ,1246,,,,,,,,126417,Clupea harengus
CA,I5034 ,2,NL,64T2 ,MRN2 ,,,,10057768,2022NL5400167,2022,W,126417,,,1,26,,d ,,,,,MN1 ,1247,,,,,,,,126417,Clupea harengus
CA,I5034 ,2,NL,64T2 ,MRN2 ,,,,10057768,2022NL5400167,2022,W,126417,,,1,28,,d ,,,,,MN1 ,1248,,,,,,,,126417,Clupea harengus
CA,I5034 ,2,NL,64T2 ,MRN2 ,,,,10057768,2022NL5400167,2022,W,126417,,,1,29,,d ,,,,,MN1 ,1249,,,,,,,,126417,Clupea harengus
CA,I5034 ,2,NL,64T2 ,MRN2 ,,,,10057768,2022NL5400167,2022,W,126417,,,1,30,,d ,,,,,MN1 ,1250,,,,,,,,126417,Clupea harengus
CA,I5034 ,2,NL,64T2 ,MRN2 ,,,,10057768,2022NL5400167,2022,W,126417,,,1,31,,d ,,,,,MN1 ,1251,,,,,,,,126417,Clupea harengus
CA,I5034 ,2,NL,64T2 ,MRN2 ,,,,10057768,2022NL5400167,2022,W,126417,,,1,32,,d ,,,,,MN1 ,1252,,,,,,,,126417,Clupea harengus
CA,I5034 ,2,NL,64T2 ,MRN2 ,,,,10057768,2022NL5400167,2022,W,126417,,,1,33,,d ,,,,,MN1 ,1253,,,,,,,,126417,Clupea harengus
CA,I5034 ,2,NL,64T2 ,MRN2 ,,,,10057768,2022NL5400167,2022,W,126417,,,1,34,,d ,,,,,MN1 ,1254,,,,,,,,126417,Clupea harengus
CA,I5034 ,2,NL,64T2 ,MRN2 ,,,,10057768,2022NL5400167,2022,W,126417,,,1,35,,d ,,,,,MN1 ,1255,,,,,,,,126417,Clupea harengus
CA,I5034 ,2,NL,64T2 ,MRN2 ,,,,10057768,2022NL5400167,2022,W,126417,,,1,36,,d ,,,,,MN1 ,1256,,,,,,,,126417,Clupea harengus
CA,I5034 ,2,NL,64T2 ,MRN2 ,,,,10057768,2022NL5400167,2022,W,126417,,,1,37,,d ,,,,,MN1 ,1257,,,,,,,,126417,Clupea harengus
CA,I5034 ,2,NL,64T2 ,MRN2 ,,,,10057768,2022NL5400167,2022,W,126417,,,1,39,,d ,,,,,MN1 ,1258,,,,,,,,126417,Clupea harengus
CA,I5034 ,2,NL,64T2 ,MRN2 ,,,,10057768,2022NL5400167,2022,W,126417,,,1,40,,d ,,,,,MN1 ,1259,,,,,,,,126417,Clupea harengus
CA,I5034 ,2,NL,64T2 ,MRN2 ,,,,10057768,2022NL5400167,2022,W,126417,,,1,44,,d ,,,,,MN1 ,1260,,,,,,,,126417,Clupea harengus
CA,I5034 ,2,NL,64T2 ,MRN2 ,,,,10057769,2022NL5400168,2022,W,126417,,,1,25,,d ,,,,,MN1 ,1261,,,,,,,,126417,Clupea harengus
CA,I5034 ,2,NL,64T2 ,MRN2 ,,,,10057769,2022NL5400168,2022,W,126417,,,1,26,,d ,,,,,MN1 ,1262,,,,,,,,126417,Clupea harengus
CA,I5034 ,2,NL,64T2 ,MRN2 ,,,,10057769,2022NL5400168,2022,W,126417,,,1,27,,d ,,,,,MN1 ,1263,,,,,,,,126417,Clupea harengus
CA,I5034 ,2,NL,64T2 ,MRN2 ,,,,10057769,2022NL5400168,2022,W,126417,,,1,28,,d ,,,,,MN1 ,1264,,,,,,,,126417,Clupea harengus
CA,I5034 ,2,NL,64T2 ,MRN2 ,,,,10057769,2022NL5400168,2022,W,126417,,,1,29,,d ,,,,,MN1 ,1265,,,,,,,,126417,Clupea harengus
CA,I5034 ,2,NL,64T2 ,MRN2 ,,,,10057769,2022NL5400168,2022,W,126417,,,1,30,,d ,,,,,MN1 ,1266,,,,,,,,126417,Clupea harengus
CA,I5034 ,2,NL,64T2 ,MRN2 ,,,,10057769,2022NL5400168,2022,W,126417,,,1,31,,d ,,,,,MN1 ,1267,,,,,,,,126417,Clupea harengus
CA,I5034 ,2,NL,64T2 ,MRN2 ,,,,10057769,2022NL5400168,2022,W,126417,,,1,35,,d ,,,,,MN1 ,1268,,,,,,,,126417,Clupea harengus
CA,I5034 ,2,NL,64T2 ,MRN2 ,,,,10057769,2022NL5400168,2022,W,126417,,,1,0,,c ,,,,,MN1 ,1269,,,,,,,,126417,Clupea harengus
CA,I5034 ,2,NL,64T2 ,MRN2 ,,,,10057770,2022NL5400169,2022,W,126417,,,1,0,,c ,,,,,MN1 ,1270,,,,,,,,126417,Clupea harengus
CA,I5034 ,2,NL,64T2 ,MRN2 ,,,,10057772,2022NL5400171,2022,W,126417,,,1,26,,d ,,,,,MN1 ,1271,,,,,,,,126417,Clupea harengus
CA,I5034 ,2,NL,64T2 ,MRN2 ,,,,10057772,2022NL5400171,2022,W,126417,,,1,27,,d ,,,,,MN1 ,1272,,,,,,,,126417,Clupea harengus
CA,I5034 ,2,NL,64T2 ,MRN2 ,,,,10057772,2022NL5400171,2022,W,126417,,,1,28,,d ,,,,,MN1 ,1273,,,,,,,,126417,Clupea harengus
CA,I5034 ,2,NL,64T2 ,MRN2 ,,,,10057772,2022NL5400171,2022,W,126417,,,1,29,,d ,,,,,MN1 ,1274,,,,,,,,126417,Clupea harengus
CA,I5034 ,2,NL,64T2 ,MRN2 ,,,,10057772,2022NL5400171,2022,W,126417,,,1,30,,d ,,,,,MN1 ,1275,,,,,,,,126417,Clupea harengus
CA,I5034 ,2,NL,64T2 ,MRN2 ,,,,10057772,2022NL5400171,2022,W,126417,,,1,31,,d ,,,,,MN1 ,1276,,,,,,,,126417,Clupea harengus
CA,I5034 ,2,NL,64T2 ,MRN2 ,,,,10057772,2022NL5400171,2022,W,126417,,,1,32,,d ,,,,,MN1 ,1277,,,,,,,,126417,Clupea harengus
CA,I5034 ,2,NL,64T2 ,MRN2 ,,,,10057772,2022NL5400171,2022,W,126417,,,1,0,,c ,,,,,MN1 ,1278,,,,,,,,126417,Clupea harengus
CA,I5034 ,2,NL,64T2 ,MRN2 ,,,,10057773,2022NL5400172,2022,W,126417,,,1,23,,d ,,,,,MN1 ,1279,,,,,,,,126417,Clupea harengus
CA,I5034 ,2,NL,64T2 ,MRN2 ,,,,10057773,2022NL5400172,2022,W,126417,,,1,24,,d ,,,,,MN1 ,1280,,,,,,,,126417,Clupea harengus
CA,I5034 ,2,NL,64T2 ,MRN2 ,,,,10057773,2022NL5400172,2022,W,126417,,,1,26,,d ,,,,,MN1 ,1281,,,,,,,,126417,Clupea harengus
CA,I5034 ,2,NL,64T2 ,MRN2 ,,,,10057773,2022NL5400172,2022,W,126417,,,1,27,,d ,,,,,MN1 ,1282,,,,,,,,126417,Clupea harengus
CA,I5034 ,2,NL,64T2 ,MRN2 ,,,,10057777,2022NL5400176,2022,W,126417,,,1,36,,d ,,,,,MN1 ,1283,,,,,,,,126417,Clupea harengus
CA,I5034 ,2,NL,64T2 ,MRN2 ,,,,10057777,2022NL5400176,2022,W,126417,,,1,0,,c ,,,,,MN1 ,1284,,,,,,,,126417,Clupea harengus
CA,I5034 ,2,NL,64T2 ,MRN2 ,,,,10057778,2022NL5400177,2022,W,126417,,,1,33,,d ,,,,,MN1 ,1285,,,,,,,,126417,Clupea harengus
CA,I5034 ,2,NL,64T2 ,MRN2 ,,,,10057778,2022NL5400177,2022,W,126417,,,1,34,,d ,,,,,MN1 ,1286,,,,,,,,126417,Clupea harengus
CA,I5034 ,2,NL,64T2 ,MRN2 ,,,,10057778,2022NL5400177,2022,W,126417,,,1,41,,d ,,,,,MN1 ,1287,,,,,,,,126417,Clupea harengus
CA,I5034 ,2,NL,64T2 ,MRN2 ,,,,10057781,2022NL5400180,2022,W,126417,,,1,43,,d ,,,,,MN1 ,1288,,,,,,,,126417,Clupea harengus
CA,I5034 ,2,NL,64T2 ,MRN2 ,,,,10057782,2022NL5400181,2022,W,126417,,,1,0,,c ,,,,,MN1 ,1289,,,,,,,,126417,Clupea harengus
CA,I5034 ,2,NL,64T2 ,MRN2 ,,,,10057785,2022NL5400184,2022,W,126417,,,1,0,,c ,,,,,MN1 ,1290,,,,,,,,126417,Clupea harengus
CA,I5034 ,2,NL,64T2 ,MRN2 ,,,,10057786,2022NL5400185,2022,W,126417,,,1,0,,c ,,,,,MN1 ,1291,,,,,,,,126417,Clupea harengus
CA,I5034 ,2,NL,64T2 ,MRN2 ,,,,10057789,2022NL5400188,2022,W,126417,,,1,0,,c ,,,,,MN1 ,1292,,,,,,,,126417,Clupea harengus
CA,I5034 ,2,NL,64T2 ,MRN2 ,,,,10057791,2022NL5400190,2022,W,126417,,,1,28,,d ,,,,,MN1 ,1293,,,,,,,,126417,Clupea harengus
CA,I5034 ,2,NL,64T2 ,MRN2 ,,,,10057792,2022NL5400191,2022,W,126417,,,1,28,,d ,,,,,MN1 ,1294,,,,,,,,126417,Clupea harengus
CA,I5034 ,2,NL,64T2 ,MRN2 ,,,,10057793,2022NL5400192,2022,W,126417,,,1,26,,d ,,,,,MN1 ,1295,,,,,,,,126417,Clupea harengus
CA,I5034 ,2,NL,64T2 ,MRN2 ,,,,10057793,2022NL5400192,2022,W,126417,,,1,28,,d ,,,,,MN1 ,1296,,,,,,,,126417,Clupea harengus
CA,I5034 ,2,NL,64T2 ,MRN2 ,,,,10057793,2022NL5400192,2022,W,126417,,,1,30,,d ,,,,,MN1 ,1297,,,,,,,,126417,Clupea harengus
CA,I5034 ,2,NL,64T2 ,MRN2 ,,,,10057794,2022NL5400193,2022,W,126417,,,1,27,,d ,,,,,MN1 ,1298,,,,,,,,126417,Clupea harengus
CA,I5034 ,2,NL,64T2 ,MRN2 ,,,,10057794,2022NL5400193,2022,W,126417,,,1,30,,d ,,,,,MN1 ,1299,,,,,,,,126417,Clupea harengus
CA,I5034 ,2,NL,64T2 ,MRN2 ,,,,10057794,2022NL5400193,2022,W,126417,,,1,31,,d ,,,,,MN1 ,1300,,,,,,,,126417,Clupea harengus
CA,I5034 ,2,NL,64T2 ,MRN2 ,,,,10057794,2022NL5400193,2022,W,126417,,,1,33,,d ,,,,,MN1 ,1301,,,,,,,,126417,Clupea harengus
CA,I5034 ,2,NL,64T2 ,MRN2 ,,,,10057795,2022NL5400194,2022,W,126417,,,1,26,,d ,,,,,MN1 ,1302,,,,,,,,126417,Clupea harengus
CA,I5034 ,2,NL,64T2 ,MRN2 ,,,,10057795,2022NL5400194,2022,W,126417,,,1,27,,d ,,,,,MN1 ,1303,,,,,,,,126417,Clupea harengus
CA,I5034 ,2,NL,64T2 ,MRN2 ,,,,10057795,2022NL5400194,2022,W,126417,,,1,28,,d ,,,,,MN1 ,1304,,,,,,,,126417,Clupea harengus
CA,I5034 ,2,NL,64T2 ,MRN2 ,,,,10057795,2022NL5400194,2022,W,126417,,,1,29,,d ,,,,,MN1 ,1305,,,,,,,,126417,Clupea harengus
CA,I5034 ,2,NL,64T2 ,MRN2 ,,,,10057795,2022NL5400194,2022,W,126417,,,1,30,,d ,,,,,MN1 ,1306,,,,,,,,126417,Clupea harengus
CA,I5034 ,2,NL,64T2 ,MRN2 ,,,,10057795,2022NL5400194,2022,W,126417,,,1,31,,d ,,,,,MN1 ,1307,,,,,,,,126417,Clupea harengus
CA,I5034 ,2,NL,64T2 ,MRN2 ,,,,10057795,2022NL5400194,2022,W,126417,,,1,32,,d ,,,,,MN1 ,1308,,,,,,,,126417,Clupea harengus
CA,I5034 ,2,NL,64T2 ,MRN2 ,,,,10057795,2022NL5400194,2022,W,126417,,,1,0,,c ,,,,,MN1 ,1309,,,,,,,,126417,Clupea harengus
CA,I5034 ,2,NL,64T2 ,MRN2 ,,,,10057796,2022NL5400195,2022,W,126417,,,1,25,,d ,,,,,MN1 ,1310,,,,,,,,126417,Clupea harengus
CA,I5034 ,2,NL,64T2 ,MRN2 ,,,,10057796,2022NL5400195,2022,W,126417,,,1,27,,d ,,,,,MN1 ,1311,,,,,,,,126417,Clupea harengus
CA,I5034 ,2,NL,64T2 ,MRN2 ,,,,10057796,2022NL5400195,2022,W,126417,,,1,28,,d ,,,,,MN1 ,1312,,,,,,,,126417,Clupea harengus
CA,I5034 ,2,NL,64T2 ,MRN2 ,,,,10057796,2022NL5400195,2022,W,126417,,,1,29,,d ,,,,,MN1 ,1313,,,,,,,,126417,Clupea harengus
CA,I5034 ,2,NL,64T2 ,MRN2 ,,,,10057796,2022NL5400195,2022,W,126417,,,1,30,,d ,,,,,MN1 ,1314,,,,,,,,126417,Clupea harengus
CA,I5034 ,2,NL,64T2 ,MRN2 ,,,,10057796,2022NL5400195,2022,W,126417,,,1,0,,c ,,,,,MN1 ,1315,,,,,,,,126417,Clupea harengus
CA,I5034 ,2,NL,64T2 ,MRN2 ,,,,10057797,2022NL5400196,2022,W,126417,,,1,29,,d ,,,,,MN1 ,1316,,,,,,,,126417,Clupea harengus
CA,I5034 ,2,NL,64T2 ,MRN2 ,,,,10057797,2022NL5400196,2022,W,126417,,,1,33,,d ,,,,,MN1 ,1317,,,,,,,,126417,Clupea harengus
CA,I5034 ,2,NL,64T2 ,MRN2 ,,,,10057797,2022NL5400196,2022,W,126417,,,1,34,,d ,,,,,MN1 ,1318,,,,,,,,126417,Clupea harengus
CA,I5034 ,2,NL,64T2 ,MRN2 ,,,,10057797,2022NL5400196,2022,W,126417,,,1,0,,c ,,,,,MN1 ,1319,,,,,,,,126417,Clupea harengus
CA,I5034 ,2,NL,64T2 ,MRN2 ,,,,10057798,2022NL5400197,2022,W,126417,,,1,35,,d ,,,,,MN1 ,1320,,,,,,,,126417,Clupea harengus
CA,I5034 ,2,NL,64T2 ,MRN2 ,,,,10057799,2022NL5400198,2022,W,126417,,,1,0,,c ,,,,,MN1 ,1321,,,,,,,,126417,Clupea harengus
CA,I5034 ,2,NL,64T2 ,MRN2 ,,,,10057803,2022NL5400202,2022,W,126417,,,1,0,,c ,,,,,MN1 ,1322,,,,,,,,126417,Clupea harengus
CA,I5034 ,2,NL,64T2 ,MRN2 ,,,,10057805,2022NL5400204,2022,W,126417,,,1,0,,c ,,,,,MN1 ,1323,,,,,,,,126417,Clupea harengus
CA,I5034 ,2,NL,64T2 ,MRN2 ,,,,10057807,2022NL5400206,2022,W,126417,,,1,0,,c ,,,,,MN1 ,1324,,,,,,,,126417,Clupea harengus
CA,I5034 ,2,NL,64T2 ,MRN2 ,,,,10057808,2022NL5400207,2022,W,126417,,,1,0,,c ,,,,,MN1 ,1325,,,,,,,,126417,Clupea harengus
CA,I5034 ,2,NL,64T2 ,MRN2 ,,,,10057809,2022NL5400208,2022,W,126417,,,1,0,,c ,,,,,MN1 ,1326,,,,,,,,126417,Clupea harengus
CA,I5034 ,2,NL,64T2 ,MRN2 ,,,,10057811,2022NL5400210,2022,W,126417,,,1,25,,d ,,,,,MN1 ,1327,,,,,,,,126417,Clupea harengus
CA,I5034 ,2,NL,64T2 ,MRN2 ,,,,10057811,2022NL5400210,2022,W,126417,,,1,26,,d ,,,,,MN1 ,1328,,,,,,,,126417,Clupea harengus
CA,I5034 ,2,NL,64T2 ,MRN2 ,,,,10057811,2022NL5400210,2022,W,126417,,,1,27,,d ,,,,,MN1 ,1329,,,,,,,,126417,Clupea harengus
CA,I5034 ,2,NL,64T2 ,MRN2 ,,,,10057811,2022NL5400210,2022,W,126417,,,1,28,,d ,,,,,MN1 ,1330,,,,,,,,126417,Clupea harengus
CA,I5034 ,2,NL,64T2 ,MRN2 ,,,,10057811,2022NL5400210,2022,W,126417,,,1,29,,d ,,,,,MN1 ,1331,,,,,,,,126417,Clupea harengus
CA,I5034 ,2,NL,64T2 ,MRN2 ,,,,10057811,2022NL5400210,2022,W,126417,,,1,30,,d ,,,,,MN1 ,1332,,,,,,,,126417,Clupea harengus
CA,I5034 ,2,NL,64T2 ,MRN2 ,,,,10057811,2022NL5400210,2022,W,126417,,,1,31,,d ,,,,,MN1 ,1333,,,,,,,,126417,Clupea harengus
CA,I5034 ,2,NL,64T2 ,MRN2 ,,,,10057811,2022NL5400210,2022,W,126417,,,1,32,,d ,,,,,MN1 ,1334,,,,,,,,126417,Clupea harengus
CA,I5034 ,2,NL,64T2 ,MRN2 ,,,,10057811,2022NL5400210,2022,W,126417,,,1,33,,d ,,,,,MN1 ,1335,,,,,,,,126417,Clupea harengus
CA,I5034 ,2,NL,64T2 ,MRN2 ,,,,10057811,2022NL5400210,2022,W,126417,,,1,34,,d ,,,,,MN1 ,1336,,,,,,,,126417,Clupea harengus
CA,I5034 ,2,NL,64T2 ,MRN2 ,,,,10057811,2022NL5400210,2022,W,126417,,,1,35,,d ,,,,,MN1 ,1337,,,,,,,,126417,Clupea harengus
CA,I5034 ,2,NL,64T2 ,MRN2 ,,,,10057811,2022NL5400210,2022,W,126417,,,1,36,,d ,,,,,MN1 ,1338,,,,,,,,126417,Clupea harengus
CA,I5034 ,2,NL,64T2 ,MRN2 ,,,,10057811,2022NL5400210,2022,W,126417,,,1,37,,d ,,,,,MN1 ,1339,,,,,,,,126417,Clupea harengus
CA,I5034 ,2,NL,64T2 ,MRN2 ,,,,10057812,2022NL5400211,2022,W,126417,,,1,22,,d ,,,,,MN1 ,1340,,,,,,,,126417,Clupea harengus
CA,I5034 ,2,NL,64T2 ,MRN2 ,,,,10057812,2022NL5400211,2022,W,126417,,,1,23,,d ,,,,,MN1 ,1341,,,,,,,,126417,Clupea harengus
CA,I5034 ,2,NL,64T2 ,MRN2 ,,,,10057812,2022NL5400211,2022,W,126417,,,1,24,,d ,,,,,MN1 ,1342,,,,,,,,126417,Clupea harengus
CA,I5034 ,2,NL,64T2 ,MRN2 ,,,,10057812,2022NL5400211,2022,W,126417,,,1,25,,d ,,,,,MN1 ,1343,,,,,,,,126417,Clupea harengus
CA,I5034 ,2,NL,64T2 ,MRN2 ,,,,10057812,2022NL5400211,2022,W,126417,,,1,26,,d ,,,,,MN1 ,1344,,,,,,,,126417,Clupea harengus
CA,I5034 ,2,NL,64T2 ,MRN2 ,,,,10057812,2022NL5400211,2022,W,126417,,,1,28,,d ,,,,,MN1 ,1345,,,,,,,,126417,Clupea harengus
CA,I5034 ,2,NL,64T2 ,MRN2 ,,,,10057812,2022NL5400211,2022,W,126417,,,1,29,,d ,,,,,MN1 ,1346,,,,,,,,126417,Clupea harengus
CA,I5034 ,2,NL,64T2 ,MRN2 ,,,,10057812,2022NL5400211,2022,W,126417,,,1,30,,d ,,,,,MN1 ,1347,,,,,,,,126417,Clupea harengus
CA,I5034 ,2,NL,64T2 ,MRN2 ,,,,10057812,2022NL5400211,2022,W,126417,,,1,32,,d ,,,,,MN1 ,1348,,,,,,,,126417,Clupea harengus
CA,I5034 ,2,NL,64T2 ,MRN2 ,,,,10057812,2022NL5400211,2022,W,126417,,,1,33,,d ,,,,,MN1 ,1349,,,,,,,,126417,Clupea harengus
CA,I5034 ,2,NL,64T2 ,MRN2 ,,,,10057813,2022NL5400212,2022,W,126417,,,1,22,,d ,,,,,MN1 ,1350,,,,,,,,126417,Clupea harengus
CA,I5034 ,2,NL,64T2 ,MRN2 ,,,,10057813,2022NL5400212,2022,W,126417,,,1,24,,d ,,,,,MN1 ,1351,,,,,,,,126417,Clupea harengus
CA,I5034 ,2,NL,64T2 ,MRN2 ,,,,10057813,2022NL5400212,2022,W,126417,,,1,25,,d ,,,,,MN1 ,1352,,,,,,,,126417,Clupea harengus
CA,I5034 ,2,NL,64T2 ,MRN2 ,,,,10057813,2022NL5400212,2022,W,126417,,,1,26,,d ,,,,,MN1 ,1353,,,,,,,,126417,Clupea harengus
CA,I5034 ,2,NL,64T2 ,MRN2 ,,,,10057813,2022NL5400212,2022,W,126417,,,1,27,,d ,,,,,MN1 ,1354,,,,,,,,126417,Clupea harengus
CA,I5034 ,2,NL,64T2 ,MRN2 ,,,,10057813,2022NL5400212,2022,W,126417,,,1,28,,d ,,,,,MN1 ,1355,,,,,,,,126417,Clupea harengus
CA,I5034 ,2,NL,64T2 ,MRN2 ,,,,10057813,2022NL5400212,2022,W,126417,,,1,29,,d ,,,,,MN1 ,1356,,,,,,,,126417,Clupea harengus
CA,I5034 ,2,NL,64T2 ,MRN2 ,,,,10057813,2022NL5400212,2022,W,126417,,,1,30,,d ,,,,,MN1 ,1357,,,,,,,,126417,Clupea harengus
CA,I5034 ,2,NL,64T2 ,MRN2 ,,,,10057813,2022NL5400212,2022,W,126417,,,1,31,,d ,,,,,MN1 ,1358,,,,,,,,126417,Clupea harengus
CA,I5034 ,2,NL,64T2 ,MRN2 ,,,,10057813,2022NL5400212,2022,W,126417,,,1,32,,d ,,,,,MN1 ,1359,,,,,,,,126417,Clupea harengus
CA,I5034 ,2,NL,64T2 ,MRN2 ,,,,10057813,2022NL5400212,2022,W,126417,,,1,33,,d ,,,,,MN1 ,1360,,,,,,,,126417,Clupea harengus
CA,I5034 ,2,NL,64T2 ,MRN2 ,,,,10057813,2022NL5400212,2022,W,126417,,,1,34,,d ,,,,,MN1 ,1361,,,,,,,,126417,Clupea harengus
CA,I5034 ,2,NL,64T2 ,MRN2 ,,,,10057813,2022NL5400212,2022,W,126417,,,1,35,,d ,,,,,MN1 ,1362,,,,,,,,126417,Clupea harengus
CA,I5034 ,2,NL,64T2 ,MRN2 ,,,,10057814,2022NL5400213,2022,W,126417,,,1,17,,d ,,,,,MN1 ,1363,,,,,,,,126417,Clupea harengus
CA,I5034 ,2,NL,64T2 ,MRN2 ,,,,10057814,2022NL5400213,2022,W,126417,,,1,20,,d ,,,,,MN1 ,1364,,,,,,,,126417,Clupea harengus
CA,I5034 ,2,NL,64T2 ,MRN2 ,,,,10057814,2022NL5400213,2022,W,126417,,,1,22,,d ,,,,,MN1 ,1365,,,,,,,,126417,Clupea harengus
CA,I5034 ,2,NL,64T2 ,MRN2 ,,,,10057814,2022NL5400213,2022,W,126417,,,1,23,,d ,,,,,MN1 ,1366,,,,,,,,126417,Clupea harengus
CA,I5034 ,2,NL,64T2 ,MRN2 ,,,,10057814,2022NL5400213,2022,W,126417,,,1,24,,d ,,,,,MN1 ,1367,,,,,,,,126417,Clupea harengus
CA,I5034 ,2,NL,64T2 ,MRN2 ,,,,10057814,2022NL5400213,2022,W,126417,,,1,25,,d ,,,,,MN1 ,1368,,,,,,,,126417,Clupea harengus
CA,I5034 ,2,NL,64T2 ,MRN2 ,,,,10057814,2022NL5400213,2022,W,126417,,,1,26,,d ,,,,,MN1 ,1369,,,,,,,,126417,Clupea harengus
CA,I5034 ,2,NL,64T2 ,MRN2 ,,,,10057814,2022NL5400213,2022,W,126417,,,1,27,,d ,,,,,MN1 ,1370,,,,,,,,126417,Clupea harengus
CA,I5034 ,2,NL,64T2 ,MRN2 ,,,,10057814,2022NL5400213,2022,W,126417,,,1,28,,d ,,,,,MN1 ,1371,,,,,,,,126417,Clupea harengus
CA,I5034 ,2,NL,64T2 ,MRN2 ,,,,10057814,2022NL5400213,2022,W,126417,,,1,29,,d ,,,,,MN1 ,1372,,,,,,,,126417,Clupea harengus
CA,I5034 ,2,NL,64T2 ,MRN2 ,,,,10057814,2022NL5400213,2022,W,126417,,,1,30,,d ,,,,,MN1 ,1373,,,,,,,,126417,Clupea harengus
CA,I5034 ,2,NL,64T2 ,MRN2 ,,,,10057814,2022NL5400213,2022,W,126417,,,1,0,,c ,,,,,MN1 ,1374,,,,,,,,126417,Clupea harengus
CA,I5034 ,2,NL,64T2 ,MRN2 ,,,,10057815,2022NL5400214,2022,W,126417,,,1,21,,d ,,,,,MN1 ,1375,,,,,,,,126417,Clupea harengus
CA,I5034 ,2,NL,64T2 ,MRN2 ,,,,10057815,2022NL5400214,2022,W,126417,,,1,24,,d ,,,,,MN1 ,1376,,,,,,,,126417,Clupea harengus
CA,I5034 ,2,NL,64T2 ,MRN2 ,,,,10057815,2022NL5400214,2022,W,126417,,,1,25,,d ,,,,,MN1 ,1377,,,,,,,,126417,Clupea harengus
CA,I5034 ,2,NL,64T2 ,MRN2 ,,,,10057815,2022NL5400214,2022,W,126417,,,1,26,,d ,,,,,MN1 ,1378,,,,,,,,126417,Clupea harengus
CA,I5034 ,2,NL,64T2 ,MRN2 ,,,,10057815,2022NL5400214,2022,W,126417,,,1,27,,d ,,,,,MN1 ,1379,,,,,,,,126417,Clupea harengus
CA,I5034 ,2,NL,64T2 ,MRN2 ,,,,10057815,2022NL5400214,2022,W,126417,,,1,28,,d ,,,,,MN1 ,1380,,,,,,,,126417,Clupea harengus
CA,I5034 ,2,NL,64T2 ,MRN2 ,,,,10057815,2022NL5400214,2022,W,126417,,,1,29,,d ,,,,,MN1 ,1381,,,,,,,,126417,Clupea harengus
CA,I5034 ,2,NL,64T2 ,MRN2 ,,,,10057815,2022NL5400214,2022,W,126417,,,1,30,,d ,,,,,MN1 ,1382,,,,,,,,126417,Clupea harengus
CA,I5034 ,2,NL,64T2 ,MRN2 ,,,,10057815,2022NL5400214,2022,W,126417,,,1,31,,d ,,,,,MN1 ,1383,,,,,,,,126417,Clupea harengus
CA,I5034 ,2,NL,64T2 ,MRN2 ,,,,10057815,2022NL5400214,2022,W,126417,,,1,32,,d ,,,,,MN1 ,1384,,,,,,,,126417,Clupea harengus
CA,I5034 ,2,NL,64T2 ,MRN2 ,,,,10057815,2022NL5400214,2022,W,126417,,,1,34,,d ,,,,,MN1 ,1385,,,,,,,,126417,Clupea harengus
CA,I5034 ,2,NL,64T2 ,MRN2 ,,,,10057758,2022NL5400215,2022,W,126417,,,1,24,,d ,,,,,MN1 ,1386,,,,,,,,126417,Clupea harengus
CA,I5034 ,2,NL,64T2 ,MRN2 ,,,,10057758,2022NL5400215,2022,W,126417,,,1,25,,d ,,,,,MN1 ,1387,,,,,,,,126417,Clupea harengus
CA,I5034 ,2,NL,64T2 ,MRN2 ,,,,10057758,2022NL5400215,2022,W,126417,,,1,26,,d ,,,,,MN1 ,1388,,,,,,,,126417,Clupea harengus
CA,I5034 ,2,NL,64T2 ,MRN2 ,,,,10057758,2022NL5400215,2022,W,126417,,,1,28,,d ,,,,,MN1 ,1389,,,,,,,,126417,Clupea harengus
CA,I5034 ,2,NL,64T2 ,MRN2 ,,,,10057758,2022NL5400215,2022,W,126417,,,1,29,,d ,,,,,MN1 ,1390,,,,,,,,126417,Clupea harengus
CA,I5034 ,2,NL,64T2 ,MRN2 ,,,,10057758,2022NL5400215,2022,W,126417,,,1,0,,c ,,,,,MN1 ,1391,,,,,,,,126417,Clupea harengus
CA,I5034 ,2,NL,64T2 ,MRN2 ,,,,10093670,2023NL5400055,2023,W,126417,,,1,,,d ,,,,,MN1 ,1392,,,,,,,,126417,Clupea harengus
CA,I5034 ,2,NL,64T2 ,MRN2 ,,,,10093672,2023NL5400057,2023,W,126417,,,1,22,,d ,,,,,MN1 ,1393,,,,,,,,126417,Clupea harengus
CA,I5034 ,2,NL,64T2 ,MRN2 ,,,,10093672,2023NL5400057,2023,W,126417,,,1,24,,d ,,,,,MN1 ,1394,,,,,,,,126417,Clupea harengus
CA,I5034 ,2,NL,64T2 ,MRN2 ,,,,10093672,2023NL5400057,2023,W,126417,,,1,25,,d ,,,,,MN1 ,1395,,,,,,,,126417,Clupea harengus
CA,I5034 ,2,NL,64T2 ,MRN2 ,,,,10093672,2023NL5400057,2023,W,126417,,,1,26,,d ,,,,,MN1 ,1396,,,,,,,,126417,Clupea harengus
CA,I5034 ,2,NL,64T2 ,MRN2 ,,,,10093672,2023NL5400057,2023,W,126417,,,1,27,,d ,,,,,MN1 ,1397,,,,,,,,126417,Clupea harengus
CA,I5034 ,2,NL,64T2 ,MRN2 ,,,,10093672,2023NL5400057,2023,W,126417,,,1,28,,d ,,,,,MN1 ,1398,,,,,,,,126417,Clupea harengus
CA,I5034 ,2,NL,64T2 ,MRN2 ,,,,10093672,2023NL5400057,2023,W,126417,,,1,29,,d ,,,,,MN1 ,1399,,,,,,,,126417,Clupea harengus
CA,I5034 ,2,NL,64T2 ,MRN2 ,,,,10093672,2023NL5400057,2023,W,126417,,,1,33,,d ,,,,,MN1 ,1400,,,,,,,,126417,Clupea harengus
CA,I5034 ,2,NL,64T2 ,MRN2 ,,,,10093672,2023NL5400057,2023,W,126417,,,1,34,,d ,,,,,MN1 ,1401,,,,,,,,126417,Clupea harengus
CA,I5034 ,2,NL,64T2 ,MRN2 ,,,,10093672,2023NL5400057,2023,W,126417,,,1,37,,d ,,,,,MN1 ,1402,,,,,,,,126417,Clupea harengus
CA,I5034 ,2,NL,64T2 ,MRN2 ,,,,10093673,2023NL5400058,2023,W,126417,,,1,21,,d ,,,,,MN1 ,1403,,,,,,,,126417,Clupea harengus
CA,I5034 ,2,NL,64T2 ,MRN2 ,,,,10093673,2023NL5400058,2023,W,126417,,,1,22,,d ,,,,,MN1 ,1404,,,,,,,,126417,Clupea harengus
CA,I5034 ,2,NL,64T2 ,MRN2 ,,,,10093673,2023NL5400058,2023,W,126417,,,1,23,,d ,,,,,MN1 ,1405,,,,,,,,126417,Clupea harengus
CA,I5034 ,2,NL,64T2 ,MRN2 ,,,,10093673,2023NL5400058,2023,W,126417,,,1,26,,d ,,,,,MN1 ,1406,,,,,,,,126417,Clupea harengus
CA,I5034 ,2,NL,64T2 ,MRN2 ,,,,10093818,2023NL5400059,2023,W,126417,,,1,18,,d ,,,,,MN1 ,1407,,,,,,,,126417,Clupea harengus
CA,I5034 ,2,NL,64T2 ,MRN2 ,,,,10093818,2023NL5400059,2023,W,126417,,,1,19,,d ,,,,,MN1 ,1408,,,,,,,,126417,Clupea harengus
CA,I5034 ,2,NL,64T2 ,MRN2 ,,,,10093818,2023NL5400059,2023,W,126417,,,1,22,,d ,,,,,MN1 ,1409,,,,,,,,126417,Clupea harengus
CA,I5034 ,2,NL,64T2 ,MRN2 ,,,,10093818,2023NL5400059,2023,W,126417,,,1,23,,d ,,,,,MN1 ,1410,,,,,,,,126417,Clupea harengus
CA,I5034 ,2,NL,64T2 ,MRN2 ,,,,10093818,2023NL5400059,2023,W,126417,,,1,24,,d ,,,,,MN1 ,1411,,,,,,,,126417,Clupea harengus
CA,I5034 ,2,NL,64T2 ,MRN2 ,,,,10093818,2023NL5400059,2023,W,126417,,,1,25,,d ,,,,,MN1 ,1412,,,,,,,,126417,Clupea harengus
CA,I5034 ,2,NL,64T2 ,MRN2 ,,,,10093818,2023NL5400059,2023,W,126417,,,1,26,,d ,,,,,MN1 ,1413,,,,,,,,126417,Clupea harengus
CA,I5034 ,2,NL,64T2 ,MRN2 ,,,,10093818,2023NL5400059,2023,W,126417,,,1,28,,d ,,,,,MN1 ,1414,,,,,,,,126417,Clupea harengus
CA,I5034 ,2,NL,64T2 ,MRN2 ,,,,10093818,2023NL5400059,2023,W,126417,,,1,30,,d ,,,,,MN1 ,1415,,,,,,,,126417,Clupea harengus
CA,I5034 ,2,NL,64T2 ,MRN2 ,,,,10093818,2023NL5400059,2023,W,126417,,,1,33,,d ,,,,,MN1 ,1416,,,,,,,,126417,Clupea harengus
CA,I5034 ,2,NL,64T2 ,MRN2 ,,,,10093818,2023NL5400059,2023,W,126417,,,1,35,,d ,,,,,MN1 ,1417,,,,,,,,126417,Clupea harengus
CA,I5034 ,2,NL,64T2 ,MRN2 ,,,,10093818,2023NL5400059,2023,W,126417,,,1,38,,d ,,,,,MN1 ,1418,,,,,,,,126417,Clupea harengus
CA,I5034 ,2,NL,64T2 ,MRN2 ,,,,10093817,2023NL5400060,2023,W,126417,,,1,16,,d ,,,,,MN1 ,1419,,,,,,,,126417,Clupea harengus
CA,I5034 ,2,NL,64T2 ,MRN2 ,,,,10093817,2023NL5400060,2023,W,126417,,,1,18,,d ,,,,,MN1 ,1420,,,,,,,,126417,Clupea harengus
CA,I5034 ,2,NL,64T2 ,MRN2 ,,,,10093817,2023NL5400060,2023,W,126417,,,1,20,,d ,,,,,MN1 ,1421,,,,,,,,126417,Clupea harengus
CA,I5034 ,2,NL,64T2 ,MRN2 ,,,,10093817,2023NL5400060,2023,W,126417,,,1,21,,d ,,,,,MN1 ,1422,,,,,,,,126417,Clupea harengus
CA,I5034 ,2,NL,64T2 ,MRN2 ,,,,10093817,2023NL5400060,2023,W,126417,,,1,22,,d ,,,,,MN1 ,1423,,,,,,,,126417,Clupea harengus
CA,I5034 ,2,NL,64T2 ,MRN2 ,,,,10093817,2023NL5400060,2023,W,126417,,,1,23,,d ,,,,,MN1 ,1424,,,,,,,,126417,Clupea harengus
CA,I5034 ,2,NL,64T2 ,MRN2 ,,,,10093817,2023NL5400060,2023,W,126417,,,1,24,,d ,,,,,MN1 ,1425,,,,,,,,126417,Clupea harengus
CA,I5034 ,2,NL,64T2 ,MRN2 ,,,,10093817,2023NL5400060,2023,W,126417,,,1,25,,d ,,,,,MN1 ,1426,,,,,,,,126417,Clupea harengus
CA,I5034 ,2,NL,64T2 ,MRN2 ,,,,10093817,2023NL5400060,2023,W,126417,,,1,26,,d ,,,,,MN1 ,1427,,,,,,,,126417,Clupea harengus
CA,I5034 ,2,NL,64T2 ,MRN2 ,,,,10093817,2023NL5400060,2023,W,126417,,,1,27,,d ,,,,,MN1 ,1428,,,,,,,,126417,Clupea harengus
CA,I5034 ,2,NL,64T2 ,MRN2 ,,,,10093817,2023NL5400060,2023,W,126417,,,1,28,,d ,,,,,MN1 ,1429,,,,,,,,126417,Clupea harengus
CA,I5034 ,2,NL,64T2 ,MRN2 ,,,,10093817,2023NL5400060,2023,W,126417,,,1,29,,d ,,,,,MN1 ,1430,,,,,,,,126417,Clupea harengus
CA,I5034 ,2,NL,64T2 ,MRN2 ,,,,10093817,2023NL5400060,2023,W,126417,,,1,30,,d ,,,,,MN1 ,1431,,,,,,,,126417,Clupea harengus
CA,I5034 ,2,NL,64T2 ,MRN2 ,,,,10093817,2023NL5400060,2023,W,126417,,,1,18,,d ,,,,,MN1 ,1432,,,,,,,,126417,Clupea harengus
CA,I5034 ,2,NL,64T2 ,MRN2 ,,,,10093817,2023NL5400060,2023,W,126417,,,1,20,,d ,,,,,MN1 ,1433,,,,,,,,126417,Clupea harengus
CA,I5034 ,2,NL,64T2 ,MRN2 ,,,,10093817,2023NL5400060,2023,W,126417,,,1,21,,d ,,,,,MN1 ,1434,,,,,,,,126417,Clupea harengus
CA,I5034 ,2,NL,64T2 ,MRN2 ,,,,10093817,2023NL5400060,2023,W,126417,,,1,22,,d ,,,,,MN1 ,1435,,,,,,,,126417,Clupea harengus
CA,I5034 ,2,NL,64T2 ,MRN2 ,,,,10093817,2023NL5400060,2023,W,126417,,,1,26,,d ,,,,,MN1 ,1436,,,,,,,,126417,Clupea harengus
CA,I5034 ,2,NL,64T2 ,MRN2 ,,,,10093816,2023NL5400061,2023,W,126417,,,1,16,,d ,,,,,MN1 ,1437,,,,,,,,126417,Clupea harengus
CA,I5034 ,2,NL,64T2 ,MRN2 ,,,,10093816,2023NL5400061,2023,W,126417,,,1,24,,d ,,,,,MN1 ,1438,,,,,,,,126417,Clupea harengus
CA,I5034 ,2,NL,64T2 ,MRN2 ,,,,10093816,2023NL5400061,2023,W,126417,,,1,29,,d ,,,,,MN1 ,1439,,,,,,,,126417,Clupea harengus
CA,I5034 ,2,NL,64T2 ,MRN2 ,,,,10093677,2023NL5400062,2023,W,126417,,,1,28,,d ,,,,,MN1 ,1440,,,,,,,,126417,Clupea harengus
CA,I5034 ,2,NL,64T2 ,MRN2 ,,,,10093682,2023NL5400067,2023,W,126417,,,1,28,,d ,,,,,MN1 ,1441,,,,,,,,126417,Clupea harengus
CA,I5034 ,2,NL,64T2 ,MRN2 ,,,,10093683,2023NL5400068,2023,W,126417,,,1,30,,d ,,,,,MN1 ,1442,,,,,,,,126417,Clupea harengus
CA,I5034 ,2,NL,64T2 ,MRN2 ,,,,10093683,2023NL5400068,2023,W,126417,,,1,39,,d ,,,,,MN1 ,1443,,,,,,,,126417,Clupea harengus
CA,I5034 ,2,NL,64T2 ,MRN2 ,,,,10093685,2023NL5400070,2023,W,126417,,,1,29,,d ,,,,,MN1 ,1444,,,,,,,,126417,Clupea harengus
CA,I5034 ,2,NL,64T2 ,MRN2 ,,,,10093815,2023NL5400071,2023,W,126417,,,1,27,,d ,,,,,MN1 ,1445,,,,,,,,126417,Clupea harengus
CA,I5034 ,2,NL,64T2 ,MRN2 ,,,,10093815,2023NL5400071,2023,W,126417,,,1,32,,d ,,,,,MN1 ,1446,,,,,,,,126417,Clupea harengus
CA,I5034 ,2,NL,64T2 ,MRN2 ,,,,10093815,2023NL5400071,2023,W,126417,,,1,33,,d ,,,,,MN1 ,1447,,,,,,,,126417,Clupea harengus
CA,I5034 ,2,NL,64T2 ,MRN2 ,,,,10093815,2023NL5400071,2023,W,126417,,,1,34,,d ,,,,,MN1 ,1448,,,,,,,,126417,Clupea harengus
CA,I5034 ,2,NL,64T2 ,MRN2 ,,,,10093815,2023NL5400071,2023,W,126417,,,1,35,,d ,,,,,MN1 ,1449,,,,,,,,126417,Clupea harengus
CA,I5034 ,2,NL,64T2 ,MRN2 ,,,,10093815,2023NL5400071,2023,W,126417,,,1,36,,d ,,,,,MN1 ,1450,,,,,,,,126417,Clupea harengus
CA,I5034 ,2,NL,64T2 ,MRN2 ,,,,10093687,2023NL5400072,2023,W,126417,,,1,21,,d ,,,,,MN1 ,1451,,,,,,,,126417,Clupea harengus
CA,I5034 ,2,NL,64T2 ,MRN2 ,,,,10093687,2023NL5400072,2023,W,126417,,,1,24,,d ,,,,,MN1 ,1452,,,,,,,,126417,Clupea harengus
CA,I5034 ,2,NL,64T2 ,MRN2 ,,,,10093687,2023NL5400072,2023,W,126417,,,1,27,,d ,,,,,MN1 ,1453,,,,,,,,126417,Clupea harengus
CA,I5034 ,2,NL,64T2 ,MRN2 ,,,,10093687,2023NL5400072,2023,W,126417,,,1,29,,d ,,,,,MN1 ,1454,,,,,,,,126417,Clupea harengus
CA,I5034 ,2,NL,64T2 ,MRN2 ,,,,10093687,2023NL5400072,2023,W,126417,,,1,34,,d ,,,,,MN1 ,1455,,,,,,,,126417,Clupea harengus
CA,I5034 ,2,NL,64T2 ,MRN2 ,,,,10093687,2023NL5400072,2023,W,126417,,,1,36,,d ,,,,,MN1 ,1456,,,,,,,,126417,Clupea harengus
CA,I5034 ,2,NL,64T2 ,MRN2 ,,,,10093687,2023NL5400072,2023,W,126417,,,1,37,,d ,,,,,MN1 ,1457,,,,,,,,126417,Clupea harengus
CA,I5034 ,2,NL,64T2 ,MRN2 ,,,,10093687,2023NL5400072,2023,W,126417,,,1,39,,d ,,,,,MN1 ,1458,,,,,,,,126417,Clupea harengus
CA,I5034 ,2,NL,64T2 ,MRN2 ,,,,10093687,2023NL5400072,2023,W,126417,,,1,40,,d ,,,,,MN1 ,1459,,,,,,,,126417,Clupea harengus
CA,I5034 ,2,NL,64T2 ,MRN2 ,,,,10093687,2023NL5400072,2023,W,126417,,,1,41,,d ,,,,,MN1 ,1460,,,,,,,,126417,Clupea harengus
CA,I5034 ,2,NL,64T2 ,MRN2 ,,,,10093687,2023NL5400072,2023,W,126417,,,1,43,,d ,,,,,MN1 ,1461,,,,,,,,126417,Clupea harengus
CA,I5034 ,2,NL,64T2 ,MRN2 ,,,,10093687,2023NL5400072,2023,W,126417,,,1,44,,d ,,,,,MN1 ,1462,,,,,,,,126417,Clupea harengus
CA,I5034 ,2,NL,64T2 ,MRN2 ,,,,10093687,2023NL5400072,2023,W,126417,,,1,45,,d ,,,,,MN1 ,1463,,,,,,,,126417,Clupea harengus
CA,I5034 ,2,NL,64T2 ,MRN2 ,,,,10093688,2023NL5400073,2023,W,126417,,,1,25,,d ,,,,,MN1 ,1464,,,,,,,,126417,Clupea harengus
CA,I5034 ,2,NL,64T2 ,MRN2 ,,,,10093688,2023NL5400073,2023,W,126417,,,1,32,,d ,,,,,MN1 ,1465,,,,,,,,126417,Clupea harengus
CA,I5034 ,2,NL,64T2 ,MRN2 ,,,,10093688,2023NL5400073,2023,W,126417,,,1,33,,d ,,,,,MN1 ,1466,,,,,,,,126417,Clupea harengus
CA,I5034 ,2,NL,64T2 ,MRN2 ,,,,10093688,2023NL5400073,2023,W,126417,,,1,34,,d ,,,,,MN1 ,1467,,,,,,,,126417,Clupea harengus
CA,I5034 ,2,NL,64T2 ,MRN2 ,,,,10093688,2023NL5400073,2023,W,126417,,,1,35,,d ,,,,,MN1 ,1468,,,,,,,,126417,Clupea harengus
CA,I5034 ,2,NL,64T2 ,MRN2 ,,,,10093688,2023NL5400073,2023,W,126417,,,1,36,,d ,,,,,MN1 ,1469,,,,,,,,126417,Clupea harengus
CA,I5034 ,2,NL,64T2 ,MRN2 ,,,,10093689,2023NL5400074,2023,W,126417,,,1,40,,d ,,,,,MN1 ,1470,,,,,,,,126417,Clupea harengus
CA,I5034 ,2,NL,64T2 ,MRN2 ,,,,10093690,2023NL5400075,2023,W,126417,,,1,7,,c ,,,,,MN1 ,1471,,,,,,,,126417,Clupea harengus
CA,I5034 ,2,NL,64T2 ,MRN2 ,,,,10093690,2023NL5400075,2023,W,126417,,,1,16,,d ,,,,,MN1 ,1472,,,,,,,,126417,Clupea harengus
CA,I5034 ,2,NL,64T2 ,MRN2 ,,,,10093690,2023NL5400075,2023,W,126417,,,1,17,,d ,,,,,MN1 ,1473,,,,,,,,126417,Clupea harengus
CA,I5034 ,2,NL,64T2 ,MRN2 ,,,,10093690,2023NL5400075,2023,W,126417,,,1,18,,d ,,,,,MN1 ,1474,,,,,,,,126417,Clupea harengus
CA,I5034 ,2,NL,64T2 ,MRN2 ,,,,10093814,2023NL5400076,2023,W,126417,,,1,30,,d ,,,,,MN1 ,1475,,,,,,,,126417,Clupea harengus
CA,I5034 ,2,NL,64T2 ,MRN2 ,,,,10093692,2023NL5400077,2023,W,126417,,,1,30,,d ,,,,,MN1 ,1476,,,,,,,,126417,Clupea harengus
CA,I5034 ,2,NL,64T2 ,MRN2 ,,,,10093692,2023NL5400077,2023,W,126417,,,1,31,,d ,,,,,MN1 ,1477,,,,,,,,126417,Clupea harengus
CA,I5034 ,2,NL,64T2 ,MRN2 ,,,,10093692,2023NL5400077,2023,W,126417,,,1,32,,d ,,,,,MN1 ,1478,,,,,,,,126417,Clupea harengus
CA,I5034 ,2,NL,64T2 ,MRN2 ,,,,10093692,2023NL5400077,2023,W,126417,,,1,34,,d ,,,,,MN1 ,1479,,,,,,,,126417,Clupea harengus
CA,I5034 ,2,NL,64T2 ,MRN2 ,,,,10093694,2023NL5400079,2023,W,126417,,,1,,,d ,,,,,MN1 ,1480,,,,,,,,126417,Clupea harengus
CA,I5034 ,2,NL,64T2 ,MRN2 ,,,,10093695,2023NL5400080,2023,W,126417,,,1,20,,d ,,,,,MN1 ,1481,,,,,,,,126417,Clupea harengus
CA,I5034 ,2,NL,64T2 ,MRN2 ,,,,10093695,2023NL5400080,2023,W,126417,,,1,22,,d ,,,,,MN1 ,1482,,,,,,,,126417,Clupea harengus
CA,I5034 ,2,NL,64T2 ,MRN2 ,,,,10093695,2023NL5400080,2023,W,126417,,,1,30,,d ,,,,,MN1 ,1483,,,,,,,,126417,Clupea harengus
CA,I5034 ,2,NL,64T2 ,MRN2 ,,,,10093695,2023NL5400080,2023,W,126417,,,1,34,,d ,,,,,MN1 ,1484,,,,,,,,126417,Clupea harengus
CA,I5034 ,2,NL,64T2 ,MRN2 ,,,,10093695,2023NL5400080,2023,W,126417,,,1,35,,d ,,,,,MN1 ,1485,,,,,,,,126417,Clupea harengus
CA,I5034 ,2,NL,64T2 ,MRN2 ,,,,10093697,2023NL5400082,2023,W,126417,,,1,14,,c ,,,,,MN1 ,1486,,,,,,,,126417,Clupea harengus
CA,I5034 ,2,NL,64T2 ,MRN2 ,,,,10093697,2023NL5400082,2023,W,126417,,,1,19,,d ,,,,,MN1 ,1487,,,,,,,,126417,Clupea harengus
CA,I5034 ,2,NL,64T2 ,MRN2 ,,,,10093698,2023NL5400083,2023,W,126417,,,1,,,c ,,,,,MN1 ,1488,,,,,,,,126417,Clupea harengus
CA,I5034 ,2,NL,64T2 ,MRN2 ,,,,10093699,2023NL5400084,2023,W,126417,,,1,,,c ,,,,,MN1 ,1489,,,,,,,,126417,Clupea harengus
CA,I5034 ,2,NL,64T2 ,MRN2 ,,,,10093700,2023NL5400085,2023,W,126417,,,1,,,d ,,,,,MN1 ,1490,,,,,,,,126417,Clupea harengus
CA,I5034 ,2,NL,64T2 ,MRN2 ,,,,10093701,2023NL5400086,2023,W,126417,,,1,,,c ,,,,,MN1 ,1491,,,,,,,,126417,Clupea harengus
CA,I5034 ,2,NL,64T2 ,MRN2 ,,,,10093702,2023NL5400087,2023,W,126417,,,1,,,c ,,,,,MN1 ,1492,,,,,,,,126417,Clupea harengus
CA,I5034 ,2,NL,64T2 ,MRN2 ,,,,10093703,2023NL5400088,2023,W,126417,,,1,,,c ,,,,,MN1 ,1493,,,,,,,,126417,Clupea harengus
CA,I5034 ,2,NL,64T2 ,MRN2 ,,,,10093707,2023NL5400092,2023,W,126417,,,1,34,,d ,,,,,MN1 ,1494,,,,,,,,126417,Clupea harengus
CA,I5034 ,2,NL,64T2 ,MRN2 ,,,,10093707,2023NL5400092,2023,W,126417,,,1,25,,d ,,,,,MN1 ,1495,,,,,,,,126417,Clupea harengus
CA,I5034 ,2,NL,64T2 ,MRN2 ,,,,10093708,2023NL5400093,2023,W,126417,,,1,,,c ,,,,,MN1 ,1496,,,,,,,,126417,Clupea harengus
CA,I5034 ,2,NL,64T2 ,MRN2 ,,,,10093710,2023NL5400095,2023,W,126417,,,1,,,c ,,,,,MN1 ,1497,,,,,,,,126417,Clupea harengus
CA,I5034 ,2,NL,64T2 ,MRN2 ,,,,10093711,2023NL5400096,2023,W,126417,,,1,,,d ,,,,,MN1 ,1498,,,,,,,,126417,Clupea harengus
CA,I5034 ,2,NL,64T2 ,MRN2 ,,,,10093714,2023NL5400099,2023,W,126417,,,1,28,,d ,,,,,MN1 ,1499,,,,,,,,126417,Clupea harengus
CA,I5034 ,2,NL,64T2 ,MRN2 ,,,,10093714,2023NL5400099,2023,W,126417,,,1,39,,d ,,,,,MN1 ,1500,,,,,,,,126417,Clupea harengus
CA,I5034 ,2,NL,64T2 ,MRN2 ,,,,10093714,2023NL5400099,2023,W,126417,,,1,40,,d ,,,,,MN1 ,1501,,,,,,,,126417,Clupea harengus
CA,I5034 ,2,NL,64T2 ,MRN2 ,,,,10093715,2023NL5400100,2023,W,126417,,,1,28,,d ,,,,,MN1 ,1502,,,,,,,,126417,Clupea harengus
CA,I5034 ,2,NL,64T2 ,MRN2 ,,,,10093715,2023NL5400100,2023,W,126417,,,1,29,,d ,,,,,MN1 ,1503,,,,,,,,126417,Clupea harengus
CA,I5034 ,2,NL,64T2 ,MRN2 ,,,,10093715,2023NL5400100,2023,W,126417,,,1,35,,d ,,,,,MN1 ,1504,,,,,,,,126417,Clupea harengus
CA,I5034 ,2,NL,64T2 ,MRN2 ,,,,10093716,2023NL5400101,2023,W,126417,,,1,30,,d ,,,,,MN1 ,1505,,,,,,,,126417,Clupea harengus
CA,I5034 ,2,NL,64T2 ,MRN2 ,,,,10093716,2023NL5400101,2023,W,126417,,,1,32,,d ,,,,,MN1 ,1506,,,,,,,,126417,Clupea harengus
CA,I5034 ,2,NL,64T2 ,MRN2 ,,,,10093716,2023NL5400101,2023,W,126417,,,1,34,,d ,,,,,MN1 ,1507,,,,,,,,126417,Clupea harengus
CA,I5034 ,2,NL,64T2 ,MRN2 ,,,,10093716,2023NL5400101,2023,W,126417,,,1,35,,d ,,,,,MN1 ,1508,,,,,,,,126417,Clupea harengus
CA,I5034 ,2,NL,64T2 ,MRN2 ,,,,10093716,2023NL5400101,2023,W,126417,,,1,38,,d ,,,,,MN1 ,1509,,,,,,,,126417,Clupea harengus
CA,I5034 ,2,NL,64T2 ,MRN2 ,,,,10093716,2023NL5400101,2023,W,126417,,,1,39,,d ,,,,,MN1 ,1510,,,,,,,,126417,Clupea harengus
CA,I5034 ,2,NL,64T2 ,MRN2 ,,,,10093716,2023NL5400101,2023,W,126417,,,1,40,,d ,,,,,MN1 ,1511,,,,,,,,126417,Clupea harengus
CA,I5034 ,2,NL,64T2 ,MRN2 ,,,,10093716,2023NL5400101,2023,W,126417,,,1,41,,d ,,,,,MN1 ,1512,,,,,,,,126417,Clupea harengus
CA,I5034 ,2,NL,64T2 ,MRN2 ,,,,10093716,2023NL5400101,2023,W,126417,,,1,42,,d ,,,,,MN1 ,1513,,,,,,,,126417,Clupea harengus
CA,I5034 ,2,NL,64T2 ,MRN2 ,,,,10093716,2023NL5400101,2023,W,126417,,,1,44,,d ,,,,,MN1 ,1514,,,,,,,,126417,Clupea harengus
CA,I5034 ,2,NL,64T2 ,MRN2 ,,,,10093716,2023NL5400101,2023,W,126417,,,1,45,,d ,,,,,MN1 ,1515,,,,,,,,126417,Clupea harengus
CA,I5034 ,2,NL,64T2 ,MRN2 ,,,,10093716,2023NL5400101,2023,W,126417,,,1,46,,d ,,,,,MN1 ,1516,,,,,,,,126417,Clupea harengus
CA,I5034 ,2,NL,64T2 ,MRN2 ,,,,10093716,2023NL5400101,2023,W,126417,,,1,47,,d ,,,,,MN1 ,1517,,,,,,,,126417,Clupea harengus
CA,I5034 ,2,NL,64T2 ,MRN2 ,,,,10093716,2023NL5400101,2023,W,126417,,,1,48,,d ,,,,,MN1 ,1518,,,,,,,,126417,Clupea harengus
CA,I5034 ,2,NL,64T2 ,MRN2 ,,,,10093716,2023NL5400101,2023,W,126417,,,1,49,,d ,,,,,MN1 ,1519,,,,,,,,126417,Clupea harengus
CA,I5034 ,2,NL,64T2 ,MRN2 ,,,,10093717,2023NL5400102,2023,W,126417,,,1,33,,d ,,,,,MN1 ,1520,,,,,,,,126417,Clupea harengus
CA,I5034 ,2,NL,64T2 ,MRN2 ,,,,10093717,2023NL5400102,2023,W,126417,,,1,34,,d ,,,,,MN1 ,1521,,,,,,,,126417,Clupea harengus
CA,I5034 ,2,NL,64T2 ,MRN2 ,,,,10093717,2023NL5400102,2023,W,126417,,,1,35,,d ,,,,,MN1 ,1522,,,,,,,,126417,Clupea harengus
CA,I5034 ,2,NL,64T2 ,MRN2 ,,,,10093717,2023NL5400102,2023,W,126417,,,1,37,,d ,,,,,MN1 ,1523,,,,,,,,126417,Clupea harengus
CA,I5034 ,2,NL,64T2 ,MRN2 ,,,,10093717,2023NL5400102,2023,W,126417,,,1,39,,d ,,,,,MN1 ,1524,,,,,,,,126417,Clupea harengus
CA,I5034 ,2,NL,64T2 ,MRN2 ,,,,10093717,2023NL5400102,2023,W,126417,,,1,41,,d ,,,,,MN1 ,1525,,,,,,,,126417,Clupea harengus
CA,I5034 ,2,NL,64T2 ,MRN2 ,,,,10093717,2023NL5400102,2023,W,126417,,,1,42,,d ,,,,,MN1 ,1526,,,,,,,,126417,Clupea harengus
CA,I5034 ,2,NL,64T2 ,MRN2 ,,,,10093717,2023NL5400102,2023,W,126417,,,1,43,,d ,,,,,MN1 ,1527,,,,,,,,126417,Clupea harengus
CA,I5034 ,2,NL,64T2 ,MRN2 ,,,,10093717,2023NL5400102,2023,W,126417,,,1,45,,d ,,,,,MN1 ,1528,,,,,,,,126417,Clupea harengus
CA,I5034 ,2,NL,64T2 ,MRN2 ,,,,10093717,2023NL5400102,2023,W,126417,,,1,46,,d ,,,,,MN1 ,1529,,,,,,,,126417,Clupea harengus
CA,I5034 ,2,NL,64T2 ,MRN2 ,,,,10093717,2023NL5400102,2023,W,126417,,,1,47,,d ,,,,,MN1 ,1530,,,,,,,,126417,Clupea harengus
CA,I5034 ,2,NL,64T2 ,MRN2 ,,,,10093718,2023NL5400103,2023,W,126417,,,1,29,,d ,,,,,MN1 ,1531,,,,,,,,126417,Clupea harengus
CA,I5034 ,2,NL,64T2 ,MRN2 ,,,,10093718,2023NL5400103,2023,W,126417,,,1,32,,d ,,,,,MN1 ,1532,,,,,,,,126417,Clupea harengus
CA,I5034 ,2,NL,64T2 ,MRN2 ,,,,10093719,2023NL5400104,2023,W,126417,,,1,35,,d ,,,,,MN1 ,1533,,,,,,,,126417,Clupea harengus
CA,I5034 ,2,NL,64T2 ,MRN2 ,,,,10093720,2023NL5400105,2023,W,126417,,,1,28,,d ,,,,,MN1 ,1534,,,,,,,,126417,Clupea harengus
CA,I5034 ,2,NL,64T2 ,MRN2 ,,,,10093720,2023NL5400105,2023,W,126417,,,1,48,,d ,,,,,MN1 ,1535,,,,,,,,126417,Clupea harengus
CA,I5034 ,2,NL,64T2 ,MRN2 ,,,,10093721,2023NL5400106,2023,W,126417,,,1,30,,d ,,,,,MN1 ,1536,,,,,,,,126417,Clupea harengus
CA,I5034 ,2,NL,64T2 ,MRN2 ,,,,10093722,2023NL5400107,2023,W,126417,,,1,31,,d ,,,,,MN1 ,1537,,,,,,,,126417,Clupea harengus
CA,I5034 ,2,NL,64T2 ,MRN2 ,,,,10093724,2023NL5400109,2023,W,126417,,,1,15,,c ,,,,,MN1 ,1538,,,,,,,,126417,Clupea harengus
CA,I5034 ,2,NL,64T2 ,MRN2 ,,,,10093725,2023NL5400110,2023,W,126417,,,1,,,c ,,,,,MN1 ,1539,,,,,,,,126417,Clupea harengus
CA,I5034 ,2,NL,64T2 ,MRN2 ,,,,10093726,2023NL5400111,2023,W,126417,,,1,32,,d ,,,,,MN1 ,1540,,,,,,,,126417,Clupea harengus
CA,I5034 ,2,NL,64T2 ,MRN2 ,,,,10093726,2023NL5400111,2023,W,126417,,,1,41,,d ,,,,,MN1 ,1541,,,,,,,,126417,Clupea harengus
CA,I5034 ,2,NL,64T2 ,MRN2 ,,,,10093727,2023NL5400112,2023,W,126417,,,1,39,,d ,,,,,MN1 ,1542,,,,,,,,126417,Clupea harengus
CA,I5034 ,2,NL,64T2 ,MRN2 ,,,,10093727,2023NL5400112,2023,W,126417,,,1,40,,d ,,,,,MN1 ,1543,,,,,,,,126417,Clupea harengus
CA,I5034 ,2,NL,64T2 ,MRN2 ,,,,10093727,2023NL5400112,2023,W,126417,,,1,41,,d ,,,,,MN1 ,1544,,,,,,,,126417,Clupea harengus
CA,I5034 ,2,NL,64T2 ,MRN2 ,,,,10093727,2023NL5400112,2023,W,126417,,,1,42,,d ,,,,,MN1 ,1545,,,,,,,,126417,Clupea harengus
CA,I5034 ,2,NL,64T2 ,MRN2 ,,,,10093727,2023NL5400112,2023,W,126417,,,1,22,,d ,,,,,MN1 ,1546,,,,,,,,126417,Clupea harengus
CA,I5034 ,2,NL,64T2 ,MRN2 ,,,,10093727,2023NL5400112,2023,W,126417,,,1,20,,d ,,,,,MN1 ,1547,,,,,,,,126417,Clupea harengus
CA,I5034 ,2,NL,64T2 ,MRN2 ,,,,10093728,2023NL5400113,2023,W,126417,,,1,,,d ,,,,,MN1 ,1548,,,,,,,,126417,Clupea harengus
CA,I5034 ,2,NL,64T2 ,MRN2 ,,,,10093729,2023NL5400114,2023,W,126417,,,1,41,,d ,,,,,MN1 ,1549,,,,,,,,126417,Clupea harengus
CA,I5034 ,2,NL ,64T2 ,MRN2 ,,,,10117867,2024NL5400047,2024,W,126417,,,1,23,,d ,,,,,MN1 ,1550,,,,,,,,126417,Clupea harengus
CA,I5034 ,2,NL ,64T2 ,MRN2 ,,,,10117867,2024NL5400047,2024,W,126417,,,1,24,,d ,,,,,MN1 ,1551,,,,,,,,126417,Clupea harengus
CA,I5034 ,2,NL ,64T2 ,MRN2 ,,,,10117867,2024NL5400047,2024,W,126417,,,1,25,,d ,,,,,MN1 ,1552,,,,,,,,126417,Clupea harengus
CA,I5034 ,2,NL ,64T2 ,MRN2 ,,,,10117867,2024NL5400047,2024,W,126417,,,1,26,,d ,,,,,MN1 ,1553,,,,,,,,126417,Clupea harengus
CA,I5034 ,2,NL ,64T2 ,MRN2 ,,,,10117867,2024NL5400047,2024,W,126417,,,1,27,,d ,,,,,MN1 ,1554,,,,,,,,126417,Clupea harengus
CA,I5034 ,2,NL ,64T2 ,MRN2 ,,,,10117867,2024NL5400047,2024,W,126417,,,1,28,,d ,,,,,MN1 ,1555,,,,,,,,126417,Clupea harengus
CA,I5034 ,2,NL ,64T2 ,MRN2 ,,,,10117867,2024NL5400047,2024,W,126417,,,1,29,,d ,,,,,MN1 ,1556,,,,,,,,126417,Clupea harengus
CA,I5034 ,2,NL ,64T2 ,MRN2 ,,,,10117867,2024NL5400047,2024,W,126417,,,1,30,,d ,,,,,MN1 ,1557,,,,,,,,126417,Clupea harengus
CA,I5034 ,2,NL ,64T2 ,MRN2 ,,,,10117867,2024NL5400047,2024,W,126417,,,1,31,,d ,,,,,MN1 ,1558,,,,,,,,126417,Clupea harengus
CA,I5034 ,2,NL ,64T2 ,MRN2 ,,,,10117867,2024NL5400047,2024,W,126417,,,1,32,,d ,,,,,MN1 ,1559,,,,,,,,126417,Clupea harengus
CA,I5034 ,2,NL ,64T2 ,MRN2 ,,,,10117867,2024NL5400047,2024,W,126417,,,1,33,,d ,,,,,MN1 ,1560,,,,,,,,126417,Clupea harengus
CA,I5034 ,2,NL ,64T2 ,MRN2 ,,,,10117868,2024NL5400048,2024,W,126417,,,1,25,,d ,,,,,MN1 ,1561,,,,,,,,126417,Clupea harengus
CA,I5034 ,2,NL ,64T2 ,MRN2 ,,,,10117868,2024NL5400048,2024,W,126417,,,1,26,,d ,,,,,MN1 ,1562,,,,,,,,126417,Clupea harengus
CA,I5034 ,2,NL ,64T2 ,MRN2 ,,,,10117868,2024NL5400048,2024,W,126417,,,1,27,,d ,,,,,MN1 ,1563,,,,,,,,126417,Clupea harengus
CA,I5034 ,2,NL ,64T2 ,MRN2 ,,,,10117868,2024NL5400048,2024,W,126417,,,1,28,,d ,,,,,MN1 ,1564,,,,,,,,126417,Clupea harengus
CA,I5034 ,2,NL ,64T2 ,MRN2 ,,,,10117868,2024NL5400048,2024,W,126417,,,1,29,,d ,,,,,MN1 ,1565,,,,,,,,126417,Clupea harengus
CA,I5034 ,2,NL ,64T2 ,MRN2 ,,,,10117868,2024NL5400048,2024,W,126417,,,1,30,,d ,,,,,MN1 ,1566,,,,,,,,126417,Clupea harengus
CA,I5034 ,2,NL ,64T2 ,MRN2 ,,,,10117868,2024NL5400048,2024,W,126417,,,1,31,,d ,,,,,MN1 ,1567,,,,,,,,126417,Clupea harengus
CA,I5034 ,2,NL ,64T2 ,MRN2 ,,,,10117870,2024NL5400050,2024,W,126417,,,1,31,,d ,,,,,MN1 ,1568,,,,,,,,126417,Clupea harengus
CA,I5034 ,2,NL ,64T2 ,MRN2 ,,,,10117866,2024NL5400051,2024,W,126417,,,1,26,,d ,,,,,MN1 ,1569,,,,,,,,126417,Clupea harengus
CA,I5034 ,2,NL ,64T2 ,MRN2 ,,,,10117866,2024NL5400051,2024,W,126417,,,1,27,,d ,,,,,MN1 ,1570,,,,,,,,126417,Clupea harengus
CA,I5034 ,2,NL ,64T2 ,MRN2 ,,,,10117866,2024NL5400051,2024,W,126417,,,1,28,,d ,,,,,MN1 ,1571,,,,,,,,126417,Clupea harengus
CA,I5034 ,2,NL ,64T2 ,MRN2 ,,,,10117866,2024NL5400051,2024,W,126417,,,1,29,,d ,,,,,MN1 ,1572,,,,,,,,126417,Clupea harengus
CA,I5034 ,2,NL ,64T2 ,MRN2 ,,,,10117866,2024NL5400051,2024,W,126417,,,1,30,,d ,,,,,MN1 ,1573,,,,,,,,126417,Clupea harengus
CA,I5034 ,2,NL ,64T2 ,MRN2 ,,,,10117866,2024NL5400051,2024,W,126417,,,1,31,,d ,,,,,MN1 ,1574,,,,,,,,126417,Clupea harengus
CA,I5034 ,2,NL ,64T2 ,MRN2 ,,,,10117866,2024NL5400051,2024,W,126417,,,1,32,,d ,,,,,MN1 ,1575,,,,,,,,126417,Clupea harengus
CA,I5034 ,2,NL ,64T2 ,MRN2 ,,,,10117866,2024NL5400051,2024,W,126417,,,1,33,,d ,,,,,MN1 ,1576,,,,,,,,126417,Clupea harengus
CA,I5034 ,2,NL ,64T2 ,MRN2 ,,,,10117866,2024NL5400051,2024,W,126417,,,1,36,,d ,,,,,MN1 ,1577,,,,,,,,126417,Clupea harengus
CA,I5034 ,2,NL ,64T2 ,MRN2 ,,,,10117872,2024NL5400052,2024,W,126417,,,1,25,,d ,,,,,MN1 ,1578,,,,,,,,126417,Clupea harengus
CA,I5034 ,2,NL ,64T2 ,MRN2 ,,,,10117872,2024NL5400052,2024,W,126417,,,1,27,,d ,,,,,MN1 ,1579,,,,,,,,126417,Clupea harengus
CA,I5034 ,2,NL ,64T2 ,MRN2 ,,,,10117872,2024NL5400052,2024,W,126417,,,1,28,,d ,,,,,MN1 ,1580,,,,,,,,126417,Clupea harengus
CA,I5034 ,2,NL ,64T2 ,MRN2 ,,,,10117872,2024NL5400052,2024,W,126417,,,1,29,,d ,,,,,MN1 ,1581,,,,,,,,126417,Clupea harengus
CA,I5034 ,2,NL ,64T2 ,MRN2 ,,,,10117872,2024NL5400052,2024,W,126417,,,1,30,,d ,,,,,MN1 ,1582,,,,,,,,126417,Clupea harengus
CA,I5034 ,2,NL ,64T2 ,MRN2 ,,,,10117872,2024NL5400052,2024,W,126417,,,1,31,,d ,,,,,MN1 ,1583,,,,,,,,126417,Clupea harengus
CA,I5034 ,2,NL ,64T2 ,MRN2 ,,,,10117872,2024NL5400052,2024,W,126417,,,1,32,,d ,,,,,MN1 ,1584,,,,,,,,126417,Clupea harengus
CA,I5034 ,2,NL ,64T2 ,MRN2 ,,,,10117872,2024NL5400052,2024,W,126417,,,1,33,,d ,,,,,MN1 ,1585,,,,,,,,126417,Clupea harengus
CA,I5034 ,2,NL ,64T2 ,MRN2 ,,,,10117872,2024NL5400052,2024,W,126417,,,1,34,,d ,,,,,MN1 ,1586,,,,,,,,126417,Clupea harengus
CA,I5034 ,2,NL ,64T2 ,MRN2 ,,,,10117872,2024NL5400052,2024,W,126417,,,1,35,,d ,,,,,MN1 ,1587,,,,,,,,126417,Clupea harengus
CA,I5034 ,2,NL ,64T2 ,MRN2 ,,,,10117872,2024NL5400052,2024,W,126417,,,1,36,,d ,,,,,MN1 ,1588,,,,,,,,126417,Clupea harengus
CA,I5034 ,2,NL ,64T2 ,MRN2 ,,,,10117873,2024NL5400053,2024,W,126417,,,1,28,,d ,,,,,MN1 ,1589,,,,,,,,126417,Clupea harengus
CA,I5034 ,2,NL ,64T2 ,MRN2 ,,,,10117873,2024NL5400053,2024,W,126417,,,1,30,,d ,,,,,MN1 ,1590,,,,,,,,126417,Clupea harengus
CA,I5034 ,2,NL ,64T2 ,MRN2 ,,,,10117873,2024NL5400053,2024,W,126417,,,1,31,,d ,,,,,MN1 ,1591,,,,,,,,126417,Clupea harengus
CA,I5034 ,2,NL ,64T2 ,MRN2 ,,,,10117873,2024NL5400053,2024,W,126417,,,1,32,,d ,,,,,MN1 ,1592,,,,,,,,126417,Clupea harengus
CA,I5034 ,2,NL ,64T2 ,MRN2 ,,,,10117873,2024NL5400053,2024,W,126417,,,1,33,,d ,,,,,MN1 ,1593,,,,,,,,126417,Clupea harengus
CA,I5034 ,2,NL ,64T2 ,MRN2 ,,,,10117873,2024NL5400053,2024,W,126417,,,1,34,,d ,,,,,MN1 ,1594,,,,,,,,126417,Clupea harengus
CA,I5034 ,2,NL ,64T2 ,MRN2 ,,,,10117873,2024NL5400053,2024,W,126417,,,1,35,,d ,,,,,MN1 ,1595,,,,,,,,126417,Clupea harengus
CA,I5034 ,2,NL ,64T2 ,MRN2 ,,,,10117873,2024NL5400053,2024,W,126417,,,1,36,,d ,,,,,MN1 ,1596,,,,,,,,126417,Clupea harengus
CA,I5034 ,2,NL ,64T2 ,MRN2 ,,,,10117873,2024NL5400053,2024,W,126417,,,1,37,,d ,,,,,MN1 ,1597,,,,,,,,126417,Clupea harengus
CA,I5034 ,2,NL ,64T2 ,MRN2 ,,,,10117874,2024NL5400054,2024,W,126417,,,1,23,,d ,,,,,MN1 ,1598,,,,,,,,126417,Clupea harengus
CA,I5034 ,2,NL ,64T2 ,MRN2 ,,,,10117874,2024NL5400054,2024,W,126417,,,1,25,,d ,,,,,MN1 ,1599,,,,,,,,126417,Clupea harengus
CA,I5034 ,2,NL ,64T2 ,MRN2 ,,,,10117874,2024NL5400054,2024,W,126417,,,1,27,,d ,,,,,MN1 ,1600,,,,,,,,126417,Clupea harengus
CA,I5034 ,2,NL ,64T2 ,MRN2 ,,,,10117874,2024NL5400054,2024,W,126417,,,1,28,,d ,,,,,MN1 ,1601,,,,,,,,126417,Clupea harengus
CA,I5034 ,2,NL ,64T2 ,MRN2 ,,,,10117874,2024NL5400054,2024,W,126417,,,1,29,,d ,,,,,MN1 ,1602,,,,,,,,126417,Clupea harengus
CA,I5034 ,2,NL ,64T2 ,MRN2 ,,,,10117874,2024NL5400054,2024,W,126417,,,1,30,,d ,,,,,MN1 ,1603,,,,,,,,126417,Clupea harengus
CA,I5034 ,2,NL ,64T2 ,MRN2 ,,,,10117874,2024NL5400054,2024,W,126417,,,1,31,,d ,,,,,MN1 ,1604,,,,,,,,126417,Clupea harengus
CA,I5034 ,2,NL ,64T2 ,MRN2 ,,,,10117874,2024NL5400054,2024,W,126417,,,1,32,,d ,,,,,MN1 ,1605,,,,,,,,126417,Clupea harengus
CA,I5034 ,2,NL ,64T2 ,MRN2 ,,,,10117874,2024NL5400054,2024,W,126417,,,1,33,,d ,,,,,MN1 ,1606,,,,,,,,126417,Clupea harengus
CA,I5034 ,2,NL ,64T2 ,MRN2 ,,,,10117874,2024NL5400054,2024,W,126417,,,1,34,,d ,,,,,MN1 ,1607,,,,,,,,126417,Clupea harengus
CA,I5034 ,2,NL ,64T2 ,MRN2 ,,,,10117874,2024NL5400054,2024,W,126417,,,1,35,,d ,,,,,MN1 ,1608,,,,,,,,126417,Clupea harengus
CA,I5034 ,2,NL ,64T2 ,MRN2 ,,,,10117874,2024NL5400054,2024,W,126417,,,1,36,,d ,,,,,MN1 ,1609,,,,,,,,126417,Clupea harengus
CA,I5034 ,2,NL ,64T2 ,MRN2 ,,,,10117874,2024NL5400054,2024,W,126417,,,1,37,,d ,,,,,MN1 ,1610,,,,,,,,126417,Clupea harengus
CA,I5034 ,2,NL ,64T2 ,MRN2 ,,,,10117874,2024NL5400054,2024,W,126417,,,1,38,,d ,,,,,MN1 ,1611,,,,,,,,126417,Clupea harengus
CA,I5034 ,2,NL ,64T2 ,MRN2 ,,,,10117875,2024NL5400055,2024,W,126417,,,1,28,,d ,,,,,MN1 ,1612,,,,,,,,126417,Clupea harengus
CA,I5034 ,2,NL ,64T2 ,MRN2 ,,,,10117875,2024NL5400055,2024,W,126417,,,1,29,,d ,,,,,MN1 ,1613,,,,,,,,126417,Clupea harengus
CA,I5034 ,2,NL ,64T2 ,MRN2 ,,,,10117875,2024NL5400055,2024,W,126417,,,1,30,,d ,,,,,MN1 ,1614,,,,,,,,126417,Clupea harengus
CA,I5034 ,2,NL ,64T2 ,MRN2 ,,,,10117875,2024NL5400055,2024,W,126417,,,1,31,,d ,,,,,MN1 ,1615,,,,,,,,126417,Clupea harengus
CA,I5034 ,2,NL ,64T2 ,MRN2 ,,,,10117875,2024NL5400055,2024,W,126417,,,1,32,,d ,,,,,MN1 ,1616,,,,,,,,126417,Clupea harengus
CA,I5034 ,2,NL ,64T2 ,MRN2 ,,,,10117875,2024NL5400055,2024,W,126417,,,1,33,,d ,,,,,MN1 ,1617,,,,,,,,126417,Clupea harengus
CA,I5034 ,2,NL ,64T2 ,MRN2 ,,,,10117875,2024NL5400055,2024,W,126417,,,1,34,,d ,,,,,MN1 ,1618,,,,,,,,126417,Clupea harengus
CA,I5034 ,2,NL ,64T2 ,MRN2 ,,,,10117875,2024NL5400055,2024,W,126417,,,1,35,,d ,,,,,MN1 ,1619,,,,,,,,126417,Clupea harengus
CA,I5034 ,2,NL ,64T2 ,MRN2 ,,,,10117875,2024NL5400055,2024,W,126417,,,1,36,,d ,,,,,MN1 ,1620,,,,,,,,126417,Clupea harengus
CA,I5034 ,2,NL ,64T2 ,MRN2 ,,,,10117875,2024NL5400055,2024,W,126417,,,1,37,,d ,,,,,MN1 ,1621,,,,,,,,126417,Clupea harengus
CA,I5034 ,2,NL ,64T2 ,MRN2 ,,,,10117875,2024NL5400055,2024,W,126417,,,1,42,,d ,,,,,MN1 ,1622,,,,,,,,126417,Clupea harengus
CA,I5034 ,2,NL ,64T2 ,MRN2 ,,,,10117876,2024NL5400056,2024,W,126417,,,1,29,,d ,,,,,MN1 ,1623,,,,,,,,126417,Clupea harengus
CA,I5034 ,2,NL ,64T2 ,MRN2 ,,,,10117876,2024NL5400056,2024,W,126417,,,1,30,,d ,,,,,MN1 ,1624,,,,,,,,126417,Clupea harengus
CA,I5034 ,2,NL ,64T2 ,MRN2 ,,,,10117876,2024NL5400056,2024,W,126417,,,1,32,,d ,,,,,MN1 ,1625,,,,,,,,126417,Clupea harengus
CA,I5034 ,2,NL ,64T2 ,MRN2 ,,,,10117876,2024NL5400056,2024,W,126417,,,1,33,,d ,,,,,MN1 ,1626,,,,,,,,126417,Clupea harengus
CA,I5034 ,2,NL ,64T2 ,MRN2 ,,,,10117876,2024NL5400056,2024,W,126417,,,1,34,,d ,,,,,MN1 ,1627,,,,,,,,126417,Clupea harengus
CA,I5034 ,2,NL ,64T2 ,MRN2 ,,,,10117876,2024NL5400056,2024,W,126417,,,1,37,,d ,,,,,MN1 ,1628,,,,,,,,126417,Clupea harengus
CA,I5034 ,2,NL ,64T2 ,MRN2 ,,,,10117876,2024NL5400056,2024,W,126417,,,1,38,,d ,,,,,MN1 ,1629,,,,,,,,126417,Clupea harengus
CA,I5034 ,2,NL ,64T2 ,MRN2 ,,,,10117876,2024NL5400056,2024,W,126417,,,1,39,,d ,,,,,MN1 ,1630,,,,,,,,126417,Clupea harengus
CA,I5034 ,2,NL ,64T2 ,MRN2 ,,,,10117876,2024NL5400056,2024,W,126417,,,1,40,,d ,,,,,MN1 ,1631,,,,,,,,126417,Clupea harengus
CA,I5034 ,2,NL ,64T2 ,MRN2 ,,,,10117877,2024NL5400057,2024,W,126417,,,1,35,,d ,,,,,MN1 ,1632,,,,,,,,126417,Clupea harengus
CA,I5034 ,2,NL ,64T2 ,MRN2 ,,,,10117879,2024NL5400059,2024,W,126417,,,1,33,,d ,,,,,MN1 ,1633,,,,,,,,126417,Clupea harengus
CA,I5034 ,2,NL ,64T2 ,MRN2 ,,,,10117879,2024NL5400059,2024,W,126417,,,1,35,,d ,,,,,MN1 ,1634,,,,,,,,126417,Clupea harengus
CA,I5034 ,2,NL ,64T2 ,MRN2 ,,,,10117880,2024NL5400060,2024,W,126417,,,1,32,,d ,,,,,MN1 ,1635,,,,,,,,126417,Clupea harengus
CA,I5034 ,2,NL ,64T2 ,MRN2 ,,,,10117880,2024NL5400060,2024,W,126417,,,1,41,,d ,,,,,MN1 ,1636,,,,,,,,126417,Clupea harengus
CA,I5034 ,2,NL ,64T2 ,MRN2 ,,,,10117880,2024NL5400060,2024,W,126417,,,1,40,,d ,,,,,MN1 ,1637,,,,,,,,126417,Clupea harengus
CA,I5034 ,2,NL ,64T2 ,MRN2 ,,,,10117881,2024NL5400061,2024,W,126417,,,1,27,,d ,,,,,MN1 ,1638,,,,,,,,126417,Clupea harengus
CA,I5034 ,2,NL ,64T2 ,MRN2 ,,,,10117881,2024NL5400061,2024,W,126417,,,1,29,,d ,,,,,MN1 ,1639,,,,,,,,126417,Clupea harengus
CA,I5034 ,2,NL ,64T2 ,MRN2 ,,,,10117881,2024NL5400061,2024,W,126417,,,1,30,,d ,,,,,MN1 ,1640,,,,,,,,126417,Clupea harengus
CA,I5034 ,2,NL ,64T2 ,MRN2 ,,,,10117881,2024NL5400061,2024,W,126417,,,1,31,,d ,,,,,MN1 ,1641,,,,,,,,126417,Clupea harengus
CA,I5034 ,2,NL ,64T2 ,MRN2 ,,,,10117881,2024NL5400061,2024,W,126417,,,1,32,,d ,,,,,MN1 ,1642,,,,,,,,126417,Clupea harengus
CA,I5034 ,2,NL ,64T2 ,MRN2 ,,,,10117881,2024NL5400061,2024,W,126417,,,1,33,,d ,,,,,MN1 ,1643,,,,,,,,126417,Clupea harengus
CA,I5034 ,2,NL ,64T2 ,MRN2 ,,,,10117881,2024NL5400061,2024,W,126417,,,1,34,,d ,,,,,MN1 ,1644,,,,,,,,126417,Clupea harengus
CA,I5034 ,2,NL ,64T2 ,MRN2 ,,,,10117881,2024NL5400061,2024,W,126417,,,1,36,,d ,,,,,MN1 ,1645,,,,,,,,126417,Clupea harengus
CA,I5034 ,2,NL ,64T2 ,MRN2 ,,,,10117882,2024NL5400062,2024,W,126417,,,1,32,,d ,,,,,MN1 ,1646,,,,,,,,126417,Clupea harengus
CA,I5034 ,2,NL ,64T2 ,MRN2 ,,,,10117883,2024NL5400063,2024,W,126417,,,1,32,,d ,,,,,MN1 ,1647,,,,,,,,126417,Clupea harengus
CA,I5034 ,2,NL ,64T2 ,MRN2 ,,,,10117885,2024NL5400065,2024,W,126417,,,1,33,,d ,,,,,MN1 ,1648,,,,,,,,126417,Clupea harengus
CA,I5034 ,2,NL ,64T2 ,MRN2 ,,,,10117885,2024NL5400065,2024,W,126417,,,1,34,,d ,,,,,MN1 ,1649,,,,,,,,126417,Clupea harengus
CA,I5034 ,2,NL ,64T2 ,MRN2 ,,,,10117885,2024NL5400065,2024,W,126417,,,1,35,,d ,,,,,MN1 ,1650,,,,,,,,126417,Clupea harengus
CA,I5034 ,2,NL ,64T2 ,MRN2 ,,,,10117885,2024NL5400065,2024,W,126417,,,1,34,,d ,,,,,MN1 ,1651,,,,,,,,126417,Clupea harengus
CA,I5034 ,2,NL ,64T2 ,MRN2 ,,,,10117886,2024NL5400066,2024,W,126417,,,1,31,,d ,,,,,MN1 ,1652,,,,,,,,126417,Clupea harengus
CA,I5034 ,2,NL ,64T2 ,MRN2 ,,,,10117891,2024NL5400071,2024,W,126417,,,1,39,,d ,,,,,MN1 ,1653,,,,,,,,126417,Clupea harengus
CA,I5034 ,2,NL ,64T2 ,MRN2 ,,,,10117892,2024NL5400072,2024,W,126417,,,1,30,,d ,,,,,MN1 ,1654,,,,,,,,126417,Clupea harengus
CA,I5034 ,2,NL ,64T2 ,MRN2 ,,,,10117892,2024NL5400072,2024,W,126417,,,1,33,,d ,,,,,MN1 ,1655,,,,,,,,126417,Clupea harengus
CA,I5034 ,2,NL ,64T2 ,MRN2 ,,,,10117893,2024NL5400073,2024,W,126417,,,1,33,,d ,,,,,MN1 ,1656,,,,,,,,126417,Clupea harengus
CA,I5034 ,2,NL ,64T2 ,MRN2 ,,,,10117893,2024NL5400073,2024,W,126417,,,1,34,,d ,,,,,MN1 ,1657,,,,,,,,126417,Clupea harengus
CA,I5034 ,2,NL ,64T2 ,MRN2 ,,,,10117893,2024NL5400073,2024,W,126417,,,1,35,,d ,,,,,MN1 ,1658,,,,,,,,126417,Clupea harengus
CA,I5034 ,2,NL ,64T2 ,MRN2 ,,,,10117893,2024NL5400073,2024,W,126417,,,1,36,,d ,,,,,MN1 ,1659,,,,,,,,126417,Clupea harengus
CA,I5034 ,2,NL ,64T2 ,MRN2 ,,,,10117894,2024NL5400074,2024,W,126417,,,1,29,,d ,,,,,MN1 ,1660,,,,,,,,126417,Clupea harengus
CA,I5034 ,2,NL ,64T2 ,MRN2 ,,,,10117894,2024NL5400074,2024,W,126417,,,1,32,,d ,,,,,MN1 ,1661,,,,,,,,126417,Clupea harengus
CA,I5034 ,2,NL ,64T2 ,MRN2 ,,,,10117896,2024NL5400076,2024,W,126417,,,1,34,,d ,,,,,MN1 ,1662,,,,,,,,126417,Clupea harengus
CA,I5034 ,2,NL ,64T2 ,MRN2 ,,,,10117896,2024NL5400076,2024,W,126417,,,1,35,,d ,,,,,MN1 ,1663,,,,,,,,126417,Clupea harengus
CA,I5034 ,2,NL ,64T2 ,MRN2 ,,,,10117896,2024NL5400076,2024,W,126417,,,1,37,,d ,,,,,MN1 ,1664,,,,,,,,126417,Clupea harengus
CA,I5034 ,2,NL ,64T2 ,MRN2 ,,,,10117897,2024NL5400081,2024,W,126417,,,1,21,,d ,,,,,MN1 ,1665,,,,,,,,126417,Clupea harengus
CA,I5034 ,2,NL ,64T2 ,MRN2 ,,,,10117899,2024NL5400083,2024,W,126417,,,1,34,,d ,,,,,MN1 ,1666,,,,,,,,126417,Clupea harengus
CA,I5034 ,2,NL ,64T2 ,MRN2 ,,,,10117900,2024NL5400084,2024,W,126417,,,1,26,,d ,,,,,MN1 ,1667,,,,,,,,126417,Clupea harengus
CA,I5034 ,2,NL ,64T2 ,MRN2 ,,,,10117901,2024NL5400085,2024,W,126417,,,1,27,,d ,,,,,MN1 ,1668,,,,,,,,126417,Clupea harengus
CA,I5034 ,2,NL ,64T2 ,MRN2 ,,,,10117901,2024NL5400085,2024,W,126417,,,1,29,,d ,,,,,MN1 ,1669,,,,,,,,126417,Clupea harengus
CA,I5034 ,2,NL ,64T2 ,MRN2 ,,,,10117901,2024NL5400085,2024,W,126417,,,1,30,,d ,,,,,MN1 ,1670,,,,,,,,126417,Clupea harengus
CA,I5034 ,2,NL ,64T2 ,MRN2 ,,,,10117901,2024NL5400085,2024,W,126417,,,1,31,,d ,,,,,MN1 ,1671,,,,,,,,126417,Clupea harengus
CA,I5034 ,2,NL ,64T2 ,MRN2 ,,,,10117901,2024NL5400085,2024,W,126417,,,1,32,,d ,,,,,MN1 ,1672,,,,,,,,126417,Clupea harengus
CA,I5034 ,2,NL ,64T2 ,MRN2 ,,,,10117901,2024NL5400085,2024,W,126417,,,1,33,,d ,,,,,MN1 ,1673,,,,,,,,126417,Clupea harengus
CA,I5034 ,2,NL ,64T2 ,MRN2 ,,,,10117901,2024NL5400085,2024,W,126417,,,1,34,,d ,,,,,MN1 ,1674,,,,,,,,126417,Clupea harengus
CA,I5034 ,2,NL ,64T2 ,MRN2 ,,,,10117901,2024NL5400085,2024,W,126417,,,1,35,,d ,,,,,MN1 ,1675,,,,,,,,126417,Clupea harengus
CA,I5034 ,2,NL ,64T2 ,MRN2 ,,,,10117901,2024NL5400085,2024,W,126417,,,1,36,,d ,,,,,MN1 ,1676,,,,,,,,126417,Clupea harengus
CA,I5034 ,2,NL ,64T2 ,MRN2 ,,,,10117902,2024NL5400086,2024,W,126417,,,1,26,,d ,,,,,MN1 ,1677,,,,,,,,126417,Clupea harengus
CA,I5034 ,2,NL ,64T2 ,MRN2 ,,,,10117902,2024NL5400086,2024,W,126417,,,1,27,,d ,,,,,MN1 ,1678,,,,,,,,126417,Clupea harengus
CA,I5034 ,2,NL ,64T2 ,MRN2 ,,,,10117902,2024NL5400086,2024,W,126417,,,1,29,,d ,,,,,MN1 ,1679,,,,,,,,126417,Clupea harengus
CA,I5034 ,2,NL ,64T2 ,MRN2 ,,,,10117902,2024NL5400086,2024,W,126417,,,1,30,,d ,,,,,MN1 ,1680,,,,,,,,126417,Clupea harengus
CA,I5034 ,2,NL ,64T2 ,MRN2 ,,,,10117902,2024NL5400086,2024,W,126417,,,1,31,,d ,,,,,MN1 ,1681,,,,,,,,126417,Clupea harengus
CA,I5034 ,2,NL ,64T2 ,MRN2 ,,,,10117902,2024NL5400086,2024,W,126417,,,1,32,,d ,,,,,MN1 ,1682,,,,,,,,126417,Clupea harengus
CA,I5034 ,2,NL ,64T2 ,MRN2 ,,,,10117902,2024NL5400086,2024,W,126417,,,1,33,,d ,,,,,MN1 ,1683,,,,,,,,126417,Clupea harengus
CA,I5034 ,2,NL ,64T2 ,MRN2 ,,,,10117902,2024NL5400086,2024,W,126417,,,1,34,,d ,,,,,MN1 ,1684,,,,,,,,126417,Clupea harengus
CA,I5034 ,2,NL ,64T2 ,MRN2 ,,,,10117902,2024NL5400086,2024,W,126417,,,1,35,,d ,,,,,MN1 ,1685,,,,,,,,126417,Clupea harengus
CA,I5034 ,2,NL ,64T2 ,MRN2 ,,,,10117902,2024NL5400086,2024,W,126417,,,1,36,,d ,,,,,MN1 ,1686,,,,,,,,126417,Clupea harengus
CA,I5034 ,2,NL ,64T2 ,MRN2 ,,,,10117902,2024NL5400086,2024,W,126417,,,1,37,,d ,,,,,MN1 ,1687,,,,,,,,126417,Clupea harengus
CA,I5034 ,2,NL ,64T2 ,MRN2 ,,,,10117904,2024NL5400088,2024,W,126417,,,1,35,,d ,,,,,MN1 ,1688,,,,,,,,126417,Clupea harengus
CA,I5034 ,2,NL ,64T2 ,MRN2 ,,,,10117904,2024NL5400088,2024,W,126417,,,1,31,,d ,,,,,MN1 ,1689,,,,,,,,126417,Clupea harengus
CA,I5034 ,2,NL ,64T2 ,MRN2 ,,,,10117904,2024NL5400088,2024,W,126417,,,1,34,,d ,,,,,MN1 ,1690,,,,,,,,126417,Clupea harengus
CA,I5034 ,2,NL ,64T2 ,MRN2 ,,,,10117904,2024NL5400088,2024,W,126417,,,1,30,,d ,,,,,MN1 ,1691,,,,,,,,126417,Clupea harengus
CA,I5034 ,2,NL ,64T2 ,MRN2 ,,,,10117904,2024NL5400088,2024,W,126417,,,1,19,,d ,,,,,MN1 ,1692,,,,,,,,126417,Clupea harengus
CA,I5034 ,2,NL ,64T2 ,MRN2 ,,,,10117904,2024NL5400088,2024,W,126417,,,1,29,,d ,,,,,MN1 ,1693,,,,,,,,126417,Clupea harengus
CA,I5034 ,2,NL ,64T2 ,MRN2 ,,,,10117904,2024NL5400088,2024,W,126417,,,1,29,,d ,,,,,MN1 ,1694,,,,,,,,126417,Clupea harengus
CA,I5034 ,2,NL ,64T2 ,MRN2 ,,,,10117905,2024NL5400089,2024,W,126417,,,1,22,,d ,,,,,MN1 ,1695,,,,,,,,126417,Clupea harengus
CA,I5034 ,2,NL ,64T2 ,MRN2 ,,,,10117905,2024NL5400089,2024,W,126417,,,1,23,,d ,,,,,MN1 ,1696,,,,,,,,126417,Clupea harengus
CA,I5034 ,2,NL ,64T2 ,MRN2 ,,,,10117905,2024NL5400089,2024,W,126417,,,1,26,,d ,,,,,MN1 ,1697,,,,,,,,126417,Clupea harengus
CA,I5034 ,2,NL ,64T2 ,MRN2 ,,,,10117906,2024NL5400090,2024,W,126417,,,1,25,,d ,,,,,MN1 ,1698,,,,,,,,126417,Clupea harengus
CA,I5034 ,2,NL ,64T2 ,MRN2 ,,,,10117906,2024NL5400090,2024,W,126417,,,1,28,,d ,,,,,MN1 ,1699,,,,,,,,126417,Clupea harengus
CA,I5034 ,2,NL ,64T2 ,MRN2 ,,,,10117906,2024NL5400090,2024,W,126417,,,1,32,,d ,,,,,MN1 ,1700,,,,,,,,126417,Clupea harengus
CA,I5034 ,2,NL ,64T2 ,MRN2 ,,,,10117908,2024NL5400092,2024,W,126417,,,1,24,,d ,,,,,MN1 ,1701,,,,,,,,126417,Clupea harengus
CA,I5034 ,2,NL ,64T2 ,MRN2 ,,,,10117908,2024NL5400092,2024,W,126417,,,1,25,,d ,,,,,MN1 ,1702,,,,,,,,126417,Clupea harengus
CA,I5034 ,2,NL ,64T2 ,MRN2 ,,,,10117908,2024NL5400092,2024,W,126417,,,1,26,,d ,,,,,MN1 ,1703,,,,,,,,126417,Clupea harengus
CA,I5034 ,2,NL ,64T2 ,MRN2 ,,,,10117908,2024NL5400092,2024,W,126417,,,1,27,,d ,,,,,MN1 ,1704,,,,,,,,126417,Clupea harengus
CA,I5034 ,2,NL ,64T2 ,MRN2 ,,,,10117908,2024NL5400092,2024,W,126417,,,1,28,,d ,,,,,MN1 ,1705,,,,,,,,126417,Clupea harengus
CA,I5034 ,2,NL ,64T2 ,MRN2 ,,,,10117908,2024NL5400092,2024,W,126417,,,1,29,,d ,,,,,MN1 ,1706,,,,,,,,126417,Clupea harengus
CA,I5034 ,2,NL ,64T2 ,MRN2 ,,,,10117908,2024NL5400092,2024,W,126417,,,1,30,,d ,,,,,MN1 ,1707,,,,,,,,126417,Clupea harengus
CA,I5034 ,2,NL ,64T2 ,MRN2 ,,,,10117908,2024NL5400092,2024,W,126417,,,1,31,,d ,,,,,MN1 ,1708,,,,,,,,126417,Clupea harengus
CA,I5034 ,2,NL ,64T2 ,MRN2 ,,,,10117908,2024NL5400092,2024,W,126417,,,1,32,,d ,,,,,MN1 ,1709,,,,,,,,126417,Clupea harengus
CA,I5034 ,2,NL ,64T2 ,MRN2 ,,,,10117908,2024NL5400092,2024,W,126417,,,1,33,,d ,,,,,MN1 ,1710,,,,,,,,126417,Clupea harengus
CA,I5034 ,2,NL ,64T2 ,MRN2 ,,,,10117912,2024NL5400096,2024,W,126417,,,1,22,,d ,,,,,MN1 ,1711,,,,,,,,126417,Clupea harengus
CA,I5034 ,2,NL ,64T2 ,MRN2 ,,,,10117912,2024NL5400096,2024,W,126417,,,1,24,,d ,,,,,MN1 ,1712,,,,,,,,126417,Clupea harengus
CA,I5034 ,2,NL ,64T2 ,MRN2 ,,,,10117912,2024NL5400096,2024,W,126417,,,1,25,,d ,,,,,MN1 ,1713,,,,,,,,126417,Clupea harengus
CA,I5034 ,2,NL ,64T2 ,MRN2 ,,,,10117912,2024NL5400096,2024,W,126417,,,1,26,,d ,,,,,MN1 ,1714,,,,,,,,126417,Clupea harengus
CA,I5034 ,2,NL ,64T2 ,MRN2 ,,,,10117912,2024NL5400096,2024,W,126417,,,1,27,,d ,,,,,MN1 ,1715,,,,,,,,126417,Clupea harengus
CA,I5034 ,2,NL ,64T2 ,MRN2 ,,,,10117912,2024NL5400096,2024,W,126417,,,1,29,,d ,,,,,MN1 ,1716,,,,,,,,126417,Clupea harengus
CA,I5034 ,2,NL ,64T2 ,MRN2 ,,,,10117912,2024NL5400096,2024,W,126417,,,1,30,,d ,,,,,MN1 ,1717,,,,,,,,126417,Clupea harengus
CA,I5034 ,2,NL ,64T2 ,MRN2 ,,,,10117912,2024NL5400096,2024,W,126417,,,1,31,,d ,,,,,MN1 ,1718,,,,,,,,126417,Clupea harengus
CA,I5034 ,2,NL ,64T2 ,MRN2 ,,,,10117914,2024NL5400098,2024,W,126417,,,1,32,,d ,,,,,MN1 ,1719,,,,,,,,126417,Clupea harengus
CA,I5034 ,2,NL ,64T2 ,MRN2 ,,,,10117914,2024NL5400098,2024,W,126417,,,1,31,,d ,,,,,MN1 ,1720,,,,,,,,126417,Clupea harengus
CA,I5034 ,2,NL ,64T2 ,MRN2 ,,,,10117914,2024NL5400098,2024,W,126417,,,1,33,,d ,,,,,MN1 ,1721,,,,,,,,126417,Clupea harengus
CA,I5034 ,2,NL ,64T2 ,MRN2 ,,,,10117914,2024NL5400098,2024,W,126417,,,1,35,,d ,,,,,MN1 ,1722,,,,,,,,126417,Clupea harengus
CA,I5034 ,2,NL ,64T2 ,MRN2 ,,,,10117914,2024NL5400098,2024,W,126417,,,1,34,,d ,,,,,MN1 ,1723,,,,,,,,126417,Clupea harengus
CA,I5034 ,2,NL ,64T2 ,MRN2 ,,,,10117914,2024NL5400098,2024,W,126417,,,1,28,,d ,,,,,MN1 ,1724,,,,,,,,126417,Clupea harengus
CA,I5034 ,2,NL ,64T2 ,MRN2 ,,,,10117914,2024NL5400098,2024,W,126417,,,1,29,,d ,,,,,MN1 ,1725,,,,,,,,126417,Clupea harengus
CA,I5034 ,2,NL ,64T2 ,MRN2 ,,,,10117914,2024NL5400098,2024,W,126417,,,1,30,,d ,,,,,MN1 ,1726,,,,,,,,126417,Clupea harengus
CA,I5034 ,2,NL ,64T2 ,MRN2 ,,,,10117914,2024NL5400098,2024,W,126417,,,1,31,,d ,,,,,MN1 ,1727,,,,,,,,126417,Clupea harengus
CA,I5034 ,2,NL ,64T2 ,MRN2 ,,,,10117914,2024NL5400098,2024,W,126417,,,1,32,,d ,,,,,MN1 ,1728,,,,,,,,126417,Clupea harengus
CA,I5034 ,2,NL ,64T2 ,MRN2 ,,,,10117914,2024NL5400098,2024,W,126417,,,1,33,,d ,,,,,MN1 ,1729,,,,,,,,126417,Clupea harengus
CA,I5034 ,2,NL ,64T2 ,MRN2 ,,,,10117914,2024NL5400098,2024,W,126417,,,1,34,,d ,,,,,MN1 ,1730,,,,,,,,126417,Clupea harengus
CA,I5034 ,2,NL ,64T2 ,MRN2 ,,,,10117915,2024NL5400099,2024,W,126417,,,1,27,,d ,,,,,MN1 ,1731,,,,,,,,126417,Clupea harengus
CA,I5034 ,2,NL ,64T2 ,MRN2 ,,,,10117915,2024NL5400099,2024,W,126417,,,1,28,,d ,,,,,MN1 ,1732,,,,,,,,126417,Clupea harengus
CA,I5034 ,2,NL ,64T2 ,MRN2 ,,,,10117915,2024NL5400099,2024,W,126417,,,1,29,,d ,,,,,MN1 ,1733,,,,,,,,126417,Clupea harengus
CA,I5034 ,2,NL ,64T2 ,MRN2 ,,,,10117915,2024NL5400099,2024,W,126417,,,1,30,,d ,,,,,MN1 ,1734,,,,,,,,126417,Clupea harengus
CA,I5034 ,2,NL ,64T2 ,MRN2 ,,,,10117915,2024NL5400099,2024,W,126417,,,1,31,,d ,,,,,MN1 ,1735,,,,,,,,126417,Clupea harengus
CA,I5034 ,2,NL ,64T2 ,MRN2 ,,,,10117915,2024NL5400099,2024,W,126417,,,1,32,,d ,,,,,MN1 ,1736,,,,,,,,126417,Clupea harengus
CA,I5034 ,2,NL ,64T2 ,MRN2 ,,,,10117915,2024NL5400099,2024,W,126417,,,1,33,,d ,,,,,MN1 ,1737,,,,,,,,126417,Clupea harengus
CA,I5034 ,2,NL ,64T2 ,MRN2 ,,,,10117918,2024NL5400102,2024,W,126417,,,1,28,,d ,,,,,MN1 ,1738,,,,,,,,126417,Clupea harengus
CA,I5034 ,2,NL ,64T2 ,MRN2 ,,,,10117918,2024NL5400102,2024,W,126417,,,1,29,,d ,,,,,MN1 ,1739,,,,,,,,126417,Clupea harengus
CA,I5034 ,2,NL ,64T2 ,MRN2 ,,,,10117918,2024NL5400102,2024,W,126417,,,1,30,,d ,,,,,MN1 ,1740,,,,,,,,126417,Clupea harengus
CA,I5034 ,2,NL ,64T2 ,MRN2 ,,,,10117918,2024NL5400102,2024,W,126417,,,1,31,,d ,,,,,MN1 ,1741,,,,,,,,126417,Clupea harengus
CA,I5034 ,2,NL ,64T2 ,MRN2 ,,,,10117918,2024NL5400102,2024,W,126417,,,1,32,,d ,,,,,MN1 ,1742,,,,,,,,126417,Clupea harengus
CA,I5034 ,2,NL ,64T2 ,MRN2 ,,,,10117919,2024NL5400103,2024,W,126417,,,1,26,,d ,,,,,MN1 ,1743,,,,,,,,126417,Clupea harengus
CA,I5034 ,2,NL ,64T2 ,MRN2 ,,,,10117919,2024NL5400103,2024,W,126417,,,1,27,,d ,,,,,MN1 ,1744,,,,,,,,126417,Clupea harengus
CA,I5034 ,2,NL ,64T2 ,MRN2 ,,,,10117919,2024NL5400103,2024,W,126417,,,1,28,,d ,,,,,MN1 ,1745,,,,,,,,126417,Clupea harengus
CA,I5034 ,2,NL ,64T2 ,MRN2 ,,,,10117919,2024NL5400103,2024,W,126417,,,1,29,,d ,,,,,MN1 ,1746,,,,,,,,126417,Clupea harengus
CA,I5034 ,2,NL ,64T2 ,MRN2 ,,,,10117919,2024NL5400103,2024,W,126417,,,1,30,,d ,,,,,MN1 ,1747,,,,,,,,126417,Clupea harengus
CA,I5034 ,2,NL ,64T2 ,MRN2 ,,,,10117919,2024NL5400103,2024,W,126417,,,1,31,,d ,,,,,MN1 ,1748,,,,,,,,126417,Clupea harengus
CA,I5034 ,2,NL ,64T2 ,MRN2 ,,,,10117919,2024NL5400103,2024,W,126417,,,1,32,,d ,,,,,MN1 ,1749,,,,,,,,126417,Clupea harengus
CA,I5034 ,2,NL ,64T2 ,MRN2 ,,,,10117919,2024NL5400103,2024,W,126417,,,1,33,,d ,,,,,MN1 ,1750,,,,,,,,126417,Clupea harengus
CA,I5034 ,2,NL ,64T2 ,MRN2 ,,,,10117919,2024NL5400103,2024,W,126417,,,1,34,,d ,,,,,MN1 ,1751,,,,,,,,126417,Clupea harengus
CA,I5034 ,2,NL ,64T2 ,MRN2 ,,,,10117919,2024NL5400103,2024,W,126417,,,1,35,,d ,,,,,MN1 ,1752,,,,,,,,126417,Clupea harengus
CA,I5034 ,2,NL ,64T2 ,MRN2 ,,,,10117920,2024NL5400104,2024,W,126417,,,1,27,,d ,,,,,MN1 ,1753,,,,,,,,126417,Clupea harengus
CA,I5034 ,2,NL ,64T2 ,MRN2 ,,,,10117920,2024NL5400104,2024,W,126417,,,1,28,,d ,,,,,MN1 ,1754,,,,,,,,126417,Clupea harengus
CA,I5034 ,2,NL ,64T2 ,MRN2 ,,,,10117920,2024NL5400104,2024,W,126417,,,1,30,,d ,,,,,MN1 ,1755,,,,,,,,126417,Clupea harengus
CA,I5034 ,2,NL ,64T2 ,MRN2 ,,,,10117920,2024NL5400104,2024,W,126417,,,1,31,,d ,,,,,MN1 ,1756,,,,,,,,126417,Clupea harengus
CA,I5034 ,2,NL ,64T2 ,MRN2 ,,,,10117920,2024NL5400104,2024,W,126417,,,1,32,,d ,,,,,MN1 ,1757,,,,,,,,126417,Clupea harengus
CA,I5034 ,2,NL ,64T2 ,MRN2 ,,,,10117920,2024NL5400104,2024,W,126417,,,1,33,,d ,,,,,MN1 ,1758,,,,,,,,126417,Clupea harengus
CA,I5034 ,2,NL ,64T2 ,MRN2 ,,,,10117920,2024NL5400104,2024,W,126417,,,1,34,,d ,,,,,MN1 ,1759,,,,,,,,126417,Clupea harengus
CA,I5034 ,2,NL ,64T2 ,MRN2 ,,,,10117920,2024NL5400104,2024,W,126417,,,1,35,,d ,,,,,MN1 ,1760,,,,,,,,126417,Clupea harengus
CA,I5034 ,2,NL ,64T2 ,MRN2 ,,,,10117920,2024NL5400104,2024,W,126417,,,1,37,,d ,,,,,MN1 ,1761,,,,,,,,126417,Clupea harengus
CA,I5034 ,2,NL ,64T2 ,MRN2 ,,,,10117920,2024NL5400104,2024,W,126417,,,1,39,,d ,,,,,MN1 ,1762,,,,,,,,126417,Clupea harengus
CA,I5034 ,2,NL ,64T2 ,MRN2 ,,,,10117920,2024NL5400104,2024,W,126417,,,1,41,,d ,,,,,MN1 ,1763,,,,,,,,126417,Clupea harengus
CA,I5034 ,2,NL ,64T2 ,MRN2 ,,,,10117920,2024NL5400104,2024,W,126417,,,1,42,,d ,,,,,MN1 ,1764,,,,,,,,126417,Clupea harengus
CA,I5034 ,2,NL ,64T2 ,MRN2 ,,,,10117920,2024NL5400104,2024,W,126417,,,1,44,,d ,,,,,MN1 ,1765,,,,,,,,126417,Clupea harengus
CA,I5034 ,2,NL ,64T2 ,MRN2 ,,,,10117871,2024NL5400105,2024,W,126417,,,1,25,,d ,,,,,MN1 ,1766,,,,,,,,126417,Clupea harengus
CA,I5034 ,2,NL ,64T2 ,MRN2 ,,,,10117871,2024NL5400105,2024,W,126417,,,1,27,,d ,,,,,MN1 ,1767,,,,,,,,126417,Clupea harengus
CA,I5034 ,2,NL ,64T2 ,MRN2 ,,,,10117871,2024NL5400105,2024,W,126417,,,1,28,,d ,,,,,MN1 ,1768,,,,,,,,126417,Clupea harengus
CA,I5034 ,2,NL ,64T2 ,MRN2 ,,,,10117871,2024NL5400105,2024,W,126417,,,1,29,,d ,,,,,MN1 ,1769,,,,,,,,126417,Clupea harengus
CA,I5034 ,2,NL ,64T2 ,MRN2 ,,,,10117871,2024NL5400105,2024,W,126417,,,1,31,,d ,,,,,MN1 ,1770,,,,,,,,126417,Clupea harengus
CA,I5034 ,2,NL ,64T2 ,MRN2 ,,,,10117871,2024NL5400105,2024,W,126417,,,1,32,,d ,,,,,MN1 ,1771,,,,,,,,126417,Clupea harengus
CA,I5034 ,2,NL ,64T2 ,MRN2 ,,,,10117871,2024NL5400105,2024,W,126417,,,1,33,,d ,,,,,MN1 ,1772,,,,,,,,126417,Clupea harengus
CA,I5034 ,2,NL ,64T2 ,MRN2 ,,,,10117871,2024NL5400105,2024,W,126417,,,1,34,,d ,,,,,MN1 ,1773,,,,,,,,126417,Clupea harengus
CA,I5034 ,2,NL ,64T2 ,MRN2 ,,,,10117871,2024NL5400105,2024,W,126417,,,1,35,,d ,,,,,MN1 ,1774,,,,,,,,126417,Clupea harengus
CA,I5034 ,2,NL ,64T2 ,MRN2 ,,,,10117871,2024NL5400105,2024,W,126417,,,1,36,,d ,,,,,MN1 ,1775,,,,,,,,126417,Clupea harengus
CA,I5034 ,2,NL ,64T2 ,MRN2 ,,,,10117871,2024NL5400105,2024,W,126417,,,1,36,,d ,,,,,MN1 ,1776,,,,,,,,126417,Clupea harengus
CA,I5034 ,2,NL ,64T2 ,MRN2 ,,,,10117871,2024NL5400105,2024,W,126417,,,1,45,,d ,,,,,MN1 ,1777,,,,,,,,126417,Clupea harengus
CA,I5034 ,2,NL ,64T2 ,MRN2 ,,,,10117871,2024NL5400105,2024,W,126417,,,1,46,,d ,,,,,MN1 ,1778,,,,,,,,126417,Clupea harengus
CA,I5034 ,2,NL ,64T2 ,MRN2 ,,,,10117871,2024NL5400105,2024,W,126417,,,1,37,,d ,,,,,MN1 ,1779,,,,,,,,126417,Clupea harengus
CA,I5034 ,2,NL ,64T2 ,MRN2 ,,,,10155096,2025NL5400025,2025,W,126417,,,1,27,,d ,,,,,MN1 ,1780,,,,,,,,126417,Clupea harengus
CA,I5034 ,2,NL ,64T2 ,MRN2 ,,,,10155096,2025NL5400025,2025,W,126417,,,1,28,,d ,,,,,MN1 ,1781,,,,,,,,126417,Clupea harengus
CA,I5034 ,2,NL ,64T2 ,MRN2 ,,,,10155096,2025NL5400025,2025,W,126417,,,1,29,,d ,,,,,MN1 ,1782,,,,,,,,126417,Clupea harengus
CA,I5034 ,2,NL ,64T2 ,MRN2 ,,,,10155096,2025NL5400025,2025,W,126417,,,1,30,,d ,,,,,MN1 ,1783,,,,,,,,126417,Clupea harengus
CA,I5034 ,2,NL ,64T2 ,MRN2 ,,,,10155096,2025NL5400025,2025,W,126417,,,1,31,,d ,,,,,MN1 ,1784,,,,,,,,126417,Clupea harengus
CA,I5034 ,2,NL ,64T2 ,MRN2 ,,,,10155096,2025NL5400025,2025,W,126417,,,1,36,,d ,,,,,MN1 ,1785,,,,,,,,126417,Clupea harengus
CA,I5034 ,2,NL ,64T2 ,MRN2 ,,,,10155092,2025NL5400026,2025,W,126417,,,1,29,,d ,,,,,MN1 ,1786,,,,,,,,126417,Clupea harengus
CA,I5034 ,2,NL ,64T2 ,MRN2 ,,,,10155092,2025NL5400026,2025,W,126417,,,1,32,,d ,,,,,MN1 ,1787,,,,,,,,126417,Clupea harengus
CA,I5034 ,2,NL ,64T2 ,MRN2 ,,,,10155095,2025NL5400027,2025,W,126417,,,1,25,,d ,,,,,MN1 ,1788,,,,,,,,126417,Clupea harengus
CA,I5034 ,2,NL ,64T2 ,MRN2 ,,,,10155095,2025NL5400027,2025,W,126417,,,1,27,,d ,,,,,MN1 ,1789,,,,,,,,126417,Clupea harengus
CA,I5034 ,2,NL ,64T2 ,MRN2 ,,,,10155095,2025NL5400027,2025,W,126417,,,1,29,,d ,,,,,MN1 ,1790,,,,,,,,126417,Clupea harengus
CA,I5034 ,2,NL ,64T2 ,MRN2 ,,,,10155095,2025NL5400027,2025,W,126417,,,1,32,,d ,,,,,MN1 ,1791,,,,,,,,126417,Clupea harengus
CA,I5034 ,2,NL ,64T2 ,MRN2 ,,,,10155093,2025NL5400028,2025,W,126417,,,1,24,,d ,,,,,MN1 ,1792,,,,,,,,126417,Clupea harengus
CA,I5034 ,2,NL ,64T2 ,MRN2 ,,,,10155093,2025NL5400028,2025,W,126417,,,1,25,,d ,,,,,MN1 ,1793,,,,,,,,126417,Clupea harengus
CA,I5034 ,2,NL ,64T2 ,MRN2 ,,,,10155093,2025NL5400028,2025,W,126417,,,1,26,,d ,,,,,MN1 ,1794,,,,,,,,126417,Clupea harengus
CA,I5034 ,2,NL ,64T2 ,MRN2 ,,,,10155093,2025NL5400028,2025,W,126417,,,1,27,,d ,,,,,MN1 ,1795,,,,,,,,126417,Clupea harengus
CA,I5034 ,2,NL ,64T2 ,MRN2 ,,,,10155093,2025NL5400028,2025,W,126417,,,1,28,,d ,,,,,MN1 ,1796,,,,,,,,126417,Clupea harengus
CA,I5034 ,2,NL ,64T2 ,MRN2 ,,,,10155093,2025NL5400028,2025,W,126417,,,1,30,,d ,,,,,MN1 ,1797,,,,,,,,126417,Clupea harengus
CA,I5034 ,2,NL ,64T2 ,MRN2 ,,,,10155093,2025NL5400028,2025,W,126417,,,1,34,,d ,,,,,MN1 ,1798,,,,,,,,126417,Clupea harengus
CA,I5034 ,2,NL ,64T2 ,MRN2 ,,,,10155094,2025NL5400029,2025,W,126417,,,1,23,,d ,,,,,MN1 ,1799,,,,,,,,126417,Clupea harengus
CA,I5034 ,2,NL ,64T2 ,MRN2 ,,,,10155094,2025NL5400029,2025,W,126417,,,1,25,,d ,,,,,MN1 ,1800,,,,,,,,126417,Clupea harengus
CA,I5034 ,2,NL ,64T2 ,MRN2 ,,,,10155094,2025NL5400029,2025,W,126417,,,1,27,,d ,,,,,MN1 ,1801,,,,,,,,126417,Clupea harengus
CA,I5034 ,2,NL ,64T2 ,MRN2 ,,,,10155094,2025NL5400029,2025,W,126417,,,1,28,,d ,,,,,MN1 ,1802,,,,,,,,126417,Clupea harengus
CA,I5034 ,2,NL ,64T2 ,MRN2 ,,,,10155094,2025NL5400029,2025,W,126417,,,1,29,,d ,,,,,MN1 ,1803,,,,,,,,126417,Clupea harengus
CA,I5034 ,2,NL ,64T2 ,MRN2 ,,,,10155094,2025NL5400029,2025,W,126417,,,1,30,,d ,,,,,MN1 ,1804,,,,,,,,126417,Clupea harengus
CA,I5034 ,2,NL ,64T2 ,MRN2 ,,,,10155094,2025NL5400029,2025,W,126417,,,1,31,,d ,,,,,MN1 ,1805,,,,,,,,126417,Clupea harengus
CA,I5034 ,2,NL ,64T2 ,MRN2 ,,,,10155094,2025NL5400029,2025,W,126417,,,1,32,,d ,,,,,MN1 ,1806,,,,,,,,126417,Clupea harengus
CA,I5034 ,2,NL ,64T2 ,MRN2 ,,,,10155094,2025NL5400029,2025,W,126417,,,1,33,,d ,,,,,MN1 ,1807,,,,,,,,126417,Clupea harengus
CA,I5034 ,2,NL ,64T2 ,MRN2 ,,,,10155894,2025NL5400030,2025,W,126417,,,1,26,,d ,,,,,MN1 ,1808,,,,,,,,126417,Clupea harengus
CA,I5034 ,2,NL ,64T2 ,MRN2 ,,,,10155894,2025NL5400030,2025,W,126417,,,1,28,,d ,,,,,MN1 ,1809,,,,,,,,126417,Clupea harengus
CA,I5034 ,2,NL ,64T2 ,MRN2 ,,,,10155894,2025NL5400030,2025,W,126417,,,1,29,,d ,,,,,MN1 ,1810,,,,,,,,126417,Clupea harengus
CA,I5034 ,2,NL ,64T2 ,MRN2 ,,,,10155894,2025NL5400030,2025,W,126417,,,1,30,,d ,,,,,MN1 ,1811,,,,,,,,126417,Clupea harengus
CA,I5034 ,2,NL ,64T2 ,MRN2 ,,,,10155894,2025NL5400030,2025,W,126417,,,1,31,,d ,,,,,MN1 ,1812,,,,,,,,126417,Clupea harengus
CA,I5034 ,2,NL ,64T2 ,MRN2 ,,,,10155894,2025NL5400030,2025,W,126417,,,1,32,,d ,,,,,MN1 ,1813,,,,,,,,126417,Clupea harengus
CA,I5034 ,2,NL ,64T2 ,MRN2 ,,,,10155894,2025NL5400030,2025,W,126417,,,1,33,,d ,,,,,MN1 ,1814,,,,,,,,126417,Clupea harengus
CA,I5034 ,2,NL ,64T2 ,MRN2 ,,,,10155894,2025NL5400030,2025,W,126417,,,1,35,,d ,,,,,MN1 ,1815,,,,,,,,126417,Clupea harengus
CA,I5034 ,2,NL ,64T2 ,MRN2 ,,,,10155894,2025NL5400030,2025,W,126417,,,1,36,,d ,,,,,MN1 ,1816,,,,,,,,126417,Clupea harengus
CA,I5034 ,2,NL ,64T2 ,MRN2 ,,,,10155128,2025NL5400031,2025,W,126417,,,1,24,,d ,,,,,MN1 ,1817,,,,,,,,126417,Clupea harengus
CA,I5034 ,2,NL ,64T2 ,MRN2 ,,,,10155114,2025NL5400033,2025,W,126417,,,1,24,,d ,,,,,MN1 ,1818,,,,,,,,126417,Clupea harengus
CA,I5034 ,2,NL ,64T2 ,MRN2 ,,,,10155114,2025NL5400033,2025,W,126417,,,1,26,,d ,,,,,MN1 ,1819,,,,,,,,126417,Clupea harengus
CA,I5034 ,2,NL ,64T2 ,MRN2 ,,,,10155109,2025NL5400034,2025,W,126417,,,1,27,,d ,,,,,MN1 ,1820,,,,,,,,126417,Clupea harengus
CA,I5034 ,2,NL ,64T2 ,MRN2 ,,,,10155109,2025NL5400034,2025,W,126417,,,1,28,,d ,,,,,MN1 ,1821,,,,,,,,126417,Clupea harengus
CA,I5034 ,2,NL ,64T2 ,MRN2 ,,,,10155109,2025NL5400034,2025,W,126417,,,1,30,,d ,,,,,MN1 ,1822,,,,,,,,126417,Clupea harengus
CA,I5034 ,2,NL ,64T2 ,MRN2 ,,,,10155109,2025NL5400034,2025,W,126417,,,1,31,,d ,,,,,MN1 ,1823,,,,,,,,126417,Clupea harengus
CA,I5034 ,2,NL ,64T2 ,MRN2 ,,,,10155109,2025NL5400034,2025,W,126417,,,1,32,,d ,,,,,MN1 ,1824,,,,,,,,126417,Clupea harengus
CA,I5034 ,2,NL ,64T2 ,MRN2 ,,,,10155109,2025NL5400034,2025,W,126417,,,1,33,,d ,,,,,MN1 ,1825,,,,,,,,126417,Clupea harengus
CA,I5034 ,2,NL ,64T2 ,MRN2 ,,,,10155109,2025NL5400034,2025,W,126417,,,1,36,,d ,,,,,MN1 ,1826,,,,,,,,126417,Clupea harengus
CA,I5034 ,2,NL ,64T2 ,MRN2 ,,,,10155153,2025NL5400035,2025,W,126417,,,1,30,,d ,,,,,MN1 ,1827,,,,,,,,126417,Clupea harengus
CA,I5034 ,2,NL ,64T2 ,MRN2 ,,,,10155153,2025NL5400035,2025,W,126417,,,1,31,,d ,,,,,MN1 ,1828,,,,,,,,126417,Clupea harengus
CA,I5034 ,2,NL ,64T2 ,MRN2 ,,,,10155153,2025NL5400035,2025,W,126417,,,1,32,,d ,,,,,MN1 ,1829,,,,,,,,126417,Clupea harengus
CA,I5034 ,2,NL ,64T2 ,MRN2 ,,,,10155153,2025NL5400035,2025,W,126417,,,1,33,,d ,,,,,MN1 ,1830,,,,,,,,126417,Clupea harengus
CA,I5034 ,2,NL ,64T2 ,MRN2 ,,,,10155153,2025NL5400035,2025,W,126417,,,1,34,,d ,,,,,MN1 ,1831,,,,,,,,126417,Clupea harengus
CA,I5034 ,2,NL ,64T2 ,MRN2 ,,,,10155153,2025NL5400035,2025,W,126417,,,1,35,,d ,,,,,MN1 ,1832,,,,,,,,126417,Clupea harengus
CA,I5034 ,2,NL ,64T2 ,MRN2 ,,,,10155153,2025NL5400035,2025,W,126417,,,1,36,,d ,,,,,MN1 ,1833,,,,,,,,126417,Clupea harengus
CA,I5034 ,2,NL ,64T2 ,MRN2 ,,,,10155153,2025NL5400035,2025,W,126417,,,1,45,,d ,,,,,MN1 ,1834,,,,,,,,126417,Clupea harengus
CA,I5034 ,2,NL ,64T2 ,MRN2 ,,,,10155134,2025NL5400036,2025,W,126417,,,1,25,,d ,,,,,MN1 ,1835,,,,,,,,126417,Clupea harengus
CA,I5034 ,2,NL ,64T2 ,MRN2 ,,,,10155134,2025NL5400036,2025,W,126417,,,1,26,,d ,,,,,MN1 ,1836,,,,,,,,126417,Clupea harengus
CA,I5034 ,2,NL ,64T2 ,MRN2 ,,,,10155134,2025NL5400036,2025,W,126417,,,1,27,,d ,,,,,MN1 ,1837,,,,,,,,126417,Clupea harengus
CA,I5034 ,2,NL ,64T2 ,MRN2 ,,,,10155134,2025NL5400036,2025,W,126417,,,1,29,,d ,,,,,MN1 ,1838,,,,,,,,126417,Clupea harengus
CA,I5034 ,2,NL ,64T2 ,MRN2 ,,,,10155134,2025NL5400036,2025,W,126417,,,1,30,,d ,,,,,MN1 ,1839,,,,,,,,126417,Clupea harengus
CA,I5034 ,2,NL ,64T2 ,MRN2 ,,,,10155134,2025NL5400036,2025,W,126417,,,1,31,,d ,,,,,MN1 ,1840,,,,,,,,126417,Clupea harengus
CA,I5034 ,2,NL ,64T2 ,MRN2 ,,,,10155134,2025NL5400036,2025,W,126417,,,1,32,,d ,,,,,MN1 ,1841,,,,,,,,126417,Clupea harengus
CA,I5034 ,2,NL ,64T2 ,MRN2 ,,,,10155134,2025NL5400036,2025,W,126417,,,1,33,,d ,,,,,MN1 ,1842,,,,,,,,126417,Clupea harengus
CA,I5034 ,2,NL ,64T2 ,MRN2 ,,,,10155134,2025NL5400036,2025,W,126417,,,1,34,,d ,,,,,MN1 ,1843,,,,,,,,126417,Clupea harengus
CA,I5034 ,2,NL ,64T2 ,MRN2 ,,,,10155134,2025NL5400036,2025,W,126417,,,1,35,,d ,,,,,MN1 ,1844,,,,,,,,126417,Clupea harengus
CA,I5034 ,2,NL ,64T2 ,MRN2 ,,,,10155134,2025NL5400036,2025,W,126417,,,1,36,,d ,,,,,MN1 ,1845,,,,,,,,126417,Clupea harengus
CA,I5034 ,2,NL ,64T2 ,MRN2 ,,,,10155134,2025NL5400036,2025,W,126417,,,1,37,,d ,,,,,MN1 ,1846,,,,,,,,126417,Clupea harengus
CA,I5034 ,2,NL ,64T2 ,MRN2 ,,,,10155134,2025NL5400036,2025,W,126417,,,1,38,,d ,,,,,MN1 ,1847,,,,,,,,126417,Clupea harengus
CA,I5034 ,2,NL ,64T2 ,MRN2 ,,,,10155134,2025NL5400036,2025,W,126417,,,1,39,,d ,,,,,MN1 ,1848,,,,,,,,126417,Clupea harengus
CA,I5034 ,2,NL ,64T2 ,MRN2 ,,,,10155134,2025NL5400036,2025,W,126417,,,1,40,,d ,,,,,MN1 ,1849,,,,,,,,126417,Clupea harengus
CA,I5034 ,2,NL ,64T2 ,MRN2 ,,,,10155125,2025NL5400037,2025,W,126417,,,1,32,,d ,,,,,MN1 ,1850,,,,,,,,126417,Clupea harengus
CA,I5034 ,2,NL ,64T2 ,MRN2 ,,,,10155140,2025NL5400038,2025,W,126417,,,1,38,,d ,,,,,MN1 ,1851,,,,,,,,126417,Clupea harengus
CA,I5034 ,2,NL ,64T2 ,MRN2 ,,,,10155892,2025NL5400039,2025,W,126417,,,1,34,,d ,,,,,MN1 ,1852,,,,,,,,126417,Clupea harengus
CA,I5034 ,2,NL ,64T2 ,MRN2 ,,,,10155892,2025NL5400039,2025,W,126417,,,1,35,,d ,,,,,MN1 ,1853,,,,,,,,126417,Clupea harengus
CA,I5034 ,2,NL ,64T2 ,MRN2 ,,,,10155892,2025NL5400039,2025,W,126417,,,1,37,,d ,,,,,MN1 ,1854,,,,,,,,126417,Clupea harengus
CA,I5034 ,2,NL ,64T2 ,MRN2 ,,,,10155116,2025NL5400040,2025,W,126417,,,1,29,,d ,,,,,MN1 ,1855,,,,,,,,126417,Clupea harengus
CA,I5034 ,2,NL ,64T2 ,MRN2 ,,,,10155116,2025NL5400040,2025,W,126417,,,1,30,,d ,,,,,MN1 ,1856,,,,,,,,126417,Clupea harengus
CA,I5034 ,2,NL ,64T2 ,MRN2 ,,,,10155116,2025NL5400040,2025,W,126417,,,1,32,,d ,,,,,MN1 ,1857,,,,,,,,126417,Clupea harengus
CA,I5034 ,2,NL ,64T2 ,MRN2 ,,,,10155116,2025NL5400040,2025,W,126417,,,1,33,,d ,,,,,MN1 ,1858,,,,,,,,126417,Clupea harengus
CA,I5034 ,2,NL ,64T2 ,MRN2 ,,,,10155116,2025NL5400040,2025,W,126417,,,1,34,,d ,,,,,MN1 ,1859,,,,,,,,126417,Clupea harengus
CA,I5034 ,2,NL ,64T2 ,MRN2 ,,,,10155116,2025NL5400040,2025,W,126417,,,1,36,,d ,,,,,MN1 ,1860,,,,,,,,126417,Clupea harengus
CA,I5034 ,2,NL ,64T2 ,MRN2 ,,,,10155893,2025NL5400041,2025,W,126417,,,1,28,,d ,,,,,MN1 ,1861,,,,,,,,126417,Clupea harengus
CA,I5034 ,2,NL ,64T2 ,MRN2 ,,,,10155893,2025NL5400041,2025,W,126417,,,1,30,,d ,,,,,MN1 ,1862,,,,,,,,126417,Clupea harengus
CA,I5034 ,2,NL ,64T2 ,MRN2 ,,,,10155893,2025NL5400041,2025,W,126417,,,1,31,,d ,,,,,MN1 ,1863,,,,,,,,126417,Clupea harengus
CA,I5034 ,2,NL ,64T2 ,MRN2 ,,,,10155893,2025NL5400041,2025,W,126417,,,1,32,,d ,,,,,MN1 ,1864,,,,,,,,126417,Clupea harengus
CA,I5034 ,2,NL ,64T2 ,MRN2 ,,,,10155893,2025NL5400041,2025,W,126417,,,1,33,,d ,,,,,MN1 ,1865,,,,,,,,126417,Clupea harengus
CA,I5034 ,2,NL ,64T2 ,MRN2 ,,,,10155893,2025NL5400041,2025,W,126417,,,1,34,,d ,,,,,MN1 ,1866,,,,,,,,126417,Clupea harengus
CA,I5034 ,2,NL ,64T2 ,MRN2 ,,,,10155893,2025NL5400041,2025,W,126417,,,1,35,,d ,,,,,MN1 ,1867,,,,,,,,126417,Clupea harengus
CA,I5034 ,2,NL ,64T2 ,MRN2 ,,,,10155893,2025NL5400041,2025,W,126417,,,1,36,,d ,,,,,MN1 ,1868,,,,,,,,126417,Clupea harengus
CA,I5034 ,2,NL ,64T2 ,MRN2 ,,,,10155893,2025NL5400041,2025,W,126417,,,1,37,,d ,,,,,MN1 ,1869,,,,,,,,126417,Clupea harengus
CA,I5034 ,2,NL ,64T2 ,MRN2 ,,,,10155891,2025NL5400042,2025,W,126417,,,1,28,,d ,,,,,MN1 ,1870,,,,,,,,126417,Clupea harengus
CA,I5034 ,2,NL ,64T2 ,MRN2 ,,,,10155891,2025NL5400042,2025,W,126417,,,1,29,,d ,,,,,MN1 ,1871,,,,,,,,126417,Clupea harengus
CA,I5034 ,2,NL ,64T2 ,MRN2 ,,,,10155891,2025NL5400042,2025,W,126417,,,1,30,,d ,,,,,MN1 ,1872,,,,,,,,126417,Clupea harengus
CA,I5034 ,2,NL ,64T2 ,MRN2 ,,,,10155891,2025NL5400042,2025,W,126417,,,1,31,,d ,,,,,MN1 ,1873,,,,,,,,126417,Clupea harengus
CA,I5034 ,2,NL ,64T2 ,MRN2 ,,,,10155891,2025NL5400042,2025,W,126417,,,1,32,,d ,,,,,MN1 ,1874,,,,,,,,126417,Clupea harengus
CA,I5034 ,2,NL ,64T2 ,MRN2 ,,,,10155891,2025NL5400042,2025,W,126417,,,1,33,,d ,,,,,MN1 ,1875,,,,,,,,126417,Clupea harengus
CA,I5034 ,2,NL ,64T2 ,MRN2 ,,,,10155891,2025NL5400042,2025,W,126417,,,1,34,,d ,,,,,MN1 ,1876,,,,,,,,126417,Clupea harengus
CA,I5034 ,2,NL ,64T2 ,MRN2 ,,,,10155891,2025NL5400042,2025,W,126417,,,1,35,,d ,,,,,MN1 ,1877,,,,,,,,126417,Clupea harengus
CA,I5034 ,2,NL ,64T2 ,MRN2 ,,,,10155891,2025NL5400042,2025,W,126417,,,1,39,,d ,,,,,MN1 ,1878,,,,,,,,126417,Clupea harengus
CA,I5034 ,2,NL ,64T2 ,MRN2 ,,,,10155115,2025NL5400043,2025,W,126417,,,1,26,,d ,,,,,MN1 ,1879,,,,,,,,126417,Clupea harengus
CA,I5034 ,2,NL ,64T2 ,MRN2 ,,,,10155115,2025NL5400043,2025,W,126417,,,1,30,,d ,,,,,MN1 ,1880,,,,,,,,126417,Clupea harengus
CA,I5034 ,2,NL ,64T2 ,MRN2 ,,,,10155115,2025NL5400043,2025,W,126417,,,1,31,,d ,,,,,MN1 ,1881,,,,,,,,126417,Clupea harengus
CA,I5034 ,2,NL ,64T2 ,MRN2 ,,,,10155115,2025NL5400043,2025,W,126417,,,1,32,,d ,,,,,MN1 ,1882,,,,,,,,126417,Clupea harengus
CA,I5034 ,2,NL ,64T2 ,MRN2 ,,,,10155115,2025NL5400043,2025,W,126417,,,1,33,,d ,,,,,MN1 ,1883,,,,,,,,126417,Clupea harengus
CA,I5034 ,2,NL ,64T2 ,MRN2 ,,,,10155115,2025NL5400043,2025,W,126417,,,1,34,,d ,,,,,MN1 ,1884,,,,,,,,126417,Clupea harengus
CA,I5034 ,2,NL ,64T2 ,MRN2 ,,,,10155142,2025NL5400044,2025,W,126417,,,1,29,,d ,,,,,MN1 ,1885,,,,,,,,126417,Clupea harengus
CA,I5034 ,2,NL ,64T2 ,MRN2 ,,,,10155142,2025NL5400044,2025,W,126417,,,1,30,,d ,,,,,MN1 ,1886,,,,,,,,126417,Clupea harengus
CA,I5034 ,2,NL ,64T2 ,MRN2 ,,,,10155142,2025NL5400044,2025,W,126417,,,1,31,,d ,,,,,MN1 ,1887,,,,,,,,126417,Clupea harengus
CA,I5034 ,2,NL ,64T2 ,MRN2 ,,,,10155142,2025NL5400044,2025,W,126417,,,1,32,,d ,,,,,MN1 ,1888,,,,,,,,126417,Clupea harengus
CA,I5034 ,2,NL ,64T2 ,MRN2 ,,,,10155142,2025NL5400044,2025,W,126417,,,1,33,,d ,,,,,MN1 ,1889,,,,,,,,126417,Clupea harengus
CA,I5034 ,2,NL ,64T2 ,MRN2 ,,,,10155142,2025NL5400044,2025,W,126417,,,1,34,,d ,,,,,MN1 ,1890,,,,,,,,126417,Clupea harengus
CA,I5034 ,2,NL ,64T2 ,MRN2 ,,,,10155142,2025NL5400044,2025,W,126417,,,1,35,,d ,,,,,MN1 ,1891,,,,,,,,126417,Clupea harengus
CA,I5034 ,2,NL ,64T2 ,MRN2 ,,,,10155142,2025NL5400044,2025,W,126417,,,1,36,,d ,,,,,MN1 ,1892,,,,,,,,126417,Clupea harengus
CA,I5034 ,2,NL ,64T2 ,MRN2 ,,,,10155142,2025NL5400044,2025,W,126417,,,1,37,,d ,,,,,MN1 ,1893,,,,,,,,126417,Clupea harengus
CA,I5034 ,2,NL ,64T2 ,MRN2 ,,,,10155108,2025NL5400045,2025,W,126417,,,1,30,,d ,,,,,MN1 ,1894,,,,,,,,126417,Clupea harengus
CA,I5034 ,2,NL ,64T2 ,MRN2 ,,,,10155108,2025NL5400045,2025,W,126417,,,1,31,,d ,,,,,MN1 ,1895,,,,,,,,126417,Clupea harengus
CA,I5034 ,2,NL ,64T2 ,MRN2 ,,,,10155108,2025NL5400045,2025,W,126417,,,1,32,,d ,,,,,MN1 ,1896,,,,,,,,126417,Clupea harengus
CA,I5034 ,2,NL ,64T2 ,MRN2 ,,,,10155108,2025NL5400045,2025,W,126417,,,1,33,,d ,,,,,MN1 ,1897,,,,,,,,126417,Clupea harengus
CA,I5034 ,2,NL ,64T2 ,MRN2 ,,,,10155108,2025NL5400045,2025,W,126417,,,1,34,,d ,,,,,MN1 ,1898,,,,,,,,126417,Clupea harengus
CA,I5034 ,2,NL ,64T2 ,MRN2 ,,,,10155108,2025NL5400045,2025,W,126417,,,1,35,,d ,,,,,MN1 ,1899,,,,,,,,126417,Clupea harengus
CA,I5034 ,2,NL ,64T2 ,MRN2 ,,,,10155108,2025NL5400045,2025,W,126417,,,1,36,,d ,,,,,MN1 ,1900,,,,,,,,126417,Clupea harengus
CA,I5034 ,2,NL ,64T2 ,MRN2 ,,,,10155108,2025NL5400045,2025,W,126417,,,1,37,,d ,,,,,MN1 ,1901,,,,,,,,126417,Clupea harengus
CA,I5034 ,2,NL ,64T2 ,MRN2 ,,,,10155108,2025NL5400045,2025,W,126417,,,1,38,,d ,,,,,MN1 ,1902,,,,,,,,126417,Clupea harengus
CA,I5034 ,2,NL ,64T2 ,MRN2 ,,,,10155108,2025NL5400045,2025,W,126417,,,1,39,,d ,,,,,MN1 ,1903,,,,,,,,126417,Clupea harengus
CA,I5034 ,2,NL ,64T2 ,MRN2 ,,,,10155122,2025NL5400046,2025,W,126417,,,1,26,,d ,,,,,MN1 ,1904,,,,,,,,126417,Clupea harengus
CA,I5034 ,2,NL ,64T2 ,MRN2 ,,,,10155122,2025NL5400046,2025,W,126417,,,1,27,,d ,,,,,MN1 ,1905,,,,,,,,126417,Clupea harengus
CA,I5034 ,2,NL ,64T2 ,MRN2 ,,,,10155122,2025NL5400046,2025,W,126417,,,1,28,,d ,,,,,MN1 ,1906,,,,,,,,126417,Clupea harengus
CA,I5034 ,2,NL ,64T2 ,MRN2 ,,,,10155122,2025NL5400046,2025,W,126417,,,1,29,,d ,,,,,MN1 ,1907,,,,,,,,126417,Clupea harengus
CA,I5034 ,2,NL ,64T2 ,MRN2 ,,,,10155122,2025NL5400046,2025,W,126417,,,1,30,,d ,,,,,MN1 ,1908,,,,,,,,126417,Clupea harengus
CA,I5034 ,2,NL ,64T2 ,MRN2 ,,,,10155122,2025NL5400046,2025,W,126417,,,1,31,,d ,,,,,MN1 ,1909,,,,,,,,126417,Clupea harengus
CA,I5034 ,2,NL ,64T2 ,MRN2 ,,,,10155122,2025NL5400046,2025,W,126417,,,1,32,,d ,,,,,MN1 ,1910,,,,,,,,126417,Clupea harengus
CA,I5034 ,2,NL ,64T2 ,MRN2 ,,,,10155122,2025NL5400046,2025,W,126417,,,1,33,,d ,,,,,MN1 ,1911,,,,,,,,126417,Clupea harengus
CA,I5034 ,2,NL ,64T2 ,MRN2 ,,,,10155122,2025NL5400046,2025,W,126417,,,1,34,,d ,,,,,MN1 ,1912,,,,,,,,126417,Clupea harengus
CA,I5034 ,2,NL ,64T2 ,MRN2 ,,,,10155122,2025NL5400046,2025,W,126417,,,1,35,,d ,,,,,MN1 ,1913,,,,,,,,126417,Clupea harengus
CA,I5034 ,2,NL ,64T2 ,MRN2 ,,,,10155888,2025NL5400047,2025,W,126417,,,1,25,,d ,,,,,MN1 ,1914,,,,,,,,126417,Clupea harengus
CA,I5034 ,2,NL ,64T2 ,MRN2 ,,,,10155888,2025NL5400047,2025,W,126417,,,1,26,,d ,,,,,MN1 ,1915,,,,,,,,126417,Clupea harengus
CA,I5034 ,2,NL ,64T2 ,MRN2 ,,,,10155888,2025NL5400047,2025,W,126417,,,1,27,,d ,,,,,MN1 ,1916,,,,,,,,126417,Clupea harengus
CA,I5034 ,2,NL ,64T2 ,MRN2 ,,,,10155888,2025NL5400047,2025,W,126417,,,1,28,,d ,,,,,MN1 ,1917,,,,,,,,126417,Clupea harengus
CA,I5034 ,2,NL ,64T2 ,MRN2 ,,,,10155888,2025NL5400047,2025,W,126417,,,1,29,,d ,,,,,MN1 ,1918,,,,,,,,126417,Clupea harengus
CA,I5034 ,2,NL ,64T2 ,MRN2 ,,,,10155888,2025NL5400047,2025,W,126417,,,1,30,,d ,,,,,MN1 ,1919,,,,,,,,126417,Clupea harengus
CA,I5034 ,2,NL ,64T2 ,MRN2 ,,,,10155888,2025NL5400047,2025,W,126417,,,1,31,,d ,,,,,MN1 ,1920,,,,,,,,126417,Clupea harengus
CA,I5034 ,2,NL ,64T2 ,MRN2 ,,,,10155888,2025NL5400047,2025,W,126417,,,1,32,,d ,,,,,MN1 ,1921,,,,,,,,126417,Clupea harengus
CA,I5034 ,2,NL ,64T2 ,MRN2 ,,,,10155888,2025NL5400047,2025,W,126417,,,1,33,,d ,,,,,MN1 ,1922,,,,,,,,126417,Clupea harengus
CA,I5034 ,2,NL ,64T2 ,MRN2 ,,,,10155888,2025NL5400047,2025,W,126417,,,1,34,,d ,,,,,MN1 ,1923,,,,,,,,126417,Clupea harengus
CA,I5034 ,2,NL ,64T2 ,MRN2 ,,,,10155888,2025NL5400047,2025,W,126417,,,1,35,,d ,,,,,MN1 ,1924,,,,,,,,126417,Clupea harengus
CA,I5034 ,2,NL ,64T2 ,MRN2 ,,,,10155888,2025NL5400047,2025,W,126417,,,1,37,,d ,,,,,MN1 ,1925,,,,,,,,126417,Clupea harengus
CA,I5034 ,2,NL ,64T2 ,MRN2 ,,,,10155888,2025NL5400047,2025,W,126417,,,1,38,,d ,,,,,MN1 ,1926,,,,,,,,126417,Clupea harengus
CA,I5034 ,2,NL ,64T2 ,MRN2 ,,,,10155888,2025NL5400047,2025,W,126417,,,1,39,,d ,,,,,MN1 ,1927,,,,,,,,126417,Clupea harengus
CA,I5034 ,2,NL ,64T2 ,MRN2 ,,,,10155888,2025NL5400047,2025,W,126417,,,1,45,,d ,,,,,MN1 ,1928,,,,,,,,126417,Clupea harengus
CA,I5034 ,2,NL ,64T2 ,MRN2 ,,,,10155888,2025NL5400047,2025,W,126417,,,1,40,,d ,,,,,MN1 ,1929,,,,,,,,126417,Clupea harengus
CA,I5034 ,2,NL ,64T2 ,MRN2 ,,,,10155148,2025NL5400048,2025,W,126417,,,1,25,,d ,,,,,MN1 ,1930,,,,,,,,126417,Clupea harengus
CA,I5034 ,2,NL ,64T2 ,MRN2 ,,,,10155148,2025NL5400048,2025,W,126417,,,1,26,,d ,,,,,MN1 ,1931,,,,,,,,126417,Clupea harengus
CA,I5034 ,2,NL ,64T2 ,MRN2 ,,,,10155148,2025NL5400048,2025,W,126417,,,1,27,,d ,,,,,MN1 ,1932,,,,,,,,126417,Clupea harengus
CA,I5034 ,2,NL ,64T2 ,MRN2 ,,,,10155148,2025NL5400048,2025,W,126417,,,1,28,,d ,,,,,MN1 ,1933,,,,,,,,126417,Clupea harengus
CA,I5034 ,2,NL ,64T2 ,MRN2 ,,,,10155148,2025NL5400048,2025,W,126417,,,1,29,,d ,,,,,MN1 ,1934,,,,,,,,126417,Clupea harengus
CA,I5034 ,2,NL ,64T2 ,MRN2 ,,,,10155148,2025NL5400048,2025,W,126417,,,1,30,,d ,,,,,MN1 ,1935,,,,,,,,126417,Clupea harengus
CA,I5034 ,2,NL ,64T2 ,MRN2 ,,,,10155148,2025NL5400048,2025,W,126417,,,1,31,,d ,,,,,MN1 ,1936,,,,,,,,126417,Clupea harengus
CA,I5034 ,2,NL ,64T2 ,MRN2 ,,,,10155148,2025NL5400048,2025,W,126417,,,1,33,,d ,,,,,MN1 ,1937,,,,,,,,126417,Clupea harengus
CA,I5034 ,2,NL ,64T2 ,MRN2 ,,,,10155148,2025NL5400048,2025,W,126417,,,1,34,,d ,,,,,MN1 ,1938,,,,,,,,126417,Clupea harengus
CA,I5034 ,2,NL ,64T2 ,MRN2 ,,,,10155148,2025NL5400048,2025,W,126417,,,1,35,,d ,,,,,MN1 ,1939,,,,,,,,126417,Clupea harengus
CA,I5034 ,2,NL ,64T2 ,MRN2 ,,,,10155148,2025NL5400048,2025,W,126417,,,1,36,,d ,,,,,MN1 ,1940,,,,,,,,126417,Clupea harengus
CA,I5034 ,2,NL ,64T2 ,MRN2 ,,,,10155148,2025NL5400048,2025,W,126417,,,1,38,,d ,,,,,MN1 ,1941,,,,,,,,126417,Clupea harengus
CA,I5034 ,2,NL ,64T2 ,MRN2 ,,,,10155148,2025NL5400048,2025,W,126417,,,1,40,,d ,,,,,MN1 ,1942,,,,,,,,126417,Clupea harengus
CA,I5034 ,2,NL ,64T2 ,MRN2 ,,,,10155141,2025NL5400049,2025,W,126417,,,1,27,,d ,,,,,MN1 ,1943,,,,,,,,126417,Clupea harengus
CA,I5034 ,2,NL ,64T2 ,MRN2 ,,,,10155141,2025NL5400049,2025,W,126417,,,1,28,,d ,,,,,MN1 ,1944,,,,,,,,126417,Clupea harengus
CA,I5034 ,2,NL ,64T2 ,MRN2 ,,,,10155141,2025NL5400049,2025,W,126417,,,1,29,,d ,,,,,MN1 ,1945,,,,,,,,126417,Clupea harengus
CA,I5034 ,2,NL ,64T2 ,MRN2 ,,,,10155141,2025NL5400049,2025,W,126417,,,1,30,,d ,,,,,MN1 ,1946,,,,,,,,126417,Clupea harengus
CA,I5034 ,2,NL ,64T2 ,MRN2 ,,,,10155141,2025NL5400049,2025,W,126417,,,1,31,,d ,,,,,MN1 ,1947,,,,,,,,126417,Clupea harengus
CA,I5034 ,2,NL ,64T2 ,MRN2 ,,,,10155141,2025NL5400049,2025,W,126417,,,1,32,,d ,,,,,MN1 ,1948,,,,,,,,126417,Clupea harengus
CA,I5034 ,2,NL ,64T2 ,MRN2 ,,,,10155141,2025NL5400049,2025,W,126417,,,1,33,,d ,,,,,MN1 ,1949,,,,,,,,126417,Clupea harengus
CA,I5034 ,2,NL ,64T2 ,MRN2 ,,,,10155141,2025NL5400049,2025,W,126417,,,1,34,,d ,,,,,MN1 ,1950,,,,,,,,126417,Clupea harengus
CA,I5034 ,2,NL ,64T2 ,MRN2 ,,,,10155141,2025NL5400049,2025,W,126417,,,1,35,,d ,,,,,MN1 ,1951,,,,,,,,126417,Clupea harengus
CA,I5034 ,2,NL ,64T2 ,MRN2 ,,,,10155141,2025NL5400049,2025,W,126417,,,1,40,,d ,,,,,MN1 ,1952,,,,,,,,126417,Clupea harengus
CA,I5034 ,2,NL ,64T2 ,MRN2 ,,,,10155141,2025NL5400049,2025,W,126417,,,1,41,,d ,,,,,MN1 ,1953,,,,,,,,126417,Clupea harengus
CA,I5034 ,2,NL ,64T2 ,MRN2 ,,,,10155141,2025NL5400049,2025,W,126417,,,1,42,,d ,,,,,MN1 ,1954,,,,,,,,126417,Clupea harengus
CA,I5034 ,2,NL ,64T2 ,MRN2 ,,,,10155135,2025NL5400050,2025,W,126417,,,1,13,,c ,,,,,MN1 ,1955,,,,,,,,126417,Clupea harengus
CA,I5034 ,2,NL ,64T2 ,MRN2 ,,,,10155135,2025NL5400050,2025,W,126417,,,1,26,,d ,,,,,MN1 ,1956,,,,,,,,126417,Clupea harengus
CA,I5034 ,2,NL ,64T2 ,MRN2 ,,,,10155135,2025NL5400050,2025,W,126417,,,1,29,,d ,,,,,MN1 ,1957,,,,,,,,126417,Clupea harengus
CA,I5034 ,2,NL ,64T2 ,MRN2 ,,,,10155135,2025NL5400050,2025,W,126417,,,1,30,,d ,,,,,MN1 ,1958,,,,,,,,126417,Clupea harengus
CA,I5034 ,2,NL ,64T2 ,MRN2 ,,,,10155135,2025NL5400050,2025,W,126417,,,1,31,,d ,,,,,MN1 ,1959,,,,,,,,126417,Clupea harengus
CA,I5034 ,2,NL ,64T2 ,MRN2 ,,,,10155135,2025NL5400050,2025,W,126417,,,1,32,,d ,,,,,MN1 ,1960,,,,,,,,126417,Clupea harengus
CA,I5034 ,2,NL ,64T2 ,MRN2 ,,,,10155135,2025NL5400050,2025,W,126417,,,1,33,,d ,,,,,MN1 ,1961,,,,,,,,126417,Clupea harengus
CA,I5034 ,2,NL ,64T2 ,MRN2 ,,,,10155135,2025NL5400050,2025,W,126417,,,1,34,,d ,,,,,MN1 ,1962,,,,,,,,126417,Clupea harengus
CA,I5034 ,2,NL ,64T2 ,MRN2 ,,,,10155135,2025NL5400050,2025,W,126417,,,1,45,,d ,,,,,MN1 ,1963,,,,,,,,126417,Clupea harengus
CA,I5034 ,2,NL ,64T2 ,MRN2 ,,,,10155130,2025NL5400051,2025,W,126417,,,1,31,,d ,,,,,MN1 ,1964,,,,,,,,126417,Clupea harengus
CA,I5034 ,2,NL ,64T2 ,MRN2 ,,,,10155130,2025NL5400051,2025,W,126417,,,1,33,,d ,,,,,MN1 ,1965,,,,,,,,126417,Clupea harengus
CA,I5034 ,2,NL ,64T2 ,MRN2 ,,,,10155130,2025NL5400051,2025,W,126417,,,1,34,,d ,,,,,MN1 ,1966,,,,,,,,126417,Clupea harengus
CA,I5034 ,2,NL ,64T2 ,MRN2 ,,,,10155130,2025NL5400051,2025,W,126417,,,1,35,,d ,,,,,MN1 ,1967,,,,,,,,126417,Clupea harengus
CA,I5034 ,2,NL ,64T2 ,MRN2 ,,,,10155127,2025NL5400052,2025,W,126417,,,1,14,,c ,,,,,MN1 ,1968,,,,,,,,126417,Clupea harengus
CA,I5034 ,2,NL ,64T2 ,MRN2 ,,,,10155127,2025NL5400052,2025,W,126417,,,1,18,,d ,,,,,MN1 ,1969,,,,,,,,126417,Clupea harengus
CA,I5034 ,2,NL ,64T2 ,MRN2 ,,,,10155127,2025NL5400052,2025,W,126417,,,1,19,,d ,,,,,MN1 ,1970,,,,,,,,126417,Clupea harengus
CA,I5034 ,2,NL ,64T2 ,MRN2 ,,,,10155127,2025NL5400052,2025,W,126417,,,1,26,,d ,,,,,MN1 ,1971,,,,,,,,126417,Clupea harengus
CA,I5034 ,2,NL ,64T2 ,MRN2 ,,,,10155127,2025NL5400052,2025,W,126417,,,1,28,,d ,,,,,MN1 ,1972,,,,,,,,126417,Clupea harengus
CA,I5034 ,2,NL ,64T2 ,MRN2 ,,,,10155127,2025NL5400052,2025,W,126417,,,1,29,,d ,,,,,MN1 ,1973,,,,,,,,126417,Clupea harengus
CA,I5034 ,2,NL ,64T2 ,MRN2 ,,,,10155127,2025NL5400052,2025,W,126417,,,1,30,,d ,,,,,MN1 ,1974,,,,,,,,126417,Clupea harengus
CA,I5034 ,2,NL ,64T2 ,MRN2 ,,,,10155127,2025NL5400052,2025,W,126417,,,1,31,,d ,,,,,MN1 ,1975,,,,,,,,126417,Clupea harengus
CA,I5034 ,2,NL ,64T2 ,MRN2 ,,,,10155127,2025NL5400052,2025,W,126417,,,1,32,,d ,,,,,MN1 ,1976,,,,,,,,126417,Clupea harengus
CA,I5034 ,2,NL ,64T2 ,MRN2 ,,,,10155127,2025NL5400052,2025,W,126417,,,1,33,,d ,,,,,MN1 ,1977,,,,,,,,126417,Clupea harengus
CA,I5034 ,2,NL ,64T2 ,MRN2 ,,,,10155127,2025NL5400052,2025,W,126417,,,1,34,,d ,,,,,MN1 ,1978,,,,,,,,126417,Clupea harengus
CA,I5034 ,2,NL ,64T2 ,MRN2 ,,,,10155127,2025NL5400052,2025,W,126417,,,1,35,,d ,,,,,MN1 ,1979,,,,,,,,126417,Clupea harengus
CA,I5034 ,2,NL ,64T2 ,MRN2 ,,,,10155127,2025NL5400052,2025,W,126417,,,1,38,,d ,,,,,MN1 ,1980,,,,,,,,126417,Clupea harengus
CA,I5034 ,2,NL ,64T2 ,MRN2 ,,,,10155127,2025NL5400052,2025,W,126417,,,1,29,,d ,,,,,MN1 ,1981,,,,,,,,126417,Clupea harengus
CA,I5034 ,2,NL ,64T2 ,MRN2 ,,,,10155137,2025NL5400053,2025,W,126417,,,1,19,,d ,,,,,MN1 ,1982,,,,,,,,126417,Clupea harengus
CA,I5034 ,2,NL ,64T2 ,MRN2 ,,,,10155137,2025NL5400053,2025,W,126417,,,1,26,,d ,,,,,MN1 ,1983,,,,,,,,126417,Clupea harengus
CA,I5034 ,2,NL ,64T2 ,MRN2 ,,,,10155137,2025NL5400053,2025,W,126417,,,1,28,,d ,,,,,MN1 ,1984,,,,,,,,126417,Clupea harengus
CA,I5034 ,2,NL ,64T2 ,MRN2 ,,,,10155137,2025NL5400053,2025,W,126417,,,1,30,,d ,,,,,MN1 ,1985,,,,,,,,126417,Clupea harengus
CA,I5034 ,2,NL ,64T2 ,MRN2 ,,,,10155137,2025NL5400053,2025,W,126417,,,1,31,,d ,,,,,MN1 ,1986,,,,,,,,126417,Clupea harengus
CA,I5034 ,2,NL ,64T2 ,MRN2 ,,,,10155137,2025NL5400053,2025,W,126417,,,1,33,,d ,,,,,MN1 ,1987,,,,,,,,126417,Clupea harengus
CA,I5034 ,2,NL ,64T2 ,MRN2 ,,,,10155137,2025NL5400053,2025,W,126417,,,1,34,,d ,,,,,MN1 ,1988,,,,,,,,126417,Clupea harengus
CA,I5034 ,2,NL ,64T2 ,MRN2 ,,,,10155118,2025NL5400055,2025,W,126417,,,1,32,,d ,,,,,MN1 ,1989,,,,,,,,126417,Clupea harengus
CA,I5034 ,2,NL ,64T2 ,MRN2 ,,,,10155099,2025NL5400056,2025,W,126417,,,1,33,,d ,,,,,MN1 ,1990,,,,,,,,126417,Clupea harengus
CA,I5034 ,2,NL ,64T2 ,MRN2 ,,,,10155099,2025NL5400056,2025,W,126417,,,1,34,,d ,,,,,MN1 ,1991,,,,,,,,126417,Clupea harengus
CA,I5034 ,2,NL ,64T2 ,MRN2 ,,,,10155099,2025NL5400056,2025,W,126417,,,1,35,,d ,,,,,MN1 ,1992,,,,,,,,126417,Clupea harengus
CA,I5034 ,2,NL ,64T2 ,MRN2 ,,,,10155099,2025NL5400056,2025,W,126417,,,1,36,,d ,,,,,MN1 ,1993,,,,,,,,126417,Clupea harengus
CA,I5034 ,2,NL ,64T2 ,MRN2 ,,,,10155099,2025NL5400056,2025,W,126417,,,1,40,,d ,,,,,MN1 ,1994,,,,,,,,126417,Clupea harengus
CA,I5034 ,2,NL ,64T2 ,MRN2 ,,,,10155099,2025NL5400056,2025,W,126417,,,1,32,,d ,,,,,MN1 ,1995,,,,,,,,126417,Clupea harengus
CA,I5034 ,2,NL ,64T2 ,MRN2 ,,,,10155104,2025NL5400061,2025,W,126417,,,1,31,,d ,,,,,MN1 ,1996,,,,,,,,126417,Clupea harengus
CA,I5034 ,2,NL ,64T2 ,MRN2 ,,,,10155104,2025NL5400061,2025,W,126417,,,1,32,,d ,,,,,MN1 ,1997,,,,,,,,126417,Clupea harengus
CA,I5034 ,2,NL ,64T2 ,MRN2 ,,,,10155104,2025NL5400061,2025,W,126417,,,1,33,,d ,,,,,MN1 ,1998,,,,,,,,126417,Clupea harengus
CA,I5034 ,2,NL ,64T2 ,MRN2 ,,,,10155104,2025NL5400061,2025,W,126417,,,1,37,,d ,,,,,MN1 ,1999,,,,,,,,126417,Clupea harengus
CA,I5034 ,2,NL ,64T2 ,MRN2 ,,,,10155102,2025NL5400066,2025,W,126417,,,1,20,,d ,,,,,MN1 ,2000,,,,,,,,126417,Clupea harengus
CA,I5034 ,2,NL ,64T2 ,MRN2 ,,,,10155102,2025NL5400066,2025,W,126417,,,1,40,,d ,,,,,MN1 ,2001,,,,,,,,126417,Clupea harengus
CA,I5034 ,2,NL ,64T2 ,MRN2 ,,,,10155112,2025NL5400069,2025,W,126417,,,1,42,,d ,,,,,MN1 ,2002,,,,,,,,126417,Clupea harengus
CA,I5034 ,2,NL ,64T2 ,MRN2 ,,,,10155106,2025NL5400070,2025,W,126417,,,1,38,,d ,,,,,MN1 ,2003,,,,,,,,126417,Clupea harengus
CA,I5034 ,2,NL ,64T2 ,MRN2 ,,,,10155106,2025NL5400070,2025,W,126417,,,1,40,,d ,,,,,MN1 ,2004,,,,,,,,126417,Clupea harengus
CA,I5034 ,2,NL ,64T2 ,MRN2 ,,,,10155106,2025NL5400070,2025,W,126417,,,1,41,,d ,,,,,MN1 ,2005,,,,,,,,126417,Clupea harengus
CA,I5034 ,2,NL ,64T2 ,MRN2 ,,,,10155126,2025NL5400074,2025,W,126417,,,1,35,,d ,,,,,MN1 ,2006,,,,,,,,126417,Clupea harengus
CA,I5034 ,2,NL ,64T2 ,MRN2 ,,,,10155890,2025NL5400079,2025,W,126417,,,1,23,,d ,,,,,MN1 ,2007,,,,,,,,126417,Clupea harengus
CA,I5034 ,2,NL ,64T2 ,MRN2 ,,,,10155890,2025NL5400079,2025,W,126417,,,1,28,,d ,,,,,MN1 ,2008,,,,,,,,126417,Clupea harengus
CA,I5034 ,2,NL ,64T2 ,MRN2 ,,,,10155100,2025NL5400083,2025,W,126417,,,1,29,,d ,,,,,MN1 ,2009,,,,,,,,126417,Clupea harengus
CA,I5034 ,2,NL ,64T2 ,MRN2 ,,,,10155100,2025NL5400083,2025,W,126417,,,1,30,,d ,,,,,MN1 ,2010,,,,,,,,126417,Clupea harengus
CA,I5034 ,2,NL ,64T2 ,MRN2 ,,,,10155100,2025NL5400083,2025,W,126417,,,1,33,,d ,,,,,MN1 ,2011,,,,,,,,126417,Clupea harengus
CA,I5034 ,2,NL ,64T2 ,MRN2 ,,,,10155136,2025NL5400085,2025,W,126417,,,1,25,,d ,,,,,MN1 ,2012,,,,,,,,126417,Clupea harengus
CA,I5034 ,2,NL ,64T2 ,MRN2 ,,,,10155136,2025NL5400085,2025,W,126417,,,1,26,,d ,,,,,MN1 ,2013,,,,,,,,126417,Clupea harengus
CA,I5034 ,2,NL ,64T2 ,MRN2 ,,,,10155136,2025NL5400085,2025,W,126417,,,1,27,,d ,,,,,MN1 ,2014,,,,,,,,126417,Clupea harengus
CA,I5034 ,2,NL ,64T2 ,MRN2 ,,,,10155136,2025NL5400085,2025,W,126417,,,1,28,,d ,,,,,MN1 ,2015,,,,,,,,126417,Clupea harengus
CA,I5034 ,2,NL ,64T2 ,MRN2 ,,,,10155136,2025NL5400085,2025,W,126417,,,1,29,,d ,,,,,MN1 ,2016,,,,,,,,126417,Clupea harengus
CA,I5034 ,2,NL ,64T2 ,MRN2 ,,,,10155136,2025NL5400085,2025,W,126417,,,1,30,,d ,,,,,MN1 ,2017,,,,,,,,126417,Clupea harengus
CA,I5034 ,2,NL ,64T2 ,MRN2 ,,,,10155136,2025NL5400085,2025,W,126417,,,1,31,,d ,,,,,MN1 ,2018,,,,,,,,126417,Clupea harengus
CA,I5034 ,2,NL ,64T2 ,MRN2 ,,,,10155136,2025NL5400085,2025,W,126417,,,1,32,,d ,,,,,MN1 ,2019,,,,,,,,126417,Clupea harengus
CA,I5034 ,2,NL ,64T2 ,MRN2 ,,,,10155136,2025NL5400085,2025,W,126417,,,1,29,,d ,,,,,MN1 ,2020,,,,,,,,126417,Clupea harengus
CA,I5034 ,2,NL ,64T2 ,MRN2 ,,,,10155136,2025NL5400085,2025,W,126417,,,1,31,,d ,,,,,MN1 ,2021,,,,,,,,126417,Clupea harengus
CA,I5034 ,2,NL ,64T2 ,MRN2 ,,,,10155136,2025NL5400085,2025,W,126417,,,1,30,,d ,,,,,MN1 ,2022,,,,,,,,126417,Clupea harengus
CA,I5034 ,2,NL ,64T2 ,MRN2 ,,,,10155136,2025NL5400085,2025,W,126417,,,1,32,,d ,,,,,MN1 ,2023,,,,,,,,126417,Clupea harengus
CA,I5034 ,2,NL ,64T2 ,MRN2 ,,,,10155136,2025NL5400085,2025,W,126417,,,1,28,,d ,,,,,MN1 ,2024,,,,,,,,126417,Clupea harengus
CA,I5034 ,2,NL ,64T2 ,MRN2 ,,,,10155136,2025NL5400085,2025,W,126417,,,1,33,,d ,,,,,MN1 ,2025,,,,,,,,126417,Clupea harengus
CA,I5034 ,2,NL ,64T2 ,MRN2 ,,,,10155124,2025NL5400086,2025,W,126417,,,1,30,,d ,,,,,MN1 ,2026,,,,,,,,126417,Clupea harengus
CA,I5034 ,2,NL ,64T2 ,MRN2 ,,,,10155124,2025NL5400086,2025,W,126417,,,1,31,,d ,,,,,MN1 ,2027,,,,,,,,126417,Clupea harengus
CA,I5034 ,2,NL ,64T2 ,MRN2 ,,,,10155124,2025NL5400086,2025,W,126417,,,1,32,,d ,,,,,MN1 ,2028,,,,,,,,126417,Clupea harengus
CA,I5034 ,2,NL ,64T2 ,MRN2 ,,,,10155124,2025NL5400086,2025,W,126417,,,1,34,,d ,,,,,MN1 ,2029,,,,,,,,126417,Clupea harengus
CA,I5034 ,2,NL ,64T2 ,MRN2 ,,,,10155124,2025NL5400086,2025,W,126417,,,1,29,,d ,,,,,MN1 ,2030,,,,,,,,126417,Clupea harengus
CA,I5034 ,2,NL ,64T2 ,MRN2 ,,,,10155124,2025NL5400086,2025,W,126417,,,1,30,,d ,,,,,MN1 ,2031,,,,,,,,126417,Clupea harengus
CA,I5034 ,2,NL ,64T2 ,MRN2 ,,,,10155124,2025NL5400086,2025,W,126417,,,1,31,,d ,,,,,MN1 ,2032,,,,,,,,126417,Clupea harengus
CA,I5034 ,2,NL ,64T2 ,MRN2 ,,,,10155124,2025NL5400086,2025,W,126417,,,1,32,,d ,,,,,MN1 ,2033,,,,,,,,126417,Clupea harengus
CA,I5034 ,2,NL ,64T2 ,MRN2 ,,,,10155124,2025NL5400086,2025,W,126417,,,1,33,,d ,,,,,MN1 ,2034,,,,,,,,126417,Clupea harengus
CA,I5034 ,2,NL ,64T2 ,MRN2 ,,,,10155124,2025NL5400086,2025,W,126417,,,1,34,,d ,,,,,MN1 ,2035,,,,,,,,126417,Clupea harengus
CA,I5034 ,2,NL ,64T2 ,MRN2 ,,,,10155124,2025NL5400086,2025,W,126417,,,1,35,,d ,,,,,MN1 ,2036,,,,,,,,126417,Clupea harengus
CA,I5034 ,2,NL ,64T2 ,MRN2 ,,,,10155124,2025NL5400086,2025,W,126417,,,1,36,,d ,,,,,MN1 ,2037,,,,,,,,126417,Clupea harengus
CA,I5034 ,2,NL ,64T2 ,MRN2 ,,,,10155124,2025NL5400086,2025,W,126417,,,1,30,,d ,,,,,MN1 ,2038,,,,,,,,126417,Clupea harengus
CA,I5034 ,2,NL ,64T2 ,MRN2 ,,,,10155124,2025NL5400086,2025,W,126417,,,1,31,,d ,,,,,MN1 ,2039,,,,,,,,126417,Clupea harengus
CA,I5034 ,2,NL ,64T2 ,MRN2 ,,,,10155124,2025NL5400086,2025,W,126417,,,1,32,,d ,,,,,MN1 ,2040,,,,,,,,126417,Clupea harengus
CA,I5034 ,2,NL ,64T2 ,MRN2 ,,,,10155124,2025NL5400086,2025,W,126417,,,1,34,,d ,,,,,MN1 ,2041,,,,,,,,126417,Clupea harengus
CA,I5034 ,2,NL ,64T2 ,MRN2 ,,,,10155124,2025NL5400086,2025,W,126417,,,1,38,,d ,,,,,MN1 ,2042,,,,,,,,126417,Clupea harengus
CA,I5034 ,2,NL ,64T2 ,MRN2 ,,,,10155124,2025NL5400086,2025,W,126417,,,1,34,,d ,,,,,MN1 ,2043,,,,,,,,126417,Clupea harengus
CA,I5034 ,2,NL ,64T2 ,MRN2 ,,,,10155111,2025NL5400087,2025,W,126417,,,1,27,,d ,,,,,MN1 ,2044,,,,,,,,126417,Clupea harengus
CA,I5034 ,2,NL ,64T2 ,MRN2 ,,,,10155111,2025NL5400087,2025,W,126417,,,1,28,,d ,,,,,MN1 ,2045,,,,,,,,126417,Clupea harengus
CA,I5034 ,2,NL ,64T2 ,MRN2 ,,,,10155111,2025NL5400087,2025,W,126417,,,1,29,,d ,,,,,MN1 ,2046,,,,,,,,126417,Clupea harengus
CA,I5034 ,2,NL ,64T2 ,MRN2 ,,,,10155111,2025NL5400087,2025,W,126417,,,1,30,,d ,,,,,MN1 ,2047,,,,,,,,126417,Clupea harengus
CA,I5034 ,2,NL ,64T2 ,MRN2 ,,,,10155111,2025NL5400087,2025,W,126417,,,1,31,,d ,,,,,MN1 ,2048,,,,,,,,126417,Clupea harengus
CA,I5034 ,2,NL ,64T2 ,MRN2 ,,,,10155111,2025NL5400087,2025,W,126417,,,1,33,,d ,,,,,MN1 ,2049,,,,,,,,126417,Clupea harengus
CA,I5034 ,2,NL ,64T2 ,MRN2 ,,,,10155111,2025NL5400087,2025,W,126417,,,1,32,,d ,,,,,MN1 ,2050,,,,,,,,126417,Clupea harengus
CA,I5034 ,2,NL ,64T2 ,MRN2 ,,,,10155111,2025NL5400087,2025,W,126417,,,1,34,,d ,,,,,MN1 ,2051,,,,,,,,126417,Clupea harengus
CA,I5034 ,2,NL ,64T2 ,MRN2 ,,,,10155149,2025NL5400088,2025,W,126417,,,1,25,,d ,,,,,MN1 ,2052,,,,,,,,126417,Clupea harengus
CA,I5034 ,2,NL ,64T2 ,MRN2 ,,,,10155149,2025NL5400088,2025,W,126417,,,1,26,,d ,,,,,MN1 ,2053,,,,,,,,126417,Clupea harengus
CA,I5034 ,2,NL ,64T2 ,MRN2 ,,,,10155149,2025NL5400088,2025,W,126417,,,1,27,,d ,,,,,MN1 ,2054,,,,,,,,126417,Clupea harengus
CA,I5034 ,2,NL ,64T2 ,MRN2 ,,,,10155149,2025NL5400088,2025,W,126417,,,1,28,,d ,,,,,MN1 ,2055,,,,,,,,126417,Clupea harengus
CA,I5034 ,2,NL ,64T2 ,MRN2 ,,,,10155149,2025NL5400088,2025,W,126417,,,1,29,,d ,,,,,MN1 ,2056,,,,,,,,126417,Clupea harengus
CA,I5034 ,2,NL ,64T2 ,MRN2 ,,,,10155149,2025NL5400088,2025,W,126417,,,1,30,,d ,,,,,MN1 ,2057,,,,,,,,126417,Clupea harengus
CA,I5034 ,2,NL ,64T2 ,MRN2 ,,,,10155149,2025NL5400088,2025,W,126417,,,1,31,,d ,,,,,MN1 ,2058,,,,,,,,126417,Clupea harengus
CA,I5034 ,2,NL ,64T2 ,MRN2 ,,,,10155149,2025NL5400088,2025,W,126417,,,1,32,,d ,,,,,MN1 ,2059,,,,,,,,126417,Clupea harengus
CA,I5034 ,2,NL ,64T2 ,MRN2 ,,,,10155149,2025NL5400088,2025,W,126417,,,1,33,,d ,,,,,MN1 ,2060,,,,,,,,126417,Clupea harengus
CA,I5034 ,2,NL ,64T2 ,MRN2 ,,,,10155149,2025NL5400088,2025,W,126417,,,1,34,,d ,,,,,MN1 ,2061,,,,,,,,126417,Clupea harengus
CA,I5034 ,2,NL ,64T2 ,MRN2 ,,,,10155149,2025NL5400088,2025,W,126417,,,1,35,,d ,,,,,MN1 ,2062,,,,,,,,126417,Clupea harengus
CA,I5034 ,2,GB-ENG,74E9,MRN2,,,,2,20250215,2025,W,126417,,,1,23,,D,,,,,MN1,2063,,,,,,,,126417,Clupea harengus
CA,I5034 ,2,GB-ENG,74E9,MRN2,,,,2,20250215,2025,W,126417,,,1,36,,D,,,,,MN1,2064,,,,,,,,126417,Clupea harengus
CA,I5034 ,2,GB-ENG,74E9,MRN2,,,,2,20250215,2025,W,126417,,,1,37,,D,,,,,MN1,2065,,,,,,,,126417,Clupea harengus
CA,I5034 ,2,GB-ENG,74E9,MRN2,,,,2,20250215,2025,W,126417,,,1,38,,D,,,,,MN1,2066,,,,,,,,126417,Clupea harengus
CA,I5034 ,2,GB-ENG,74E9,MRN2,,,,2,20250215,2025,W,126417,,,1,39,,D,,,,,MN1,2067,,,,,,,,126417,Clupea harengus
CA,I5034 ,2,GB-ENG,74E9,MRN2,,,,2,20250215,2025,W,126417,,,1,41,,D,,,,,MN1,2068,,,,,,,,126417,Clupea harengus
CA,I5034 ,2,GB-ENG,74E9,MRN2,,,,2,20250215,2025,W,126417,,,1,23,,D,,,,,MN1,2069,,,,,,,,126417,Clupea harengus
CA,I5034 ,2,GB-ENG,74E9,MRN2,,,,2,20250215,2025,W,126417,,,1,24,,D,,,,,MN1,2070,,,,,,,,126417,Clupea harengus
CA,I5034 ,2,GB-ENG,74E9,MRN2,,,,2,20250215,2025,W,126417,,,1,29,,D,,,,,MN1,2071,,,,,,,,126417,Clupea harengus
CA,I5034 ,2,GB-ENG,74E9,MRN2,,,,3,20250308,2025,W,126417,,,1,21,,D,,,,,MN1,2072,,,,,,,,126417,Clupea harengus
CA,I5034 ,2,GB-ENG,74E9,MRN2,,,,3,20250308,2025,W,126417,,,1,22,,D,,,,,MN1,2073,,,,,,,,126417,Clupea harengus
CA,I5034 ,2,GB-ENG,74E9,MRN2,,,,3,20250308,2025,W,126417,,,1,23,,D,,,,,MN1,2074,,,,,,,,126417,Clupea harengus
CA,I5034 ,2,GB-ENG,74E9,MRN2,,,,3,20250308,2025,W,126417,,,1,24,,D,,,,,MN1,2075,,,,,,,,126417,Clupea harengus
CA,I5034 ,2,GB-ENG,74E9,MRN2,,,,3,20250308,2025,W,126417,,,1,25,,D,,,,,MN1,2076,,,,,,,,126417,Clupea harengus
CA,I5034 ,2,GB-ENG,74E9,MRN2,,,,3,20250308,2025,W,126417,,,1,26,,D,,,,,MN1,2077,,,,,,,,126417,Clupea harengus
CA,I5034 ,2,GB-ENG,74E9,MRN2,,,,3,20250308,2025,W,126417,,,1,27,,D,,,,,MN1,2078,,,,,,,,126417,Clupea harengus
CA,I5034 ,2,GB-ENG,74E9,MRN2,,,,3,20250308,2025,W,126417,,,1,28,,D,,,,,MN1,2079,,,,,,,,126417,Clupea harengus
CA,I5034 ,2,GB-ENG,74E9,MRN2,,,,3,20250308,2025,W,126417,,,1,29,,D,,,,,MN1,2080,,,,,,,,126417,Clupea harengus
CA,I5034 ,2,GB-ENG,74E9,MRN2,,,,3,20250308,2025,W,126417,,,1,30,,D,,,,,MN1,2081,,,,,,,,126417,Clupea harengus
CA,I5034 ,2,GB-ENG,74E9,MRN2,,,,3,20250308,2025,W,126417,,,1,23,,D,,,,,MN1,2082,,,,,,,,126417,Clupea harengus
CA,I5034 ,2,GB-ENG,74E9,MRN2,,,,3,20250308,2025,W,126417,,,1,25,,D,,,,,MN1,2083,,,,,,,,126417,Clupea harengus
CA,I5034 ,2,GB-ENG,74E9,MRN2,,,,3,20250308,2025,W,126417,,,1,26,,D,,,,,MN1,2084,,,,,,,,126417,Clupea harengus
CA,I5034 ,2,GB-ENG,74E9,MRN2,,,,3,20250308,2025,W,126417,,,1,27,,D,,,,,MN1,2085,,,,,,,,126417,Clupea harengus
CA,I5034 ,2,GB-ENG,74E9,MRN2,,,,3,20250308,2025,W,126417,,,1,28,,D,,,,,MN1,2086,,,,,,,,126417,Clupea harengus
CA,I5034 ,2,GB-ENG,74E9,MRN2,,,,3,20250308,2025,W,126417,,,1,29,,D,,,,,MN1,2087,,,,,,,,126417,Clupea harengus
CA,I5034 ,2,GB-ENG,74E9,MRN2,,,,3,20250308,2025,W,126417,,,1,,,,,,,,MN1,2088,,,,,,,,126417,Clupea harengus
CA,I5034 ,2,GB-ENG,74E9,MRN2,,,,9,20250917,2025,W,126417,,,1,19,,D,,,,,MN1,2089,,,,,,,,126417,Clupea harengus
CA,I5034 ,2,GB-ENG,74E9,MRN2,,,,9,20250917,2025,W,126417,,,1,21,,D,,,,,MN1,2090,,,,,,,,126417,Clupea harengus
CA,I5034 ,2,GB-ENG,74E9,MRN2,,,,10,20251018,2025,W,126417,,,1,22,,D,,,,,MN1,2091,,,,,,,,126417,Clupea harengus
CA,I5034 ,2,GB-ENG,74E9,MRN2,,,,10,20251018,2025,W,126417,,,1,23,,D,,,,,MN1,2092,,,,,,,,126417,Clupea harengus
CA,I5034 ,2,GB-ENG,74E9,MRN2,,,,10,20251018,2025,W,126417,,,1,25,,D,,,,,MN1,2093,,,,,,,,126417,Clupea harengus
CA,I5034 ,2,GB-ENG,74E9,MRN2,,,,10,20251018,2025,W,126417,,,1,26,,D,,,,,MN1,2094,,,,,,,,126417,Clupea harengus
CA,I5034 ,2,GB-ENG,74E9,MRN2,,,,10,20251018,2025,W,126417,,,1,27,,D,,,,,MN1,2095,,,,,,,,126417,Clupea harengus
CA,I5034 ,2,GB-ENG,74E9,MRN2,,,,10,20251018,2025,W,126417,,,1,24,,D,,,,,MN1,2096,,,,,,,,126417,Clupea harengus
CA,I5034 ,2,GB-ENG,74E9,MRN2,,,,10,20251018,2025,W,126417,,,1,25,,D,,,,,MN1,2097,,,,,,,,126417,Clupea harengus
CA,I5034 ,2,GB-ENG,74E9,MRN2,,,,10,20251018,2025,W,126417,,,1,28,,D,,,,,MN1,2098,,,,,,,,126417,Clupea harengus
CA,I5034 ,2,GB-ENG,74E9,MRN2,,,,11,20251109,2025,W,126417,,,1,23,,D,,,,,MN1,2099,,,,,,,,126417,Clupea harengus
CA,I5034 ,2,GB-ENG,74E9,MRN2,,,,11,20251109,2025,W,126417,,,1,25,,D,,,,,MN1,2100,,,,,,,,126417,Clupea harengus
CA,I5034 ,2,GB-ENG,74E9,MRN2,,,,11,20251109,2025,W,126417,,,1,26,,D,,,,,MN1,2101,,,,,,,,126417,Clupea harengus
CA,I5034 ,2,GB-ENG,74E9,MRN2,,,,11,20251109,2025,W,126417,,,1,27,,D,,,,,MN1,2102,,,,,,,,126417,Clupea harengus
CA,I5034 ,2,GB-ENG,74E9,MRN2,,,,11,20251109,2025,W,126417,,,1,28,,D,,,,,MN1,2103,,,,,,,,126417,Clupea harengus
CA,I5034 ,2,GB-ENG,74E9,MRN2,,,,11,20251109,2025,W,126417,,,1,16,,D,,,,,MN1,2104,,,,,,,,126417,Clupea harengus
CA,I5034 ,2,GB-ENG,74E9,MRN2,,,,11,20251109,2025,W,126417,,,1,17,,D,,,,,MN1,2105,,,,,,,,126417,Clupea harengus
CA,I5034 ,2,GB-ENG,74E9,MRN2,,,,11,20251109,2025,W,126417,,,1,18,,D,,,,,MN1,2106,,,,,,,,126417,Clupea harengus
CA,I5034 ,2,GB-ENG,74E9,MRN2,,,,11,20251109,2025,W,126417,,,1,19,,D,,,,,MN1,2107,,,,,,,,126417,Clupea harengus
CA,I5034 ,2,GB-ENG,74E9,MRN2,,,,11,20251109,2025,W,126417,,,1,20,,D,,,,,MN1,2108,,,,,,,,126417,Clupea harengus
CA,I5034 ,2,GB-ENG,74E9,MRN2,,,,11,20251109,2025,W,126417,,,1,21,,D,,,,,MN1,2109,,,,,,,,126417,Clupea harengus
CA,I5034 ,2,GB-ENG,74E9,MRN2,,,,11,20251109,2025,W,126417,,,1,22,,D,,,,,MN1,2110,,,,,,,,126417,Clupea harengus
CA,I5034 ,2,GB-ENG,74E9,MRN2,,,,11,20251109,2025,W,126417,,,1,23,,D,,,,,MN1,2111,,,,,,,,126417,Clupea harengus
CA,I5034 ,2,GB-ENG,74E9,MRN2,,,,11,20251109,2025,W,126417,,,1,24,,D,,,,,MN1,2112,,,,,,,,126417,Clupea harengus
CA,I5034 ,2,GB-ENG,74E9,MRN2,,,,11,20251109,2025,W,126417,,,1,25,,D,,,,,MN1,2113,,,,,,,,126417,Clupea harengus
CA,I5034 ,2,GB-ENG,74E9,MRN2,,,,11,20251109,2025,W,126417,,,1,26,,D,,,,,MN1,2114,,,,,,,,126417,Clupea harengus
CA,I5034 ,2,GB-ENG,74E9,MRN2,,,,11,20251109,2025,W,126417,,,1,27,,D,,,,,MN1,2115,,,,,,,,126417,Clupea harengus
CA,I5034 ,2,GB-ENG,74E9,MRN2,,,,11,20251109,2025,W,126417,,,1,29,,D,,,,,MN1,2116,,,,,,,,126417,Clupea harengus
CA,I5034 ,2,GB-ENG,74E9,MRN2,,,,11,20251109,2025,W,126417,,,1,,,,,,,,MN1,2117,,,,,,,,126417,Clupea harengus
CA,I5034 ,2,GB-ENG,74E9,MRN2,,,,16,20251616,2025,W,126417,,,1,16,,D,,,,,MN1,2118,,,,,,,,126417,Clupea harengus
CA,I5034 ,2,GB-ENG,74E9,MRN2,,,,16,20251616,2025,W,126417,,,1,17,,D,,,,,MN1,2119,,,,,,,,126417,Clupea harengus
CA,I5034 ,2,GB-ENG,74E9,MRN2,,,,16,20251616,2025,W,126417,,,1,18,,D,,,,,MN1,2120,,,,,,,,126417,Clupea harengus
CA,I5034 ,2,GB-ENG,74E9,MRN2,,,,16,20251616,2025,W,126417,,,1,,,,,,,,MN1,2121,,,,,,,,126417,Clupea harengus
CA,I5034 ,2,GB-ENG,74E9,MRN2,,,,17,20251711,2025,W,126417,,,1,24,,D,,,,,MN1,2122,,,,,,,,126417,Clupea harengus
CA,I5034 ,2,GB-ENG,74E9,MRN2,,,,17,20251711,2025,W,126417,,,1,25,,D,,,,,MN1,2123,,,,,,,,126417,Clupea harengus
CA,I5034 ,2,GB-ENG,74E9,MRN2,,,,17,20251711,2025,W,126417,,,1,26,,D,,,,,MN1,2124,,,,,,,,126417,Clupea harengus
CA,I5034 ,2,GB-ENG,74E9,MRN2,,,,17,20251711,2025,W,126417,,,1,27,,D,,,,,MN1,2125,,,,,,,,126417,Clupea harengus
CA,I5034 ,2,GB-ENG,74E9,MRN2,,,,17,20251711,2025,W,126417,,,1,28,,D,,,,,MN1,2126,,,,,,,,126417,Clupea harengus
CA,I5034 ,2,GB-ENG,74E9,MRN2,,,,17,20251711,2025,W,126417,,,1,16,,D,,,,,MN1,2127,,,,,,,,126417,Clupea harengus
CA,I5034 ,2,GB-ENG,74E9,MRN2,,,,17,20251711,2025,W,126417,,,1,17,,D,,,,,MN1,2128,,,,,,,,126417,Clupea harengus
CA,I5034 ,2,GB-ENG,74E9,MRN2,,,,17,20251711,2025,W,126417,,,1,18,,D,,,,,MN1,2129,,,,,,,,126417,Clupea harengus
CA,I5034 ,2,GB-ENG,74E9,MRN2,,,,17,20251711,2025,W,126417,,,1,19,,D,,,,,MN1,2130,,,,,,,,126417,Clupea harengus
CA,I5034 ,2,GB-ENG,74E9,MRN2,,,,17,20251711,2025,W,126417,,,1,20,,D,,,,,MN1,2131,,,,,,,,126417,Clupea harengus
CA,I5034 ,2,GB-ENG,74E9,MRN2,,,,17,20251711,2025,W,126417,,,1,21,,D,,,,,MN1,2132,,,,,,,,126417,Clupea harengus
CA,I5034 ,2,GB-ENG,74E9,MRN2,,,,17,20251711,2025,W,126417,,,1,22,,D,,,,,MN1,2133,,,,,,,,126417,Clupea harengus
CA,I5034 ,2,GB-ENG,74E9,MRN2,,,,17,20251711,2025,W,126417,,,1,23,,D,,,,,MN1,2134,,,,,,,,126417,Clupea harengus
CA,I5034 ,2,GB-ENG,74E9,MRN2,,,,17,20251711,2025,W,126417,,,1,24,,D,,,,,MN1,2135,,,,,,,,126417,Clupea harengus
CA,I5034 ,2,GB-ENG,74E9,MRN2,,,,17,20251711,2025,W,126417,,,1,25,,D,,,,,MN1,2136,,,,,,,,126417,Clupea harengus
CA,I5034 ,2,GB-ENG,74E9,MRN2,,,,17,20251711,2025,W,126417,,,1,26,,D,,,,,MN1,2137,,,,,,,,126417,Clupea harengus
CA,I5034 ,2,GB-ENG,74E9,MRN2,,,,17,20251711,2025,W,126417,,,1,27,,D,,,,,MN1,2138,,,,,,,,126417,Clupea harengus
CA,I5034 ,2,GB-ENG,74E9,MRN2,,,,17,20251711,2025,W,126417,,,1,28,,D,,,,,MN1,2139,,,,,,,,126417,Clupea harengus
CA,I5034 ,2,GB-ENG,74E9,MRN2,,,,17,20251711,2025,W,126417,,,1,29,,D,,,,,MN1,2140,,,,,,,,126417,Clupea harengus
CA,I5034 ,2,GB-ENG,74E9,MRN2,,,,17,20251711,2025,W,126417,,,1,,,,,,,,MN1,2141,,,,,,,,126417,Clupea harengus
CA,I5034 ,2,GB-ENG,74E9,MRN2,,,,18,20251812,2025,W,126417,,,1,22,,D,,,,,MN1,2142,,,,,,,,126417,Clupea harengus
CA,I5034 ,2,GB-ENG,74E9,MRN2,,,,18,20251812,2025,W,126417,,,1,24,,D,,,,,MN1,2143,,,,,,,,126417,Clupea harengus
CA,I5034 ,2,GB-ENG,74E9,MRN2,,,,18,20251812,2025,W,126417,,,1,25,,D,,,,,MN1,2144,,,,,,,,126417,Clupea harengus
CA,I5034 ,2,GB-ENG,74E9,MRN2,,,,18,20251812,2025,W,126417,,,1,26,,D,,,,,MN1,2145,,,,,,,,126417,Clupea harengus
CA,I5034 ,2,GB-ENG,74E9,MRN2,,,,18,20251812,2025,W,126417,,,1,27,,D,,,,,MN1,2146,,,,,,,,126417,Clupea harengus
CA,I5034 ,2,GB-ENG,74E9,MRN2,,,,18,20251812,2025,W,126417,,,1,28,,D,,,,,MN1,2147,,,,,,,,126417,Clupea harengus
CA,I5034 ,2,GB-ENG,74E9,MRN2,,,,18,20251812,2025,W,126417,,,1,29,,D,,,,,MN1,2148,,,,,,,,126417,Clupea harengus
CA,I5034 ,2,GB-ENG,74E9,MRN2,,,,18,20251812,2025,W,126417,,,1,30,,D,,,,,MN1,2149,,,,,,,,126417,Clupea harengus
CA,I5034 ,2,GB-ENG,74E9,MRN2,,,,18,20251812,2025,W,126417,,,1,31,,D,,,,,MN1,2150,,,,,,,,126417,Clupea harengus
CA,I5034 ,2,GB-ENG,74E9,MRN2,,,,18,20251812,2025,W,126417,,,1,32,,D,,,,,MN1,2151,,,,,,,,126417,Clupea harengus
CA,I5034 ,2,GB-ENG,74E9,MRN2,,,,18,20251812,2025,W,126417,,,1,18,,D,,,,,MN1,2152,,,,,,,,126417,Clupea harengus
CA,I5034 ,2,GB-ENG,74E9,MRN2,,,,18,20251812,2025,W,126417,,,1,22,,D,,,,,MN1,2153,,,,,,,,126417,Clupea harengus
CA,I5034 ,2,GB-ENG,74E9,MRN2,,,,18,20251812,2025,W,126417,,,1,25,,D,,,,,MN1,2154,,,,,,,,126417,Clupea harengus
CA,I5034 ,2,GB-ENG,74E9,MRN2,,,,18,20251812,2025,W,126417,,,1,26,,D,,,,,MN1,2155,,,,,,,,126417,Clupea harengus
CA,I5034 ,2,GB-ENG,74E9,MRN2,,,,18,20251812,2025,W,126417,,,1,27,,D,,,,,MN1,2156,,,,,,,,126417,Clupea harengus
CA,I5034 ,2,GB-ENG,74E9,MRN2,,,,18,20251812,2025,W,126417,,,1,28,,D,,,,,MN1,2157,,,,,,,,126417,Clupea harengus
CA,I5034 ,2,GB-ENG,74E9,MRN2,,,,18,20251812,2025,W,126417,,,1,29,,D,,,,,MN1,2158,,,,,,,,126417,Clupea harengus
CA,I5034 ,2,GB-ENG,74E9,MRN2,,,,18,20251812,2025,W,126417,,,1,,,,,,,,MN1,2159,,,,,,,,126417,Clupea harengus
CA,I5034 ,2,GB-ENG,74E9,MRN2,,,,22,20252210,2025,W,126417,,,1,24,,D,,,,,MN1,2160,,,,,,,,126417,Clupea harengus
CA,I5034 ,2,GB-ENG,74E9,MRN2,,,,22,20252210,2025,W,126417,,,1,25,,D,,,,,MN1,2161,,,,,,,,126417,Clupea harengus
CA,I5034 ,2,GB-ENG,74E9,MRN2,,,,22,20252210,2025,W,126417,,,1,26,,D,,,,,MN1,2162,,,,,,,,126417,Clupea harengus
CA,I5034 ,2,GB-ENG,74E9,MRN2,,,,22,20252210,2025,W,126417,,,1,27,,D,,,,,MN1,2163,,,,,,,,126417,Clupea harengus
CA,I5034 ,2,GB-ENG,74E9,MRN2,,,,22,20252210,2025,W,126417,,,1,28,,D,,,,,MN1,2164,,,,,,,,126417,Clupea harengus
CA,I5034 ,2,GB-ENG,74E9,MRN2,,,,22,20252210,2025,W,126417,,,1,29,,D,,,,,MN1,2165,,,,,,,,126417,Clupea harengus
CA,I5034 ,2,GB-ENG,74E9,MRN2,,,,22,20252210,2025,W,126417,,,1,30,,D,,,,,MN1,2166,,,,,,,,126417,Clupea harengus
CA,I5034 ,2,GB-ENG,74E9,MRN2,,,,22,20252210,2025,W,126417,,,1,31,,D,,,,,MN1,2167,,,,,,,,126417,Clupea harengus
CA,I5034 ,2,GB-ENG,74E9,MRN2,,,,22,20252210,2025,W,126417,,,1,32,,D,,,,,MN1,2168,,,,,,,,126417,Clupea harengus
CA,I5034 ,2,GB-ENG,74E9,MRN2,,,,22,20252210,2025,W,126417,,,1,33,,D,,,,,MN1,2169,,,,,,,,126417,Clupea harengus
CA,I5034 ,2,GB-ENG,74E9,MRN2,,,,22,20252210,2025,W,126417,,,1,16,,D,,,,,MN1,2170,,,,,,,,126417,Clupea harengus
CA,I5034 ,2,GB-ENG,74E9,MRN2,,,,22,20252210,2025,W,126417,,,1,17,,D,,,,,MN1,2171,,,,,,,,126417,Clupea harengus
CA,I5034 ,2,GB-ENG,74E9,MRN2,,,,22,20252210,2025,W,126417,,,1,18,,D,,,,,MN1,2172,,,,,,,,126417,Clupea harengus
CA,I5034 ,2,GB-ENG,74E9,MRN2,,,,22,20252210,2025,W,126417,,,1,19,,D,,,,,MN1,2173,,,,,,,,126417,Clupea harengus
CA,I5034 ,2,GB-ENG,74E9,MRN2,,,,22,20252210,2025,W,126417,,,1,20,,D,,,,,MN1,2174,,,,,,,,126417,Clupea harengus
CA,I5034 ,2,GB-ENG,74E9,MRN2,,,,22,20252210,2025,W,126417,,,1,21,,D,,,,,MN1,2175,,,,,,,,126417,Clupea harengus
CA,I5034 ,2,GB-ENG,74E9,MRN2,,,,22,20252210,2025,W,126417,,,1,22,,D,,,,,MN1,2176,,,,,,,,126417,Clupea harengus
CA,I5034 ,2,GB-ENG,74E9,MRN2,,,,22,20252210,2025,W,126417,,,1,23,,D,,,,,MN1,2177,,,,,,,,126417,Clupea harengus
CA,I5034 ,2,GB-ENG,74E9,MRN2,,,,22,20252210,2025,W,126417,,,1,24,,D,,,,,MN1,2178,,,,,,,,126417,Clupea harengus
CA,I5034 ,2,GB-ENG,74E9,MRN2,,,,22,20252210,2025,W,126417,,,1,25,,D,,,,,MN1,2179,,,,,,,,126417,Clupea harengus
CA,I5034 ,2,GB-ENG,74E9,MRN2,,,,22,20252210,2025,W,126417,,,1,26,,D,,,,,MN1,2180,,,,,,,,126417,Clupea harengus
CA,I5034 ,2,GB-ENG,74E9,MRN2,,,,22,20252210,2025,W,126417,,,1,27,,D,,,,,MN1,2181,,,,,,,,126417,Clupea harengus
CA,I5034 ,2,GB-ENG,74E9,MRN2,,,,22,20252210,2025,W,126417,,,1,28,,D,,,,,MN1,2182,,,,,,,,126417,Clupea harengus
CA,I5034 ,2,GB-ENG,74E9,MRN2,,,,22,20252210,2025,W,126417,,,1,29,,D,,,,,MN1,2183,,,,,,,,126417,Clupea harengus
CA,I5034 ,2,GB-ENG,74E9,MRN2,,,,22,20252210,2025,W,126417,,,1,30,,D,,,,,MN1,2184,,,,,,,,126417,Clupea harengus
CA,I5034 ,2,GB-ENG,74E9,MRN2,,,,22,20252210,2025,W,126417,,,1,31,,D,,,,,MN1,2185,,,,,,,,126417,Clupea harengus
CA,I5034 ,2,GB-ENG,74E9,MRN2,,,,22,20252210,2025,W,126417,,,1,32,,D,,,,,MN1,2186,,,,,,,,126417,Clupea harengus
CA,I5034 ,2,GB-ENG,74E9,MRN2,,,,22,20252210,2025,W,126417,,,1,,,,,,,,MN1,2187,,,,,,,,126417,Clupea harengus
CA,I5034 ,2,GB-ENG,74E9,MRN2,,,,24,20252413,2025,W,126417,,,1,26,,D,,,,,MN1,2188,,,,,,,,126417,Clupea harengus
CA,I5034 ,2,GB-ENG,74E9,MRN2,,,,24,20252413,2025,W,126417,,,1,28,,D,,,,,MN1,2189,,,,,,,,126417,Clupea harengus
CA,I5034 ,2,GB-ENG,74E9,MRN2,,,,24,20252413,2025,W,126417,,,1,30,,D,,,,,MN1,2190,,,,,,,,126417,Clupea harengus
CA,I5034 ,2,GB-ENG,74E9,MRN2,,,,24,20252413,2025,W,126417,,,1,16,,D,,,,,MN1,2191,,,,,,,,126417,Clupea harengus
CA,I5034 ,2,GB-ENG,74E9,MRN2,,,,24,20252413,2025,W,126417,,,1,19,,D,,,,,MN1,2192,,,,,,,,126417,Clupea harengus
CA,I5034 ,2,GB-ENG,74E9,MRN2,,,,24,20252413,2025,W,126417,,,1,20,,D,,,,,MN1,2193,,,,,,,,126417,Clupea harengus
CA,I5034 ,2,GB-ENG,74E9,MRN2,,,,24,20252413,2025,W,126417,,,1,24,,D,,,,,MN1,2194,,,,,,,,126417,Clupea harengus
CA,I5034 ,2,GB-ENG,74E9,MRN2,,,,24,20252413,2025,W,126417,,,1,25,,D,,,,,MN1,2195,,,,,,,,126417,Clupea harengus
CA,I5034 ,2,GB-ENG,74E9,MRN2,,,,24,20252413,2025,W,126417,,,1,26,,D,,,,,MN1,2196,,,,,,,,126417,Clupea harengus
CA,I5034 ,2,GB-ENG,74E9,MRN2,,,,24,20252413,2025,W,126417,,,1,27,,D,,,,,MN1,2197,,,,,,,,126417,Clupea harengus
CA,I5034 ,2,GB-ENG,74E9,MRN2,,,,24,20252413,2025,W,126417,,,1,28,,D,,,,,MN1,2198,,,,,,,,126417,Clupea harengus
CA,I5034 ,2,GB-ENG,74E9,MRN2,,,,24,20252413,2025,W,126417,,,1,,,,,,,,MN1,2199,,,,,,,,126417,Clupea harengus
CA,I5034 ,2,GB-ENG,74E9,MRN2,,,,25,20252507,2025,W,126417,,,1,26,,D,,,,,MN1,2200,,,,,,,,126417,Clupea harengus
CA,I5034 ,2,GB-ENG,74E9,MRN2,,,,25,20252507,2025,W,126417,,,1,27,,D,,,,,MN1,2201,,,,,,,,126417,Clupea harengus
CA,I5034 ,2,GB-ENG,74E9,MRN2,,,,25,20252507,2025,W,126417,,,1,28,,D,,,,,MN1,2202,,,,,,,,126417,Clupea harengus
CA,I5034 ,2,GB-ENG,74E9,MRN2,,,,25,20252507,2025,W,126417,,,1,29,,D,,,,,MN1,2203,,,,,,,,126417,Clupea harengus
CA,I5034 ,2,GB-ENG,74E9,MRN2,,,,25,20252507,2025,W,126417,,,1,30,,D,,,,,MN1,2204,,,,,,,,126417,Clupea harengus
CA,I5034 ,2,GB-ENG,74E9,MRN2,,,,25,20252507,2025,W,126417,,,1,31,,D,,,,,MN1,2205,,,,,,,,126417,Clupea harengus
CA,I5034 ,2,GB-ENG,74E9,MRN2,,,,25,20252507,2025,W,126417,,,1,32,,D,,,,,MN1,2206,,,,,,,,126417,Clupea harengus
CA,I5034 ,2,GB-ENG,74E9,MRN2,,,,25,20252507,2025,W,126417,,,1,19,,D,,,,,MN1,2207,,,,,,,,126417,Clupea harengus
CA,I5034 ,2,GB-ENG,74E9,MRN2,,,,25,20252507,2025,W,126417,,,1,23,,D,,,,,MN1,2208,,,,,,,,126417,Clupea harengus
CA,I5034 ,2,GB-ENG,74E9,MRN2,,,,25,20252507,2025,W,126417,,,1,25,,D,,,,,MN1,2209,,,,,,,,126417,Clupea harengus
CA,I5034 ,2,GB-ENG,74E9,MRN2,,,,25,20252507,2025,W,126417,,,1,26,,D,,,,,MN1,2210,,,,,,,,126417,Clupea harengus
CA,I5034 ,2,GB-ENG,74E9,MRN2,,,,25,20252507,2025,W,126417,,,1,27,,D,,,,,MN1,2211,,,,,,,,126417,Clupea harengus
CA,I5034 ,2,GB-ENG,74E9,MRN2,,,,25,20252507,2025,W,126417,,,1,28,,D,,,,,MN1,2212,,,,,,,,126417,Clupea harengus
CA,I5034 ,2,GB-ENG,74E9,MRN2,,,,25,20252507,2025,W,126417,,,1,29,,D,,,,,MN1,2213,,,,,,,,126417,Clupea harengus
CA,I5034 ,2,GB-ENG,74E9,MRN2,,,,25,20252507,2025,W,126417,,,1,30,,D,,,,,MN1,2214,,,,,,,,126417,Clupea harengus
CA,I5034 ,2,GB-ENG,74E9,MRN2,,,,25,20252507,2025,W,126417,,,1,31,,D,,,,,MN1,2215,,,,,,,,126417,Clupea harengus
CA,I5034 ,2,GB-ENG,74E9,MRN2,,,,25,20252507,2025,W,126417,,,1,32,,D,,,,,MN1,2216,,,,,,,,126417,Clupea harengus
CA,I5034 ,2,GB-ENG,74E9,MRN2,,,,25,20252507,2025,W,126417,,,1,33,,D,,,,,MN1,2217,,,,,,,,126417,Clupea harengus
CA,I5034 ,2,GB-ENG,74E9,MRN2,,,,25,20252507,2025,W,126417,,,1,,,,,,,,MN1,2218,,,,,,,,126417,Clupea harengus
CA,I5034 ,2,GB-ENG,74E9,MRN2,,,,26,20252606,2025,W,126417,,,1,24,,D,,,,,MN1,2219,,,,,,,,126417,Clupea harengus
CA,I5034 ,2,GB-ENG,74E9,MRN2,,,,26,20252606,2025,W,126417,,,1,25,,D,,,,,MN1,2220,,,,,,,,126417,Clupea harengus
CA,I5034 ,2,GB-ENG,74E9,MRN2,,,,26,20252606,2025,W,126417,,,1,26,,D,,,,,MN1,2221,,,,,,,,126417,Clupea harengus
CA,I5034 ,2,GB-ENG,74E9,MRN2,,,,26,20252606,2025,W,126417,,,1,27,,D,,,,,MN1,2222,,,,,,,,126417,Clupea harengus
CA,I5034 ,2,GB-ENG,74E9,MRN2,,,,26,20252606,2025,W,126417,,,1,28,,D,,,,,MN1,2223,,,,,,,,126417,Clupea harengus
CA,I5034 ,2,GB-ENG,74E9,MRN2,,,,26,20252606,2025,W,126417,,,1,29,,D,,,,,MN1,2224,,,,,,,,126417,Clupea harengus
CA,I5034 ,2,GB-ENG,74E9,MRN2,,,,26,20252606,2025,W,126417,,,1,31,,D,,,,,MN1,2225,,,,,,,,126417,Clupea harengus
CA,I5034 ,2,GB-ENG,74E9,MRN2,,,,26,20252606,2025,W,126417,,,1,32,,D,,,,,MN1,2226,,,,,,,,126417,Clupea harengus
CA,I5034 ,2,GB-ENG,74E9,MRN2,,,,26,20252606,2025,W,126417,,,1,17,,D,,,,,MN1,2227,,,,,,,,126417,Clupea harengus
CA,I5034 ,2,GB-ENG,74E9,MRN2,,,,26,20252606,2025,W,126417,,,1,18,,D,,,,,MN1,2228,,,,,,,,126417,Clupea harengus
CA,I5034 ,2,GB-ENG,74E9,MRN2,,,,26,20252606,2025,W,126417,,,1,19,,D,,,,,MN1,2229,,,,,,,,126417,Clupea harengus
CA,I5034 ,2,GB-ENG,74E9,MRN2,,,,26,20252606,2025,W,126417,,,1,26,,D,,,,,MN1,2230,,,,,,,,126417,Clupea harengus
CA,I5034 ,2,GB-ENG,74E9,MRN2,,,,26,20252606,2025,W,126417,,,1,27,,D,,,,,MN1,2231,,,,,,,,126417,Clupea harengus
CA,I5034 ,2,GB-ENG,74E9,MRN2,,,,26,20252606,2025,W,126417,,,1,28,,D,,,,,MN1,2232,,,,,,,,126417,Clupea harengus
CA,I5034 ,2,GB-ENG,74E9,MRN2,,,,26,20252606,2025,W,126417,,,1,29,,D,,,,,MN1,2233,,,,,,,,126417,Clupea harengus
CA,I5034 ,2,GB-ENG,74E9,MRN2,,,,26,20252606,2025,W,126417,,,1,30,,D,,,,,MN1,2234,,,,,,,,126417,Clupea harengus
CA,I5034 ,2,GB-ENG,74E9,MRN2,,,,26,20252606,2025,W,126417,,,1,32,,D,,,,,MN1,2235,,,,,,,,126417,Clupea harengus
CA,I5034 ,2,GB-ENG,74E9,MRN2,,,,31,20253105,2025,W,126417,,,1,25,,D,,,,,MN1,2236,,,,,,,,126417,Clupea harengus
CA,I5034 ,2,GB-ENG,74E9,MRN2,,,,31,20253105,2025,W,126417,,,1,26,,D,,,,,MN1,2237,,,,,,,,126417,Clupea harengus
CA,I5034 ,2,GB-ENG,74E9,MRN2,,,,31,20253105,2025,W,126417,,,1,27,,D,,,,,MN1,2238,,,,,,,,126417,Clupea harengus
CA,I5034 ,2,GB-ENG,74E9,MRN2,,,,31,20253105,2025,W,126417,,,1,28,,D,,,,,MN1,2239,,,,,,,,126417,Clupea harengus
CA,I5034 ,2,GB-ENG,74E9,MRN2,,,,31,20253105,2025,W,126417,,,1,29,,D,,,,,MN1,2240,,,,,,,,126417,Clupea harengus
CA,I5034 ,2,GB-ENG,74E9,MRN2,,,,31,20253105,2025,W,126417,,,1,30,,D,,,,,MN1,2241,,,,,,,,126417,Clupea harengus
CA,I5034 ,2,GB-ENG,74E9,MRN2,,,,31,20253105,2025,W,126417,,,1,31,,D,,,,,MN1,2242,,,,,,,,126417,Clupea harengus
CA,I5034 ,2,GB-ENG,74E9,MRN2,,,,31,20253105,2025,W,126417,,,1,32,,D,,,,,MN1,2243,,,,,,,,126417,Clupea harengus
CA,I5034 ,2,GB-ENG,74E9,MRN2,,,,31,20253105,2025,W,126417,,,1,18,,D,,,,,MN1,2244,,,,,,,,126417,Clupea harengus
CA,I5034 ,2,GB-ENG,74E9,MRN2,,,,31,20253105,2025,W,126417,,,1,19,,D,,,,,MN1,2245,,,,,,,,126417,Clupea harengus
CA,I5034 ,2,GB-ENG,74E9,MRN2,,,,31,20253105,2025,W,126417,,,1,20,,D,,,,,MN1,2246,,,,,,,,126417,Clupea harengus
CA,I5034 ,2,GB-ENG,74E9,MRN2,,,,31,20253105,2025,W,126417,,,1,21,,D,,,,,MN1,2247,,,,,,,,126417,Clupea harengus
CA,I5034 ,2,GB-ENG,74E9,MRN2,,,,31,20253105,2025,W,126417,,,1,22,,D,,,,,MN1,2248,,,,,,,,126417,Clupea harengus
CA,I5034 ,2,GB-ENG,74E9,MRN2,,,,31,20253105,2025,W,126417,,,1,25,,D,,,,,MN1,2249,,,,,,,,126417,Clupea harengus
CA,I5034 ,2,GB-ENG,74E9,MRN2,,,,31,20253105,2025,W,126417,,,1,26,,D,,,,,MN1,2250,,,,,,,,126417,Clupea harengus
CA,I5034 ,2,GB-ENG,74E9,MRN2,,,,31,20253105,2025,W,126417,,,1,27,,D,,,,,MN1,2251,,,,,,,,126417,Clupea harengus
CA,I5034 ,2,GB-ENG,74E9,MRN2,,,,31,20253105,2025,W,126417,,,1,28,,D,,,,,MN1,2252,,,,,,,,126417,Clupea harengus
CA,I5034 ,2,GB-ENG,74E9,MRN2,,,,31,20253105,2025,W,126417,,,1,29,,D,,,,,MN1,2253,,,,,,,,126417,Clupea harengus
CA,I5034 ,2,GB-ENG,74E9,MRN2,,,,31,20253105,2025,W,126417,,,1,30,,D,,,,,MN1,2254,,,,,,,,126417,Clupea harengus
CA,I5034 ,2,GB-ENG,74E9,MRN2,,,,31,20253105,2025,W,126417,,,1,31,,D,,,,,MN1,2255,,,,,,,,126417,Clupea harengus
CA,I5034 ,2,GB-ENG,74E9,MRN2,,,,31,20253105,2025,W,126417,,,1,,,,,,,,MN1,2256,,,,,,,,126417,Clupea harengus
CA,I5034 ,2,GB-ENG,74E9,MRN2,,,,32,20253223,2025,W,126417,,,1,25,,D,,,,,MN1,2257,,,,,,,,126417,Clupea harengus
CA,I5034 ,2,GB-ENG,74E9,MRN2,,,,32,20253223,2025,W,126417,,,1,26,,D,,,,,MN1,2258,,,,,,,,126417,Clupea harengus
CA,I5034 ,2,GB-ENG,74E9,MRN2,,,,32,20253223,2025,W,126417,,,1,27,,D,,,,,MN1,2259,,,,,,,,126417,Clupea harengus
CA,I5034 ,2,GB-ENG,74E9,MRN2,,,,32,20253223,2025,W,126417,,,1,28,,D,,,,,MN1,2260,,,,,,,,126417,Clupea harengus
CA,I5034 ,2,GB-ENG,74E9,MRN2,,,,32,20253223,2025,W,126417,,,1,29,,D,,,,,MN1,2261,,,,,,,,126417,Clupea harengus
CA,I5034 ,2,GB-ENG,74E9,MRN2,,,,32,20253223,2025,W,126417,,,1,30,,D,,,,,MN1,2262,,,,,,,,126417,Clupea harengus
CA,I5034 ,2,GB-ENG,74E9,MRN2,,,,32,20253223,2025,W,126417,,,1,31,,D,,,,,MN1,2263,,,,,,,,126417,Clupea harengus
CA,I5034 ,2,GB-ENG,74E9,MRN2,,,,32,20253223,2025,W,126417,,,1,32,,D,,,,,MN1,2264,,,,,,,,126417,Clupea harengus
CA,I5034 ,2,GB-ENG,74E9,MRN2,,,,32,20253223,2025,W,126417,,,1,33,,D,,,,,MN1,2265,,,,,,,,126417,Clupea harengus
CA,I5034 ,2,GB-ENG,74E9,MRN2,,,,32,20253223,2025,W,126417,,,1,34,,D,,,,,MN1,2266,,,,,,,,126417,Clupea harengus
CA,I5034 ,2,GB-ENG,74E9,MRN2,,,,32,20253223,2025,W,126417,,,1,35,,D,,,,,MN1,2267,,,,,,,,126417,Clupea harengus
CA,I5034 ,2,GB-ENG,74E9,MRN2,,,,32,20253223,2025,W,126417,,,1,36,,D,,,,,MN1,2268,,,,,,,,126417,Clupea harengus
CA,I5034 ,2,GB-ENG,74E9,MRN2,,,,32,20253223,2025,W,126417,,,1,25,,D,,,,,MN1,2269,,,,,,,,126417,Clupea harengus
CA,I5034 ,2,GB-ENG,74E9,MRN2,,,,32,20253223,2025,W,126417,,,1,26,,D,,,,,MN1,2270,,,,,,,,126417,Clupea harengus
CA,I5034 ,2,GB-ENG,74E9,MRN2,,,,32,20253223,2025,W,126417,,,1,27,,D,,,,,MN1,2271,,,,,,,,126417,Clupea harengus
CA,I5034 ,2,GB-ENG,74E9,MRN2,,,,32,20253223,2025,W,126417,,,1,28,,D,,,,,MN1,2272,,,,,,,,126417,Clupea harengus
CA,I5034 ,2,GB-ENG,74E9,MRN2,,,,32,20253223,2025,W,126417,,,1,29,,D,,,,,MN1,2273,,,,,,,,126417,Clupea harengus
CA,I5034 ,2,GB-ENG,74E9,MRN2,,,,32,20253223,2025,W,126417,,,1,30,,D,,,,,MN1,2274,,,,,,,,126417,Clupea harengus
CA,I5034 ,2,GB-ENG,74E9,MRN2,,,,32,20253223,2025,W,126417,,,1,31,,D,,,,,MN1,2275,,,,,,,,126417,Clupea harengus
CA,I5034 ,2,GB-ENG,74E9,MRN2,,,,32,20253223,2025,W,126417,,,1,32,,D,,,,,MN1,2276,,,,,,,,126417,Clupea harengus
CA,I5034 ,2,GB-ENG,74E9,MRN2,,,,32,20253223,2025,W,126417,,,1,33,,D,,,,,MN1,2277,,,,,,,,126417,Clupea harengus
CA,I5034 ,2,GB-ENG,74E9,MRN2,,,,32,20253223,2025,W,126417,,,1,34,,D,,,,,MN1,2278,,,,,,,,126417,Clupea harengus
CA,I5034 ,2,GB-ENG,74E9,MRN2,,,,32,20253223,2025,W,126417,,,1,,,,,,,,MN1,2279,,,,,,,,126417,Clupea harengus
CA,I5034 ,2,GB-ENG,74E9,MRN2,,,,33,20253322,2025,W,126417,,,1,18,,D,,,,,MN1,2280,,,,,,,,126417,Clupea harengus
CA,I5034 ,2,GB-ENG,74E9,MRN2,,,,33,20253322,2025,W,126417,,,1,22,,D,,,,,MN1,2281,,,,,,,,126417,Clupea harengus
CA,I5034 ,2,GB-ENG,74E9,MRN2,,,,33,20253322,2025,W,126417,,,1,25,,D,,,,,MN1,2282,,,,,,,,126417,Clupea harengus
CA,I5034 ,2,GB-ENG,74E9,MRN2,,,,33,20253322,2025,W,126417,,,1,27,,D,,,,,MN1,2283,,,,,,,,126417,Clupea harengus
CA,I5034 ,2,GB-ENG,74E9,MRN2,,,,33,20253322,2025,W,126417,,,1,28,,D,,,,,MN1,2284,,,,,,,,126417,Clupea harengus
CA,I5034 ,2,GB-ENG,74E9,MRN2,,,,33,20253322,2025,W,126417,,,1,29,,D,,,,,MN1,2285,,,,,,,,126417,Clupea harengus
CA,I5034 ,2,GB-ENG,74E9,MRN2,,,,33,20253322,2025,W,126417,,,1,30,,D,,,,,MN1,2286,,,,,,,,126417,Clupea harengus
CA,I5034 ,2,GB-ENG,74E9,MRN2,,,,33,20253322,2025,W,126417,,,1,31,,D,,,,,MN1,2287,,,,,,,,126417,Clupea harengus
CA,I5034 ,2,GB-ENG,74E9,MRN2,,,,33,20253322,2025,W,126417,,,1,32,,D,,,,,MN1,2288,,,,,,,,126417,Clupea harengus
CA,I5034 ,2,GB-ENG,74E9,MRN2,,,,33,20253322,2025,W,126417,,,1,33,,D,,,,,MN1,2289,,,,,,,,126417,Clupea harengus
CA,I5034 ,2,GB-ENG,74E9,MRN2,,,,33,20253322,2025,W,126417,,,1,34,,D,,,,,MN1,2290,,,,,,,,126417,Clupea harengus
CA,I5034 ,2,GB-ENG,74E9,MRN2,,,,33,20253322,2025,W,126417,,,1,35,,D,,,,,MN1,2291,,,,,,,,126417,Clupea harengus
CA,I5034 ,2,GB-ENG,74E9,MRN2,,,,33,20253322,2025,W,126417,,,1,36,,D,,,,,MN1,2292,,,,,,,,126417,Clupea harengus
CA,I5034 ,2,GB-ENG,74E9,MRN2,,,,33,20253322,2025,W,126417,,,1,38,,D,,,,,MN1,2293,,,,,,,,126417,Clupea harengus
CA,I5034 ,2,GB-ENG,74E9,MRN2,,,,33,20253322,2025,W,126417,,,1,18,,D,,,,,MN1,2294,,,,,,,,126417,Clupea harengus
CA,I5034 ,2,GB-ENG,74E9,MRN2,,,,33,20253322,2025,W,126417,,,1,19,,D,,,,,MN1,2295,,,,,,,,126417,Clupea harengus
CA,I5034 ,2,GB-ENG,74E9,MRN2,,,,33,20253322,2025,W,126417,,,1,20,,D,,,,,MN1,2296,,,,,,,,126417,Clupea harengus
CA,I5034 ,2,GB-ENG,74E9,MRN2,,,,33,20253322,2025,W,126417,,,1,22,,D,,,,,MN1,2297,,,,,,,,126417,Clupea harengus
CA,I5034 ,2,GB-ENG,74E9,MRN2,,,,33,20253322,2025,W,126417,,,1,23,,D,,,,,MN1,2298,,,,,,,,126417,Clupea harengus
CA,I5034 ,2,GB-ENG,74E9,MRN2,,,,33,20253322,2025,W,126417,,,1,27,,D,,,,,MN1,2299,,,,,,,,126417,Clupea harengus
CA,I5034 ,2,GB-ENG,74E9,MRN2,,,,33,20253322,2025,W,126417,,,1,28,,D,,,,,MN1,2300,,,,,,,,126417,Clupea harengus
CA,I5034 ,2,GB-ENG,74E9,MRN2,,,,33,20253322,2025,W,126417,,,1,29,,D,,,,,MN1,2301,,,,,,,,126417,Clupea harengus
CA,I5034 ,2,GB-ENG,74E9,MRN2,,,,33,20253322,2025,W,126417,,,1,30,,D,,,,,MN1,2302,,,,,,,,126417,Clupea harengus
CA,I5034 ,2,GB-ENG,74E9,MRN2,,,,33,20253322,2025,W,126417,,,1,,,,,,,,MN1,2303,,,,,,,,126417,Clupea harengus
CA,I5034 ,2,GB-ENG,74E9,MRN2,,,,40,20254001,2025,W,126417,,,1,25,,D,,,,,MN1,2304,,,,,,,,126417,Clupea harengus
CA,I5034 ,2,GB-ENG,74E9,MRN2,,,,40,20254001,2025,W,126417,,,1,26,,D,,,,,MN1,2305,,,,,,,,126417,Clupea harengus
CA,I5034 ,2,GB-ENG,74E9,MRN2,,,,40,20254001,2025,W,126417,,,1,27,,D,,,,,MN1,2306,,,,,,,,126417,Clupea harengus
CA,I5034 ,2,GB-ENG,74E9,MRN2,,,,40,20254001,2025,W,126417,,,1,28,,D,,,,,MN1,2307,,,,,,,,126417,Clupea harengus
CA,I5034 ,2,GB-ENG,74E9,MRN2,,,,40,20254001,2025,W,126417,,,1,29,,D,,,,,MN1,2308,,,,,,,,126417,Clupea harengus
CA,I5034 ,2,GB-ENG,74E9,MRN2,,,,40,20254001,2025,W,126417,,,1,30,,D,,,,,MN1,2309,,,,,,,,126417,Clupea harengus
CA,I5034 ,2,GB-ENG,74E9,MRN2,,,,40,20254001,2025,W,126417,,,1,31,,D,,,,,MN1,2310,,,,,,,,126417,Clupea harengus
CA,I5034 ,2,GB-ENG,74E9,MRN2,,,,40,20254001,2025,W,126417,,,1,32,,D,,,,,MN1,2311,,,,,,,,126417,Clupea harengus
CA,I5034 ,2,GB-ENG,74E9,MRN2,,,,40,20254001,2025,W,126417,,,1,33,,D,,,,,MN1,2312,,,,,,,,126417,Clupea harengus
CA,I5034 ,2,GB-ENG,74E9,MRN2,,,,40,20254001,2025,W,126417,,,1,34,,D,,,,,MN1,2313,,,,,,,,126417,Clupea harengus
CA,I5034 ,2,GB-ENG,74E9,MRN2,,,,40,20254001,2025,W,126417,,,1,35,,D,,,,,MN1,2314,,,,,,,,126417,Clupea harengus
CA,I5034 ,2,GB-ENG,74E9,MRN2,,,,40,20254001,2025,W,126417,,,1,20,,D,,,,,MN1,2315,,,,,,,,126417,Clupea harengus
CA,I5034 ,2,GB-ENG,74E9,MRN2,,,,40,20254001,2025,W,126417,,,1,21,,D,,,,,MN1,2316,,,,,,,,126417,Clupea harengus
CA,I5034 ,2,GB-ENG,74E9,MRN2,,,,40,20254001,2025,W,126417,,,1,22,,D,,,,,MN1,2317,,,,,,,,126417,Clupea harengus
CA,I5034 ,2,GB-ENG,74E9,MRN2,,,,40,20254001,2025,W,126417,,,1,23,,D,,,,,MN1,2318,,,,,,,,126417,Clupea harengus
CA,I5034 ,2,GB-ENG,74E9,MRN2,,,,40,20254001,2025,W,126417,,,1,26,,D,,,,,MN1,2319,,,,,,,,126417,Clupea harengus
CA,I5034 ,2,GB-ENG,74E9,MRN2,,,,40,20254001,2025,W,126417,,,1,27,,D,,,,,MN1,2320,,,,,,,,126417,Clupea harengus
CA,I5034 ,2,GB-ENG,74E9,MRN2,,,,40,20254001,2025,W,126417,,,1,28,,D,,,,,MN1,2321,,,,,,,,126417,Clupea harengus
CA,I5034 ,2,GB-ENG,74E9,MRN2,,,,40,20254001,2025,W,126417,,,1,29,,D,,,,,MN1,2322,,,,,,,,126417,Clupea harengus
CA,I5034 ,2,GB-ENG,74E9,MRN2,,,,40,20254001,2025,W,126417,,,1,30,,D,,,,,MN1,2323,,,,,,,,126417,Clupea harengus
CA,I5034 ,2,GB-ENG,74E9,MRN2,,,,40,20254001,2025,W,126417,,,1,31,,D,,,,,MN1,2324,,,,,,,,126417,Clupea harengus
CA,I5034 ,2,GB-ENG,74E9,MRN2,,,,40,20254001,2025,W,126417,,,1,32,,D,,,,,MN1,2325,,,,,,,,126417,Clupea harengus
CA,I5034 ,2,GB-ENG,74E9,MRN2,,,,40,20254001,2025,W,126417,,,1,33,,D,,,,,MN1,2326,,,,,,,,126417,Clupea harengus
CA,I5034 ,2,GB-ENG,74E9,MRN2,,,,40,20254001,2025,W,126417,,,1,34,,D,,,,,MN1,2327,,,,,,,,126417,Clupea harengus
CA,I5034 ,2,GB-ENG,74E9,MRN2,,,,40,20254001,2025,W,126417,,,1,,,,,,,,MN1,2328,,,,,,,,126417,Clupea harengus
CA,I5034 ,2,GB-ENG,74E9,MRN2,,,,41,20254102,2025,W,126417,,,1,24,,D,,,,,MN1,2329,,,,,,,,126417,Clupea harengus
CA,I5034 ,2,GB-ENG,74E9,MRN2,,,,41,20254102,2025,W,126417,,,1,25,,D,,,,,MN1,2330,,,,,,,,126417,Clupea harengus
CA,I5034 ,2,GB-ENG,74E9,MRN2,,,,41,20254102,2025,W,126417,,,1,26,,D,,,,,MN1,2331,,,,,,,,126417,Clupea harengus
CA,I5034 ,2,GB-ENG,74E9,MRN2,,,,41,20254102,2025,W,126417,,,1,27,,D,,,,,MN1,2332,,,,,,,,126417,Clupea harengus
CA,I5034 ,2,GB-ENG,74E9,MRN2,,,,41,20254102,2025,W,126417,,,1,28,,D,,,,,MN1,2333,,,,,,,,126417,Clupea harengus
CA,I5034 ,2,GB-ENG,74E9,MRN2,,,,41,20254102,2025,W,126417,,,1,29,,D,,,,,MN1,2334,,,,,,,,126417,Clupea harengus
CA,I5034 ,2,GB-ENG,74E9,MRN2,,,,41,20254102,2025,W,126417,,,1,30,,D,,,,,MN1,2335,,,,,,,,126417,Clupea harengus
CA,I5034 ,2,GB-ENG,74E9,MRN2,,,,41,20254102,2025,W,126417,,,1,31,,D,,,,,MN1,2336,,,,,,,,126417,Clupea harengus
CA,I5034 ,2,GB-ENG,74E9,MRN2,,,,41,20254102,2025,W,126417,,,1,18,,D,,,,,MN1,2337,,,,,,,,126417,Clupea harengus
CA,I5034 ,2,GB-ENG,74E9,MRN2,,,,41,20254102,2025,W,126417,,,1,20,,D,,,,,MN1,2338,,,,,,,,126417,Clupea harengus
CA,I5034 ,2,GB-ENG,74E9,MRN2,,,,41,20254102,2025,W,126417,,,1,22,,D,,,,,MN1,2339,,,,,,,,126417,Clupea harengus
CA,I5034 ,2,GB-ENG,74E9,MRN2,,,,41,20254102,2025,W,126417,,,1,24,,D,,,,,MN1,2340,,,,,,,,126417,Clupea harengus
CA,I5034 ,2,GB-ENG,74E9,MRN2,,,,41,20254102,2025,W,126417,,,1,25,,D,,,,,MN1,2341,,,,,,,,126417,Clupea harengus
CA,I5034 ,2,GB-ENG,74E9,MRN2,,,,41,20254102,2025,W,126417,,,1,27,,D,,,,,MN1,2342,,,,,,,,126417,Clupea harengus
CA,I5034 ,2,GB-ENG,74E9,MRN2,,,,41,20254102,2025,W,126417,,,1,29,,D,,,,,MN1,2343,,,,,,,,126417,Clupea harengus
CA,I5034 ,2,GB-ENG,74E9,MRN2,,,,41,20254102,2025,W,126417,,,1,30,,D,,,,,MN1,2344,,,,,,,,126417,Clupea harengus
CA,I5034 ,2,GB-ENG,74E9,MRN2,,,,41,20254102,2025,W,126417,,,1,32,,D,,,,,MN1,2345,,,,,,,,126417,Clupea harengus
CA,I5034 ,2,GB-ENG,74E9,MRN2,,,,41,20254102,2025,W,126417,,,1,33,,D,,,,,MN1,2346,,,,,,,,126417,Clupea harengus
CA,I5034 ,2,GB-ENG,74E9,MRN2,,,,41,20254102,2025,W,126417,,,1,34,,D,,,,,MN1,2347,,,,,,,,126417,Clupea harengus
CA,I5034 ,2,GB-ENG,74E9,MRN2,,,,41,20254102,2025,W,126417,,,1,,,,,,,,MN1,2348,,,,,,,,126417,Clupea harengus
CA,I5034 ,2,GB-ENG,74E9,MRN2,,,,42,20254203,2025,W,126417,,,1,27,,D,,,,,MN1,2349,,,,,,,,126417,Clupea harengus
CA,I5034 ,2,GB-ENG,74E9,MRN2,,,,42,20254203,2025,W,126417,,,1,29,,D,,,,,MN1,2350,,,,,,,,126417,Clupea harengus
CA,I5034 ,2,GB-ENG,74E9,MRN2,,,,42,20254203,2025,W,126417,,,1,30,,D,,,,,MN1,2351,,,,,,,,126417,Clupea harengus
CA,I5034 ,2,GB-ENG,74E9,MRN2,,,,42,20254203,2025,W,126417,,,1,31,,D,,,,,MN1,2352,,,,,,,,126417,Clupea harengus
CA,I5034 ,2,GB-ENG,74E9,MRN2,,,,42,20254203,2025,W,126417,,,1,19,,D,,,,,MN1,2353,,,,,,,,126417,Clupea harengus
CA,I5034 ,2,GB-ENG,74E9,MRN2,,,,42,20254203,2025,W,126417,,,1,23,,D,,,,,MN1,2354,,,,,,,,126417,Clupea harengus
CA,I5034 ,2,GB-ENG,74E9,MRN2,,,,42,20254203,2025,W,126417,,,1,27,,D,,,,,MN1,2355,,,,,,,,126417,Clupea harengus
CA,I5034 ,2,GB-ENG,74E9,MRN2,,,,42,20254203,2025,W,126417,,,1,28,,D,,,,,MN1,2356,,,,,,,,126417,Clupea harengus
CA,I5034 ,2,GB-ENG,74E9,MRN2,,,,42,20254203,2025,W,126417,,,1,30,,D,,,,,MN1,2357,,,,,,,,126417,Clupea harengus
CA,I5034 ,2,GB-ENG,74E9,MRN2,,,,42,20254203,2025,W,126417,,,1,,,,,,,,MN1,2358,,,,,,,,126417,Clupea harengus
CA,I5034 ,2,GB-ENG,74E9,MRN2,,,,47,20254704,2025,W,126417,,,1,24,,D,,,,,MN1,2359,,,,,,,,126417,Clupea harengus
CA,I5034 ,2,GB-ENG,74E9,MRN2,,,,47,20254704,2025,W,126417,,,1,27,,D,,,,,MN1,2360,,,,,,,,126417,Clupea harengus
CA,I5034 ,2,GB-ENG,74E9,MRN2,,,,48,20254819,2025,W,126417,,,1,16,,D,,,,,MN1,2361,,,,,,,,126417,Clupea harengus
CA,I5034 ,2,GB-ENG,74E9,MRN2,,,,48,20254819,2025,W,126417,,,1,26,,D,,,,,MN1,2362,,,,,,,,126417,Clupea harengus
CA,I5034 ,2,GB-ENG,74E9,MRN2,,,,48,20254819,2025,W,126417,,,1,25,,D,,,,,MN1,2363,,,,,,,,126417,Clupea harengus
CA,I5034 ,2,GB-ENG,74E9,MRN2,,,,48,20254819,2025,W,126417,,,1,28,,D,,,,,MN1,2364,,,,,,,,126417,Clupea harengus
CA,I5034 ,2,GB-ENG,74E9,MRN2,,,,50,20255021,2025,W,126417,,,1,19,,D,,,,,MN1,2365,,,,,,,,126417,Clupea harengus
CA,I5034 ,2,GB-ENG,74E9,MRN2,,,,50,20255021,2025,W,126417,,,1,18,,D,,,,,MN1,2366,,,,,,,,126417,Clupea harengus
CA,I5034 ,2,GB-ENG,74E9,MRN2,,,,50,20255021,2025,W,126417,,,1,22,,D,,,,,MN1,2367,,,,,,,,126417,Clupea harengus
CA,I5034 ,2,GB-ENG,74E9,MRN2,,,,50,20255021,2025,W,126417,,,1,26,,D,,,,,MN1,2368,,,,,,,,126417,Clupea harengus
CA,I5034 ,2,NL,64T2 ,MRN2,,,,721917,2018NL018,2018,W,126417,,,1,,,,,,,,,2369,,,,,,,,126417,Clupea harengus
CA,I5034 ,2,NL,64T2 ,MRN2,,,,721927,2018NL028,2018,W,126417,,,1,,,,,,,,,2370,,,,,,,,126417,Clupea harengus
CA,I5034 ,2,NL,64T2 ,MRN2,,,,748728,2019NL009,2019,W,126417,,,1,,,,,,,,,2371,,,,,,,,126417,Clupea harengus
CA,I5034 ,2,NL,64T2 ,MRN2,,,,748736,2019NL017,2019,W,126417,,,1,,,,,,,,,2372,,,,,,,,126417,Clupea harengus
CA,I5034 ,2,NL,64T2 ,MRN2,,,,748737,2019NL018,2019,W,126417,,,1,,,,,,,,,2373,,,,,,,,126417,Clupea harengus
CA,I5034 ,2,NL,64T2 ,MRN2,,,,748739,2019NL020,2019,W,126417,,,1,,,,,,,,,2374,,,,,,,,126417,Clupea harengus
CA,I5034 ,2,NL,64T2 ,MRN2,,,,748740,2019NL021,2019,W,126417,,,1,,,,,,,,,2375,,,,,,,,126417,Clupea harengus
CA,I5034 ,2,NL,64T2 ,MRN2,,,,748744,2019NL025,2019,W,126417,,,1,,,,,,,,,2376,,,,,,,,126417,Clupea harengus
CA,I5034 ,2,NL,64T2 ,MRN2,,,,748746,2019NL027,2019,W,126417,,,1,,,,,,,,,2377,,,,,,,,126417,Clupea harengus
CA,I5034 ,2,NL,64T2 ,MRN2,,,,748747,2019NL028,2019,W,126417,,,1,,,,,,,,,2378,,,,,,,,126417,Clupea harengus
CA,I5034 ,2,NL,64T2 ,MRN2,,,,748748,2019NL029,2019,W,126417,,,1,,,,,,,,,2379,,,,,,,,126417,Clupea harengus
CA,I5034 ,2,NL,64T2 ,MRN2,,,,748749,2019NL030,2019,W,126417,,,1,,,,,,,,,2380,,,,,,,,126417,Clupea harengus
CA,I5034 ,2,NL,64T2 ,MRN2,,,,748751,2019NL032,2019,W,126417,,,1,,,,,,,,,2381,,,,,,,,126417,Clupea harengus
CA,I5034 ,2,NL,64T2 ,MRN2,,,,748756,2019NL037,2019,W,126417,,,1,,,,,,,,,2382,,,,,,,,126417,Clupea harengus
CA,I5034 ,2,NL,64T2 ,MRN2,,,,748759,2019NL040,2019,W,126417,,,1,,,,,,,,,2383,,,,,,,,126417,Clupea harengus
CA,I5034 ,2,NL,64T2 ,MRN2,,,,748760,2019NL041,2019,W,126417,,,1,,,,,,,,,2384,,,,,,,,126417,Clupea harengus
CA,I5034 ,2,NL,64T2 ,MRN2,,,,748761,2019NL042,2019,W,126417,,,1,,,,,,,,,2385,,,,,,,,126417,Clupea harengus
CA,I5034 ,2,NL,64T2 ,MRN2,,,,748764,2019NL044,2019,W,126417,,,1,,,,,,,,,2386,,,,,,,,126417,Clupea harengus
CA,I5034 ,2,NL,64T2 ,MRN2,,,,748765,2019NL045,2019,W,126417,,,1,,,,,,,,,2387,,,,,,,,126417,Clupea harengus
CA,I5034 ,2,NL,64T2 ,MRN2,,,,748766,2019NL046,2019,W,126417,,,1,,,,,,,,,2388,,,,,,,,126417,Clupea harengus
CA,I5034 ,2,NL,64T2 ,MRN2,,,,748767,2019NL047,2019,W,126417,,,1,,,,,,,,,2389,,,,,,,,126417,Clupea harengus
CA,I5034 ,2,NL,64T2 ,MRN2,,,,748774,2019NL054,2019,W,126417,,,1,,,,,,,,,2390,,,,,,,,126417,Clupea harengus
CA,I5034 ,2,NO,58J1,MRN2,,,,,338,2019,W,126417,,,1,,,,,,,,,2391,,,,,,,,126417,Clupea harengus
CA,I5034 ,2,NO,58J1,MRN2,,,,,339,2019,W,126417,,,1,,,,,,,,,2392,,,,,,,,126417,Clupea harengus
CA,I5034 ,2,NO,58J1,MRN2,,,,,345,2019,W,126417,,,1,,,,,,,,,2393,,,,,,,,126417,Clupea harengus
CA,I5034 ,2,NO,58J1,MRN2,,,,,346,2019,W,126417,,,1,,,,,,,,,2394,,,,,,,,126417,Clupea harengus
CA,I5034 ,2,NO,58J1,MRN2,,,,,347,2019,W,126417,,,1,,,,,,,,,2395,,,,,,,,126417,Clupea harengus
CA,I5034 ,2,NO,58J1,MRN2,,,,,348,2019,W,126417,,,1,,,,,,,,,2396,,,,,,,,126417,Clupea harengus
CA,I5034 ,2,NO,58J1,MRN2,,,,,349,2019,W,126417,,,1,,,,,,,,,2397,,,,,,,,126417,Clupea harengus
CA,I5034 ,2,NO,58J1,MRN2,,,,,350,2019,W,126417,,,1,,,,,,,,,2398,,,,,,,,126417,Clupea harengus
CA,I5034 ,2,NO,58J1,MRN2,,,,,351,2019,W,126417,,,1,,,,,,,,,2399,,,,,,,,126417,Clupea harengus
CA,I5034 ,2,NO,58J1,MRN2,,,,,352,2019,W,126417,,,1,,,,,,,,,2400,,,,,,,,126417,Clupea harengus
CA,I5034 ,2,NO,58J1,MRN2,,,,,353,2019,W,126417,,,1,,,,,,,,,2401,,,,,,,,126417,Clupea harengus
CA,I5034 ,2,NO,58J1,MRN2,,,,,354,2019,W,126417,,,1,,,,,,,,,2402,,,,,,,,126417,Clupea harengus
CA,I5034 ,2,NO,58J1,MRN2,,,,,355,2019,W,126417,,,1,,,,,,,,,2403,,,,,,,,126417,Clupea harengus
CA,I5034 ,2,NL,64T2 ,MRN2 ,,,,10033380,2021NL5400132,2021,W,126417,,,1,,,,,,,,,2404,,,,,,,,126417,Clupea harengus
CA,I5034 ,2,NL,64T2 ,MRN2 ,,,,10033426,2021NL5400142,2021,W,126417,,,1,,,,,,,,,2405,,,,,,,,126417,Clupea harengus
CA,I5034 ,2,NO,58D4,MRN2 ,,,,243,MIK222,2021,W,126417,,,1,,,,,,,,,2406,,,,,,,,126417,Clupea harengus
CA,I5034 ,2,NO,58D4,MRN2 ,,,,245,MIK223,2021,W,126417,,,1,,,,,,,,,2407,,,,,,,,126417,Clupea harengus
CA,I5034 ,2,NO,58D4,MRN2 ,,,,247,MIK227,2021,W,126417,,,1,,,,,,,,,2408,,,,,,,,126417,Clupea harengus
CA,I5034 ,2,NO,58D4,MRN2 ,,,,250,MIK231,2021,W,126417,,,1,,,,,,,,,2409,,,,,,,,126417,Clupea harengus
CA,I5034 ,2,NO,58D4,MRN2 ,,,,253,MIK234,2021,W,126417,,,1,,,,,,,,,2410,,,,,,,,126417,Clupea harengus
CA,I5034 ,2,NO,58D4,MRN2 ,,,,254,MIK238,2021,W,126417,,,1,,,,,,,,,2411,,,,,,,,126417,Clupea harengus
CA,I5034 ,2,NO,58D4,MRN2 ,,,,256,MIK239,2021,W,126417,,,1,,,,,,,,,2412,,,,,,,,126417,Clupea harengus
CA,I5034 ,2,NL,64T2 ,MRN2 ,,,,10057771,2022NL5400170,2022,W,126417,,,1,,,,,,,,,2413,,,,,,,,126417,Clupea harengus
CA,I5034 ,2,NL,64T2 ,MRN2 ,,,,10057774,2022NL5400173,2022,W,126417,,,1,,,,,,,,,2414,,,,,,,,126417,Clupea harengus
CA,I5034 ,2,NL,64T2 ,MRN2 ,,,,10057775,2022NL5400174,2022,W,126417,,,1,,,,,,,,,2415,,,,,,,,126417,Clupea harengus
CA,I5034 ,2,NL,64T2 ,MRN2 ,,,,10057776,2022NL5400175,2022,W,126417,,,1,,,,,,,,,2416,,,,,,,,126417,Clupea harengus
CA,I5034 ,2,NL,64T2 ,MRN2 ,,,,10057779,2022NL5400178,2022,W,126417,,,1,,,,,,,,,2417,,,,,,,,126417,Clupea harengus
CA,I5034 ,2,NL,64T2 ,MRN2 ,,,,10057780,2022NL5400179,2022,W,126417,,,1,,,,,,,,,2418,,,,,,,,126417,Clupea harengus
CA,I5034 ,2,NL,64T2 ,MRN2 ,,,,10057783,2022NL5400182,2022,W,126417,,,1,,,,,,,,,2419,,,,,,,,126417,Clupea harengus
CA,I5034 ,2,NL,64T2 ,MRN2 ,,,,10057784,2022NL5400183,2022,W,126417,,,1,,,,,,,,,2420,,,,,,,,126417,Clupea harengus
CA,I5034 ,2,NL,64T2 ,MRN2 ,,,,10057787,2022NL5400186,2022,W,126417,,,1,,,,,,,,,2421,,,,,,,,126417,Clupea harengus
CA,I5034 ,2,NL,64T2 ,MRN2 ,,,,10057788,2022NL5400187,2022,W,126417,,,1,,,,,,,,,2422,,,,,,,,126417,Clupea harengus
CA,I5034 ,2,NL,64T2 ,MRN2 ,,,,10057790,2022NL5400189,2022,W,126417,,,1,,,,,,,,,2423,,,,,,,,126417,Clupea harengus
CA,I5034 ,2,NL,64T2 ,MRN2 ,,,,10057800,2022NL5400199,2022,W,126417,,,1,,,,,,,,,2424,,,,,,,,126417,Clupea harengus
CA,I5034 ,2,NL,64T2 ,MRN2 ,,,,10057801,2022NL5400200,2022,W,126417,,,1,,,,,,,,,2425,,,,,,,,126417,Clupea harengus
CA,I5034 ,2,NL,64T2 ,MRN2 ,,,,10057802,2022NL5400201,2022,W,126417,,,1,,,,,,,,,2426,,,,,,,,126417,Clupea harengus
CA,I5034 ,2,NL,64T2 ,MRN2 ,,,,10057804,2022NL5400203,2022,W,126417,,,1,,,,,,,,,2427,,,,,,,,126417,Clupea harengus
CA,I5034 ,2,NL,64T2 ,MRN2 ,,,,10057806,2022NL5400205,2022,W,126417,,,1,,,,,,,,,2428,,,,,,,,126417,Clupea harengus
CA,I5034 ,2,NL,64T2 ,MRN2 ,,,,10057810,2022NL5400209,2022,W,126417,,,1,,,,,,,,,2429,,,,,,,,126417,Clupea harengus
CA,I5034 ,2,NL,64T2 ,MRN2 ,,,,10093671,2023NL5400056,2023,W,126417,,,1,,,,,,,,,2430,,,,,,,,126417,Clupea harengus
CA,I5034 ,2,NL,64T2 ,MRN2 ,,,,10093678,2023NL5400063,2023,W,126417,,,1,,,,,,,,,2431,,,,,,,,126417,Clupea harengus
CA,I5034 ,2,NL,64T2 ,MRN2 ,,,,10093679,2023NL5400064,2023,W,126417,,,1,,,,,,,,,2432,,,,,,,,126417,Clupea harengus
CA,I5034 ,2,NL,64T2 ,MRN2 ,,,,10093680,2023NL5400065,2023,W,126417,,,1,,,,,,,,,2433,,,,,,,,126417,Clupea harengus
CA,I5034 ,2,NL,64T2 ,MRN2 ,,,,10093681,2023NL5400066,2023,W,126417,,,1,,,,,,,,,2434,,,,,,,,126417,Clupea harengus
CA,I5034 ,2,NL,64T2 ,MRN2 ,,,,10093684,2023NL5400069,2023,W,126417,,,1,,,,,,,,,2435,,,,,,,,126417,Clupea harengus
CA,I5034 ,2,NL,64T2 ,MRN2 ,,,,10093693,2023NL5400078,2023,W,126417,,,1,,,,,,,,,2436,,,,,,,,126417,Clupea harengus
CA,I5034 ,2,NL,64T2 ,MRN2 ,,,,10093696,2023NL5400081,2023,W,126417,,,1,,,,,,,,,2437,,,,,,,,126417,Clupea harengus
CA,I5034 ,2,NL,64T2 ,MRN2 ,,,,10093704,2023NL5400089,2023,W,126417,,,1,,,,,,,,,2438,,,,,,,,126417,Clupea harengus
CA,I5034 ,2,NL,64T2 ,MRN2 ,,,,10093705,2023NL5400090,2023,W,126417,,,1,,,,,,,,,2439,,,,,,,,126417,Clupea harengus
CA,I5034 ,2,NL,64T2 ,MRN2 ,,,,10093706,2023NL5400091,2023,W,126417,,,1,,,,,,,,,2440,,,,,,,,126417,Clupea harengus
CA,I5034 ,2,NL,64T2 ,MRN2 ,,,,10093709,2023NL5400094,2023,W,126417,,,1,,,,,,,,,2441,,,,,,,,126417,Clupea harengus
CA,I5034 ,2,NL,64T2 ,MRN2 ,,,,10093712,2023NL5400097,2023,W,126417,,,1,,,,,,,,,2442,,,,,,,,126417,Clupea harengus
CA,I5034 ,2,NL,64T2 ,MRN2 ,,,,10093713,2023NL5400098,2023,W,126417,,,1,,,,,,,,,2443,,,,,,,,126417,Clupea harengus
CA,I5034 ,2,NL,64T2 ,MRN2 ,,,,10093723,2023NL5400108,2023,W,126417,,,1,,,,,,,,,2444,,,,,,,,126417,Clupea harengus
CA,I5034 ,2,NO,58J1,MRN2,,,,598,2023NO_598,2023,W,126417,,,1,,,,,,,,,2445,,,,,,,,126417,Clupea harengus
CA,I5034 ,2,NO,58J1,MRN2,,,,596,2023NO_596,2023,W,126417,,,1,,,,,,,,,2446,,,,,,,,126417,Clupea harengus
CA,I5034 ,2,NO,58J1,MRN2,,,,594,2023NO_594,2023,W,126417,,,1,,,,,,,,,2447,,,,,,,,126417,Clupea harengus
CA,I5034 ,2,NO,58J1,MRN2,,,,605,2023NO_605,2023,W,126417,,,1,,,,,,,,,2448,,,,,,,,126417,Clupea harengus
CA,I5034 ,2,NO,58J1,MRN2,,,,603,2023NO_603,2023,W,126417,,,1,,,,,,,,,2449,,,,,,,,126417,Clupea harengus
CA,I5034 ,2,NO,58J1,MRN2,,,,602,2023NO_602,2023,W,126417,,,1,,,,,,,,,2450,,,,,,,,126417,Clupea harengus
CA,I5034 ,2,NO,58J1,MRN2,,,,593,2023NO_593,2023,W,126417,,,1,,,,,,,,,2451,,,,,,,,126417,Clupea harengus
CA,I5034 ,2,NO,58J1,MRN2,,,,592,2023NO_592,2023,W,126417,,,1,,,,,,,,,2452,,,,,,,,126417,Clupea harengus
CA,I5034 ,2,NO,58J1,MRN2,,,,590,2023NO_590,2023,W,126417,,,1,,,,,,,,,2453,,,,,,,,126417,Clupea harengus
CA,I5034 ,2,NL ,64T2 ,MRN2 ,,,,10117869,2024NL5400049,2024,W,126417,,,1,,,,,,,,,2454,,,,,,,,126417,Clupea harengus
CA,I5034 ,2,NL ,64T2 ,MRN2 ,,,,10117884,2024NL5400064,2024,W,126417,,,1,,,,,,,,,2456,,,,,,,,126417,Clupea harengus
CA,I5034 ,2,NL ,64T2 ,MRN2 ,,,,10117887,2024NL5400067,2024,W,126417,,,1,,,,,,,,,2457,,,,,,,,126417,Clupea harengus
CA,I5034 ,2,NL ,64T2 ,MRN2 ,,,,10117888,2024NL5400068,2024,W,126417,,,1,,,,,,,,,2458,,,,,,,,126417,Clupea harengus
CA,I5034 ,2,NL ,64T2 ,MRN2 ,,,,10117889,2024NL5400069,2024,W,126417,,,1,,,,,,,,,2459,,,,,,,,126417,Clupea harengus
CA,I5034 ,2,NL ,64T2 ,MRN2 ,,,,10117890,2024NL5400070,2024,W,126417,,,1,,,,,,,,,2460,,,,,,,,126417,Clupea harengus
CA,I5034 ,2,NL ,64T2 ,MRN2 ,,,,10117895,2024NL5400075,2024,W,126417,,,1,,,,,,,,,2461,,,,,,,,126417,Clupea harengus
CA,I5034 ,2,NL ,64T2 ,MRN2 ,,,,10117898,2024NL5400082,2024,W,126417,,,1,,,,,,,,,2462,,,,,,,,126417,Clupea harengus
CA,I5034 ,2,NL ,64T2 ,MRN2 ,,,,10117907,2024NL5400091,2024,W,126417,,,1,,,,,,,,,2463,,,,,,,,126417,Clupea harengus
CA,I5034 ,2,NL ,64T2 ,MRN2 ,,,,10117909,2024NL5400093,2024,W,126417,,,1,,,,,,,,,2464,,,,,,,,126417,Clupea harengus
CA,I5034 ,2,NL ,64T2 ,MRN2 ,,,,10117911,2024NL5400095,2024,W,126417,,,1,,,,,,,,,2465,,,,,,,,126417,Clupea harengus
CA,I5034 ,2,NL ,64T2 ,MRN2 ,,,,10117913,2024NL5400097,2024,W,126417,,,1,,,,,,,,,2466,,,,,,,,126417,Clupea harengus
CA,I5034 ,2,NL ,64T2 ,MRN2 ,,,,10117916,2024NL5400100,2024,W,126417,,,1,,,,,,,,,2467,,,,,,,,126417,Clupea harengus
CA,I5034 ,2,NL ,64T2 ,MRN2 ,,,,10117917,2024NL5400101,2024,W,126417,,,1,,,,,,,,,2468,,,,,,,,126417,Clupea harengus
CA,I5034 ,2,NL ,64T2 ,MRN2 ,,,,10155151,2025NL5400032,2025,W,126417,,,1,,,,,,,,,2469,,,,,,,,126417,Clupea harengus
CA,I5034 ,2,NL ,64T2 ,MRN2 ,,,,10155117,2025NL5400054,2025,W,126417,,,1,,,,,,,,,2470,,,,,,,,126417,Clupea harengus
CA,I5034 ,2,NL ,64T2 ,MRN2 ,,,,10155113,2025NL5400062,2025,W,126417,,,1,,,,,,,,,2471,,,,,,,,126417,Clupea harengus
CA,I5034 ,2,NL ,64T2 ,MRN2 ,,,,10155144,2025NL5400063,2025,W,126417,,,1,,,,,,,,,2472,,,,,,,,126417,Clupea harengus
CA,I5034 ,2,NL ,64T2 ,MRN2 ,,,,10155120,2025NL5400064,2025,W,126417,,,1,,,,,,,,,2473,,,,,,,,126417,Clupea harengus
CA,I5034 ,2,NL ,64T2 ,MRN2 ,,,,10155139,2025NL5400065,2025,W,126417,,,1,,,,,,,,,2474,,,,,,,,126417,Clupea harengus
CA,I5034 ,2,NL ,64T2 ,MRN2 ,,,,10155146,2025NL5400067,2025,W,126417,,,1,,,,,,,,,2475,,,,,,,,126417,Clupea harengus
CA,I5034 ,2,NL ,64T2 ,MRN2 ,,,,10155105,2025NL5400071,2025,W,126417,,,1,,,,,,,,,2476,,,,,,,,126417,Clupea harengus
CA,I5034 ,2,NL ,64T2 ,MRN2 ,,,,10155152,2025NL5400072,2025,W,126417,,,1,,,,,,,,,2477,,,,,,,,126417,Clupea harengus
CA,I5034 ,2,NL ,64T2 ,MRN2 ,,,,10155107,2025NL5400073,2025,W,126417,,,1,,,,,,,,,2478,,,,,,,,126417,Clupea harengus
CA,I5034 ,2,NL ,64T2 ,MRN2 ,,,,10155103,2025NL5400075,2025,W,126417,,,1,,,,,,,,,2479,,,,,,,,126417,Clupea harengus
CA,I5034 ,2,NL ,64T2 ,MRN2 ,,,,10155121,2025NL5400077,2025,W,126417,,,1,,,,,,,,,2480,,,,,,,,126417,Clupea harengus
CA,I5034 ,2,NL ,64T2 ,MRN2 ,,,,10155132,2025NL5400078,2025,W,126417,,,1,,,,,,,,,2481,,,,,,,,126417,Clupea harengus
CA,I5034 ,2,NL ,64T2 ,MRN2 ,,,,10155119,2025NL5400080,2025,W,126417,,,1,,,,,,,,,2482,,,,,,,,126417,Clupea harengus
CA,I5034 ,2,NL ,64T2 ,MRN2 ,,,,10155129,2025NL5400081,2025,W,126417,,,1,,,,,,,,,2483,,,,,,,,126417,Clupea harengus
CA,I5034 ,2,NL ,64T2 ,MRN2 ,,,,10155889,2025NL5400082,2025,W,126417,,,1,,,,,,,,,2484,,,,,,,,126417,Clupea harengus
CA,I5034 ,2,GB-ENG,74E9,MRN2,,,,39,20253914,2025,W,126417,,,1,,,,,,,,,2485,,,,,,,,126417,Clupea harengus
CA,I5034 ,2,GB-ENG,74E9,MRN2,,,,49,20254920,2025,W,126417,,,1,,,,,,,,,2486,,,,,,,,126417,Clupea harengus
